CGRA start gemm mini!
NI: 20!
NJ: 25!
NK: 30!

start cpu kernel


//========================

Init I: 0
C[0, 0]:3d4ccccd->3d75c290,C[0, 1]:3d4ccccd->3d75c290,C[0, 2]:3d4ccccd->3d75c290,C[0, 3]:3d4ccccd->3d75c290,C[0, 4]:3d4ccccd->3d75c290,C[0, 5]:3d4ccccd->3d75c290,C[0, 6]:3d4ccccd->3d75c290,C[0, 7]:3d4ccccd->3d75c290,C[0, 8]:3d4ccccd->3d75c290,C[0, 9]:3d4ccccd->3d75c290,C[0, 10]:3d4ccccd->3d75c290,C[0, 11]:3d4ccccd->3d75c290,C[0, 12]:3d4ccccd->3d75c290,C[0, 13]:3d4ccccd->3d75c290,C[0, 14]:3d4ccccd->3d75c290,C[0, 15]:3d4ccccd->3d75c290,C[0, 16]:3d4ccccd->3d75c290,C[0, 17]:3d4ccccd->3d75c290,C[0, 18]:3d4ccccd->3d75c290,C[0, 19]:3d4ccccd->3d75c290,C[0, 20]:3d4ccccd->3d75c290,C[0, 21]:3d4ccccd->3d75c290,C[0, 22]:3d4ccccd->3d75c290,C[0, 23]:3d4ccccd->3d75c290,C[0, 24]:3d4ccccd->3d75c290,
Start computing: 0
A[0, 0]:0,B[0, 0]:0,C[0, 0]:3d75c290
A[0, 1]:0,B[0, 0]:3da3d70a,C[0, 0]:3d75c290
A[0, 2]:0,B[0, 0]:3e23d70a,C[0, 0]:3d75c290
A[0, 3]:0,B[0, 0]:3e75c28f,C[0, 0]:3d75c290
A[0, 4]:0,B[0, 0]:3ea3d70a,C[0, 0]:3d75c290
A[0, 5]:0,B[0, 0]:3ecccccc,C[0, 0]:3d75c290
A[0, 6]:0,B[0, 0]:3ef5c28f,C[0, 0]:3d75c290
A[0, 7]:0,B[0, 0]:3f0f5c29,C[0, 0]:3d75c290
A[0, 8]:0,B[0, 0]:3f23d70a,C[0, 0]:3d75c290
A[0, 9]:0,B[0, 0]:3f3851eb,C[0, 0]:3d75c290
A[0, 10]:0,B[0, 0]:3f4ccccc,C[0, 0]:3d75c290
A[0, 11]:0,B[0, 0]:3f6147ae,C[0, 0]:3d75c290
A[0, 12]:0,B[0, 0]:3f75c28f,C[0, 0]:3d75c290
A[0, 13]:0,B[0, 0]:3d23d70a,C[0, 0]:3d75c290
A[0, 14]:0,B[0, 0]:3df5c28f,C[0, 0]:3d75c290
A[0, 15]:0,B[0, 0]:3e4ccccc,C[0, 0]:3d75c290
A[0, 16]:0,B[0, 0]:3e8f5c29,C[0, 0]:3d75c290
A[0, 17]:0,B[0, 0]:3eb851eb,C[0, 0]:3d75c290
A[0, 18]:0,B[0, 0]:3ee147ae,C[0, 0]:3d75c290
A[0, 19]:0,B[0, 0]:3f051eb8,C[0, 0]:3d75c290
A[0, 20]:0,B[0, 0]:3f199999,C[0, 0]:3d75c290
A[0, 21]:0,B[0, 0]:3f2e147b,C[0, 0]:3d75c290
A[0, 22]:0,B[0, 0]:3f428f5c,C[0, 0]:3d75c290
A[0, 23]:0,B[0, 0]:3f570a3d,C[0, 0]:3d75c290
A[0, 24]:0,B[0, 0]:3f6b851e,C[0, 0]:3d75c290
A[0, 25]:0,B[0, 0]:0,C[0, 0]:3d75c290
A[0, 26]:0,B[0, 0]:3da3d70a,C[0, 0]:3d75c290
A[0, 27]:0,B[0, 0]:3e23d70a,C[0, 0]:3d75c290
A[0, 28]:0,B[0, 0]:3e75c28f,C[0, 0]:3d75c290
A[0, 29]:0,B[0, 0]:3ea3d70a,C[0, 0]:3d75c290
A[0, 0]:0,B[0, 1]:0,C[0, 1]:3d75c290
A[0, 1]:0,B[0, 1]:3df5c28f,C[0, 1]:3d75c290
A[0, 2]:0,B[0, 1]:3e75c28f,C[0, 1]:3d75c290
A[0, 3]:0,B[0, 1]:3eb851eb,C[0, 1]:3d75c290
A[0, 4]:0,B[0, 1]:3ef5c28f,C[0, 1]:3d75c290
A[0, 5]:0,B[0, 1]:3f199999,C[0, 1]:3d75c290
A[0, 6]:0,B[0, 1]:3f3851eb,C[0, 1]:3d75c290
A[0, 7]:0,B[0, 1]:3f570a3d,C[0, 1]:3d75c290
A[0, 8]:0,B[0, 1]:3f75c28f,C[0, 1]:3d75c290
A[0, 9]:0,B[0, 1]:3da3d70a,C[0, 1]:3d75c290
A[0, 10]:0,B[0, 1]:3e4ccccc,C[0, 1]:3d75c290
A[0, 11]:0,B[0, 1]:3ea3d70a,C[0, 1]:3d75c290
A[0, 12]:0,B[0, 1]:3ee147ae,C[0, 1]:3d75c290
A[0, 13]:0,B[0, 1]:3f0f5c29,C[0, 1]:3d75c290
A[0, 14]:0,B[0, 1]:3f2e147b,C[0, 1]:3d75c290
A[0, 15]:0,B[0, 1]:3f4ccccc,C[0, 1]:3d75c290
A[0, 16]:0,B[0, 1]:3f6b851e,C[0, 1]:3d75c290
A[0, 17]:0,B[0, 1]:3d23d70a,C[0, 1]:3d75c290
A[0, 18]:0,B[0, 1]:3e23d70a,C[0, 1]:3d75c290
A[0, 19]:0,B[0, 1]:3e8f5c29,C[0, 1]:3d75c290
A[0, 20]:0,B[0, 1]:3ecccccc,C[0, 1]:3d75c290
A[0, 21]:0,B[0, 1]:3f051eb8,C[0, 1]:3d75c290
A[0, 22]:0,B[0, 1]:3f23d70a,C[0, 1]:3d75c290
A[0, 23]:0,B[0, 1]:3f428f5c,C[0, 1]:3d75c290
A[0, 24]:0,B[0, 1]:3f6147ae,C[0, 1]:3d75c290
A[0, 25]:0,B[0, 1]:0,C[0, 1]:3d75c290
A[0, 26]:0,B[0, 1]:3df5c28f,C[0, 1]:3d75c290
A[0, 27]:0,B[0, 1]:3e75c28f,C[0, 1]:3d75c290
A[0, 28]:0,B[0, 1]:3eb851eb,C[0, 1]:3d75c290
A[0, 29]:0,B[0, 1]:3ef5c28f,C[0, 1]:3d75c290
A[0, 0]:0,B[0, 2]:0,C[0, 2]:3d75c290
A[0, 1]:0,B[0, 2]:3e23d70a,C[0, 2]:3d75c290
A[0, 2]:0,B[0, 2]:3ea3d70a,C[0, 2]:3d75c290
A[0, 3]:0,B[0, 2]:3ef5c28f,C[0, 2]:3d75c290
A[0, 4]:0,B[0, 2]:3f23d70a,C[0, 2]:3d75c290
A[0, 5]:0,B[0, 2]:3f4ccccc,C[0, 2]:3d75c290
A[0, 6]:0,B[0, 2]:3f75c28f,C[0, 2]:3d75c290
A[0, 7]:0,B[0, 2]:3df5c28f,C[0, 2]:3d75c290
A[0, 8]:0,B[0, 2]:3e8f5c29,C[0, 2]:3d75c290
A[0, 9]:0,B[0, 2]:3ee147ae,C[0, 2]:3d75c290
A[0, 10]:0,B[0, 2]:3f199999,C[0, 2]:3d75c290
A[0, 11]:0,B[0, 2]:3f428f5c,C[0, 2]:3d75c290
A[0, 12]:0,B[0, 2]:3f6b851e,C[0, 2]:3d75c290
A[0, 13]:0,B[0, 2]:3da3d70a,C[0, 2]:3d75c290
A[0, 14]:0,B[0, 2]:3e75c28f,C[0, 2]:3d75c290
A[0, 15]:0,B[0, 2]:3ecccccc,C[0, 2]:3d75c290
A[0, 16]:0,B[0, 2]:3f0f5c29,C[0, 2]:3d75c290
A[0, 17]:0,B[0, 2]:3f3851eb,C[0, 2]:3d75c290
A[0, 18]:0,B[0, 2]:3f6147ae,C[0, 2]:3d75c290
A[0, 19]:0,B[0, 2]:3d23d70a,C[0, 2]:3d75c290
A[0, 20]:0,B[0, 2]:3e4ccccc,C[0, 2]:3d75c290
A[0, 21]:0,B[0, 2]:3eb851eb,C[0, 2]:3d75c290
A[0, 22]:0,B[0, 2]:3f051eb8,C[0, 2]:3d75c290
A[0, 23]:0,B[0, 2]:3f2e147b,C[0, 2]:3d75c290
A[0, 24]:0,B[0, 2]:3f570a3d,C[0, 2]:3d75c290
A[0, 25]:0,B[0, 2]:0,C[0, 2]:3d75c290
A[0, 26]:0,B[0, 2]:3e23d70a,C[0, 2]:3d75c290
A[0, 27]:0,B[0, 2]:3ea3d70a,C[0, 2]:3d75c290
A[0, 28]:0,B[0, 2]:3ef5c28f,C[0, 2]:3d75c290
A[0, 29]:0,B[0, 2]:3f23d70a,C[0, 2]:3d75c290
A[0, 0]:0,B[0, 3]:0,C[0, 3]:3d75c290
A[0, 1]:0,B[0, 3]:3e4ccccc,C[0, 3]:3d75c290
A[0, 2]:0,B[0, 3]:3ecccccc,C[0, 3]:3d75c290
A[0, 3]:0,B[0, 3]:3f199999,C[0, 3]:3d75c290
A[0, 4]:0,B[0, 3]:3f4ccccc,C[0, 3]:3d75c290
A[0, 5]:0,B[0, 3]:0,C[0, 3]:3d75c290
A[0, 6]:0,B[0, 3]:3e4ccccc,C[0, 3]:3d75c290
A[0, 7]:0,B[0, 3]:3ecccccc,C[0, 3]:3d75c290
A[0, 8]:0,B[0, 3]:3f199999,C[0, 3]:3d75c290
A[0, 9]:0,B[0, 3]:3f4ccccc,C[0, 3]:3d75c290
A[0, 10]:0,B[0, 3]:0,C[0, 3]:3d75c290
A[0, 11]:0,B[0, 3]:3e4ccccc,C[0, 3]:3d75c290
A[0, 12]:0,B[0, 3]:3ecccccc,C[0, 3]:3d75c290
A[0, 13]:0,B[0, 3]:3f199999,C[0, 3]:3d75c290
A[0, 14]:0,B[0, 3]:3f4ccccc,C[0, 3]:3d75c290
A[0, 15]:0,B[0, 3]:0,C[0, 3]:3d75c290
A[0, 16]:0,B[0, 3]:3e4ccccc,C[0, 3]:3d75c290
A[0, 17]:0,B[0, 3]:3ecccccc,C[0, 3]:3d75c290
A[0, 18]:0,B[0, 3]:3f199999,C[0, 3]:3d75c290
A[0, 19]:0,B[0, 3]:3f4ccccc,C[0, 3]:3d75c290
A[0, 20]:0,B[0, 3]:0,C[0, 3]:3d75c290
A[0, 21]:0,B[0, 3]:3e4ccccc,C[0, 3]:3d75c290
A[0, 22]:0,B[0, 3]:3ecccccc,C[0, 3]:3d75c290
A[0, 23]:0,B[0, 3]:3f199999,C[0, 3]:3d75c290
A[0, 24]:0,B[0, 3]:3f4ccccc,C[0, 3]:3d75c290
A[0, 25]:0,B[0, 3]:0,C[0, 3]:3d75c290
A[0, 26]:0,B[0, 3]:3e4ccccc,C[0, 3]:3d75c290
A[0, 27]:0,B[0, 3]:3ecccccc,C[0, 3]:3d75c290
A[0, 28]:0,B[0, 3]:3f199999,C[0, 3]:3d75c290
A[0, 29]:0,B[0, 3]:3f4ccccc,C[0, 3]:3d75c290
A[0, 0]:0,B[0, 4]:0,C[0, 4]:3d75c290
A[0, 1]:0,B[0, 4]:3e75c28f,C[0, 4]:3d75c290
A[0, 2]:0,B[0, 4]:3ef5c28f,C[0, 4]:3d75c290
A[0, 3]:0,B[0, 4]:3f3851eb,C[0, 4]:3d75c290
A[0, 4]:0,B[0, 4]:3f75c28f,C[0, 4]:3d75c290
A[0, 5]:0,B[0, 4]:3e4ccccc,C[0, 4]:3d75c290
A[0, 6]:0,B[0, 4]:3ee147ae,C[0, 4]:3d75c290
A[0, 7]:0,B[0, 4]:3f2e147b,C[0, 4]:3d75c290
A[0, 8]:0,B[0, 4]:3f6b851e,C[0, 4]:3d75c290
A[0, 9]:0,B[0, 4]:3e23d70a,C[0, 4]:3d75c290
A[0, 10]:0,B[0, 4]:3ecccccc,C[0, 4]:3d75c290
A[0, 11]:0,B[0, 4]:3f23d70a,C[0, 4]:3d75c290
A[0, 12]:0,B[0, 4]:3f6147ae,C[0, 4]:3d75c290
A[0, 13]:0,B[0, 4]:3df5c28f,C[0, 4]:3d75c290
A[0, 14]:0,B[0, 4]:3eb851eb,C[0, 4]:3d75c290
A[0, 15]:0,B[0, 4]:3f199999,C[0, 4]:3d75c290
A[0, 16]:0,B[0, 4]:3f570a3d,C[0, 4]:3d75c290
A[0, 17]:0,B[0, 4]:3da3d70a,C[0, 4]:3d75c290
A[0, 18]:0,B[0, 4]:3ea3d70a,C[0, 4]:3d75c290
A[0, 19]:0,B[0, 4]:3f0f5c29,C[0, 4]:3d75c290
A[0, 20]:0,B[0, 4]:3f4ccccc,C[0, 4]:3d75c290
A[0, 21]:0,B[0, 4]:3d23d70a,C[0, 4]:3d75c290
A[0, 22]:0,B[0, 4]:3e8f5c29,C[0, 4]:3d75c290
A[0, 23]:0,B[0, 4]:3f051eb8,C[0, 4]:3d75c290
A[0, 24]:0,B[0, 4]:3f428f5c,C[0, 4]:3d75c290
A[0, 25]:0,B[0, 4]:0,C[0, 4]:3d75c290
A[0, 26]:0,B[0, 4]:3e75c28f,C[0, 4]:3d75c290
A[0, 27]:0,B[0, 4]:3ef5c28f,C[0, 4]:3d75c290
A[0, 28]:0,B[0, 4]:3f3851eb,C[0, 4]:3d75c290
A[0, 29]:0,B[0, 4]:3f75c28f,C[0, 4]:3d75c290
A[0, 0]:0,B[0, 5]:0,C[0, 5]:3d75c290
A[0, 1]:0,B[0, 5]:3e8f5c29,C[0, 5]:3d75c290
A[0, 2]:0,B[0, 5]:3f0f5c29,C[0, 5]:3d75c290
A[0, 3]:0,B[0, 5]:3f570a3d,C[0, 5]:3d75c290
A[0, 4]:0,B[0, 5]:3df5c28f,C[0, 5]:3d75c290
A[0, 5]:0,B[0, 5]:3ecccccc,C[0, 5]:3d75c290
A[0, 6]:0,B[0, 5]:3f2e147b,C[0, 5]:3d75c290
A[0, 7]:0,B[0, 5]:3f75c28f,C[0, 5]:3d75c290
A[0, 8]:0,B[0, 5]:3e75c28f,C[0, 5]:3d75c290
A[0, 9]:0,B[0, 5]:3f051eb8,C[0, 5]:3d75c290
A[0, 10]:0,B[0, 5]:3f4ccccc,C[0, 5]:3d75c290
A[0, 11]:0,B[0, 5]:3da3d70a,C[0, 5]:3d75c290
A[0, 12]:0,B[0, 5]:3eb851eb,C[0, 5]:3d75c290
A[0, 13]:0,B[0, 5]:3f23d70a,C[0, 5]:3d75c290
A[0, 14]:0,B[0, 5]:3f6b851e,C[0, 5]:3d75c290
A[0, 15]:0,B[0, 5]:3e4ccccc,C[0, 5]:3d75c290
A[0, 16]:0,B[0, 5]:3ef5c28f,C[0, 5]:3d75c290
A[0, 17]:0,B[0, 5]:3f428f5c,C[0, 5]:3d75c290
A[0, 18]:0,B[0, 5]:3d23d70a,C[0, 5]:3d75c290
A[0, 19]:0,B[0, 5]:3ea3d70a,C[0, 5]:3d75c290
A[0, 20]:0,B[0, 5]:3f199999,C[0, 5]:3d75c290
A[0, 21]:0,B[0, 5]:3f6147ae,C[0, 5]:3d75c290
A[0, 22]:0,B[0, 5]:3e23d70a,C[0, 5]:3d75c290
A[0, 23]:0,B[0, 5]:3ee147ae,C[0, 5]:3d75c290
A[0, 24]:0,B[0, 5]:3f3851eb,C[0, 5]:3d75c290
A[0, 25]:0,B[0, 5]:0,C[0, 5]:3d75c290
A[0, 26]:0,B[0, 5]:3e8f5c29,C[0, 5]:3d75c290
A[0, 27]:0,B[0, 5]:3f0f5c29,C[0, 5]:3d75c290
A[0, 28]:0,B[0, 5]:3f570a3d,C[0, 5]:3d75c290
A[0, 29]:0,B[0, 5]:3df5c28f,C[0, 5]:3d75c290
A[0, 0]:0,B[0, 6]:0,C[0, 6]:3d75c290
A[0, 1]:0,B[0, 6]:3ea3d70a,C[0, 6]:3d75c290
A[0, 2]:0,B[0, 6]:3f23d70a,C[0, 6]:3d75c290
A[0, 3]:0,B[0, 6]:3f75c28f,C[0, 6]:3d75c290
A[0, 4]:0,B[0, 6]:3e8f5c29,C[0, 6]:3d75c290
A[0, 5]:0,B[0, 6]:3f199999,C[0, 6]:3d75c290
A[0, 6]:0,B[0, 6]:3f6b851e,C[0, 6]:3d75c290
A[0, 7]:0,B[0, 6]:3e75c28f,C[0, 6]:3d75c290
A[0, 8]:0,B[0, 6]:3f0f5c29,C[0, 6]:3d75c290
A[0, 9]:0,B[0, 6]:3f6147ae,C[0, 6]:3d75c290
A[0, 10]:0,B[0, 6]:3e4ccccc,C[0, 6]:3d75c290
A[0, 11]:0,B[0, 6]:3f051eb8,C[0, 6]:3d75c290
A[0, 12]:0,B[0, 6]:3f570a3d,C[0, 6]:3d75c290
A[0, 13]:0,B[0, 6]:3e23d70a,C[0, 6]:3d75c290
A[0, 14]:0,B[0, 6]:3ef5c28f,C[0, 6]:3d75c290
A[0, 15]:0,B[0, 6]:3f4ccccc,C[0, 6]:3d75c290
A[0, 16]:0,B[0, 6]:3df5c28f,C[0, 6]:3d75c290
A[0, 17]:0,B[0, 6]:3ee147ae,C[0, 6]:3d75c290
A[0, 18]:0,B[0, 6]:3f428f5c,C[0, 6]:3d75c290
A[0, 19]:0,B[0, 6]:3da3d70a,C[0, 6]:3d75c290
A[0, 20]:0,B[0, 6]:3ecccccc,C[0, 6]:3d75c290
A[0, 21]:0,B[0, 6]:3f3851eb,C[0, 6]:3d75c290
A[0, 22]:0,B[0, 6]:3d23d70a,C[0, 6]:3d75c290
A[0, 23]:0,B[0, 6]:3eb851eb,C[0, 6]:3d75c290
A[0, 24]:0,B[0, 6]:3f2e147b,C[0, 6]:3d75c290
A[0, 25]:0,B[0, 6]:0,C[0, 6]:3d75c290
A[0, 26]:0,B[0, 6]:3ea3d70a,C[0, 6]:3d75c290
A[0, 27]:0,B[0, 6]:3f23d70a,C[0, 6]:3d75c290
A[0, 28]:0,B[0, 6]:3f75c28f,C[0, 6]:3d75c290
A[0, 29]:0,B[0, 6]:3e8f5c29,C[0, 6]:3d75c290
A[0, 0]:0,B[0, 7]:0,C[0, 7]:3d75c290
A[0, 1]:0,B[0, 7]:3eb851eb,C[0, 7]:3d75c290
A[0, 2]:0,B[0, 7]:3f3851eb,C[0, 7]:3d75c290
A[0, 3]:0,B[0, 7]:3da3d70a,C[0, 7]:3d75c290
A[0, 4]:0,B[0, 7]:3ee147ae,C[0, 7]:3d75c290
A[0, 5]:0,B[0, 7]:3f4ccccc,C[0, 7]:3d75c290
A[0, 6]:0,B[0, 7]:3e23d70a,C[0, 7]:3d75c290
A[0, 7]:0,B[0, 7]:3f051eb8,C[0, 7]:3d75c290
A[0, 8]:0,B[0, 7]:3f6147ae,C[0, 7]:3d75c290
A[0, 9]:0,B[0, 7]:3e75c28f,C[0, 7]:3d75c290
A[0, 10]:0,B[0, 7]:3f199999,C[0, 7]:3d75c290
A[0, 11]:0,B[0, 7]:3f75c28f,C[0, 7]:3d75c290
A[0, 12]:0,B[0, 7]:3ea3d70a,C[0, 7]:3d75c290
A[0, 13]:0,B[0, 7]:3f2e147b,C[0, 7]:3d75c290
A[0, 14]:0,B[0, 7]:3d23d70a,C[0, 7]:3d75c290
A[0, 15]:0,B[0, 7]:3ecccccc,C[0, 7]:3d75c290
A[0, 16]:0,B[0, 7]:3f428f5c,C[0, 7]:3d75c290
A[0, 17]:0,B[0, 7]:3df5c28f,C[0, 7]:3d75c290
A[0, 18]:0,B[0, 7]:3ef5c28f,C[0, 7]:3d75c290
A[0, 19]:0,B[0, 7]:3f570a3d,C[0, 7]:3d75c290
A[0, 20]:0,B[0, 7]:3e4ccccc,C[0, 7]:3d75c290
A[0, 21]:0,B[0, 7]:3f0f5c29,C[0, 7]:3d75c290
A[0, 22]:0,B[0, 7]:3f6b851e,C[0, 7]:3d75c290
A[0, 23]:0,B[0, 7]:3e8f5c29,C[0, 7]:3d75c290
A[0, 24]:0,B[0, 7]:3f23d70a,C[0, 7]:3d75c290
A[0, 25]:0,B[0, 7]:0,C[0, 7]:3d75c290
A[0, 26]:0,B[0, 7]:3eb851eb,C[0, 7]:3d75c290
A[0, 27]:0,B[0, 7]:3f3851eb,C[0, 7]:3d75c290
A[0, 28]:0,B[0, 7]:3da3d70a,C[0, 7]:3d75c290
A[0, 29]:0,B[0, 7]:3ee147ae,C[0, 7]:3d75c290
A[0, 0]:0,B[0, 8]:0,C[0, 8]:3d75c290
A[0, 1]:0,B[0, 8]:3ecccccc,C[0, 8]:3d75c290
A[0, 2]:0,B[0, 8]:3f4ccccc,C[0, 8]:3d75c290
A[0, 3]:0,B[0, 8]:3e4ccccc,C[0, 8]:3d75c290
A[0, 4]:0,B[0, 8]:3f199999,C[0, 8]:3d75c290
A[0, 5]:0,B[0, 8]:0,C[0, 8]:3d75c290
A[0, 6]:0,B[0, 8]:3ecccccc,C[0, 8]:3d75c290
A[0, 7]:0,B[0, 8]:3f4ccccc,C[0, 8]:3d75c290
A[0, 8]:0,B[0, 8]:3e4ccccc,C[0, 8]:3d75c290
A[0, 9]:0,B[0, 8]:3f199999,C[0, 8]:3d75c290
A[0, 10]:0,B[0, 8]:0,C[0, 8]:3d75c290
A[0, 11]:0,B[0, 8]:3ecccccc,C[0, 8]:3d75c290
A[0, 12]:0,B[0, 8]:3f4ccccc,C[0, 8]:3d75c290
A[0, 13]:0,B[0, 8]:3e4ccccc,C[0, 8]:3d75c290
A[0, 14]:0,B[0, 8]:3f199999,C[0, 8]:3d75c290
A[0, 15]:0,B[0, 8]:0,C[0, 8]:3d75c290
A[0, 16]:0,B[0, 8]:3ecccccc,C[0, 8]:3d75c290
A[0, 17]:0,B[0, 8]:3f4ccccc,C[0, 8]:3d75c290
A[0, 18]:0,B[0, 8]:3e4ccccc,C[0, 8]:3d75c290
A[0, 19]:0,B[0, 8]:3f199999,C[0, 8]:3d75c290
A[0, 20]:0,B[0, 8]:0,C[0, 8]:3d75c290
A[0, 21]:0,B[0, 8]:3ecccccc,C[0, 8]:3d75c290
A[0, 22]:0,B[0, 8]:3f4ccccc,C[0, 8]:3d75c290
A[0, 23]:0,B[0, 8]:3e4ccccc,C[0, 8]:3d75c290
A[0, 24]:0,B[0, 8]:3f199999,C[0, 8]:3d75c290
A[0, 25]:0,B[0, 8]:0,C[0, 8]:3d75c290
A[0, 26]:0,B[0, 8]:3ecccccc,C[0, 8]:3d75c290
A[0, 27]:0,B[0, 8]:3f4ccccc,C[0, 8]:3d75c290
A[0, 28]:0,B[0, 8]:3e4ccccc,C[0, 8]:3d75c290
A[0, 29]:0,B[0, 8]:3f199999,C[0, 8]:3d75c290
A[0, 0]:0,B[0, 9]:0,C[0, 9]:3d75c290
A[0, 1]:0,B[0, 9]:3ee147ae,C[0, 9]:3d75c290
A[0, 2]:0,B[0, 9]:3f6147ae,C[0, 9]:3d75c290
A[0, 3]:0,B[0, 9]:3ea3d70a,C[0, 9]:3d75c290
A[0, 4]:0,B[0, 9]:3f428f5c,C[0, 9]:3d75c290
A[0, 5]:0,B[0, 9]:3e4ccccc,C[0, 9]:3d75c290
A[0, 6]:0,B[0, 9]:3f23d70a,C[0, 9]:3d75c290
A[0, 7]:0,B[0, 9]:3da3d70a,C[0, 9]:3d75c290
A[0, 8]:0,B[0, 9]:3f051eb8,C[0, 9]:3d75c290
A[0, 9]:0,B[0, 9]:3f75c28f,C[0, 9]:3d75c290
A[0, 10]:0,B[0, 9]:3ecccccc,C[0, 9]:3d75c290
A[0, 11]:0,B[0, 9]:3f570a3d,C[0, 9]:3d75c290
A[0, 12]:0,B[0, 9]:3e8f5c29,C[0, 9]:3d75c290
A[0, 13]:0,B[0, 9]:3f3851eb,C[0, 9]:3d75c290
A[0, 14]:0,B[0, 9]:3e23d70a,C[0, 9]:3d75c290
A[0, 15]:0,B[0, 9]:3f199999,C[0, 9]:3d75c290
A[0, 16]:0,B[0, 9]:3d23d70a,C[0, 9]:3d75c290
A[0, 17]:0,B[0, 9]:3ef5c28f,C[0, 9]:3d75c290
A[0, 18]:0,B[0, 9]:3f6b851e,C[0, 9]:3d75c290
A[0, 19]:0,B[0, 9]:3eb851eb,C[0, 9]:3d75c290
A[0, 20]:0,B[0, 9]:3f4ccccc,C[0, 9]:3d75c290
A[0, 21]:0,B[0, 9]:3e75c28f,C[0, 9]:3d75c290
A[0, 22]:0,B[0, 9]:3f2e147b,C[0, 9]:3d75c290
A[0, 23]:0,B[0, 9]:3df5c28f,C[0, 9]:3d75c290
A[0, 24]:0,B[0, 9]:3f0f5c29,C[0, 9]:3d75c290
A[0, 25]:0,B[0, 9]:0,C[0, 9]:3d75c290
A[0, 26]:0,B[0, 9]:3ee147ae,C[0, 9]:3d75c290
A[0, 27]:0,B[0, 9]:3f6147ae,C[0, 9]:3d75c290
A[0, 28]:0,B[0, 9]:3ea3d70a,C[0, 9]:3d75c290
A[0, 29]:0,B[0, 9]:3f428f5c,C[0, 9]:3d75c290
A[0, 0]:0,B[0, 10]:0,C[0, 10]:3d75c290
A[0, 1]:0,B[0, 10]:3ef5c28f,C[0, 10]:3d75c290
A[0, 2]:0,B[0, 10]:3f75c28f,C[0, 10]:3d75c290
A[0, 3]:0,B[0, 10]:3ee147ae,C[0, 10]:3d75c290
A[0, 4]:0,B[0, 10]:3f6b851e,C[0, 10]:3d75c290
A[0, 5]:0,B[0, 10]:3ecccccc,C[0, 10]:3d75c290
A[0, 6]:0,B[0, 10]:3f6147ae,C[0, 10]:3d75c290
A[0, 7]:0,B[0, 10]:3eb851eb,C[0, 10]:3d75c290
A[0, 8]:0,B[0, 10]:3f570a3d,C[0, 10]:3d75c290
A[0, 9]:0,B[0, 10]:3ea3d70a,C[0, 10]:3d75c290
A[0, 10]:0,B[0, 10]:3f4ccccc,C[0, 10]:3d75c290
A[0, 11]:0,B[0, 10]:3e8f5c29,C[0, 10]:3d75c290
A[0, 12]:0,B[0, 10]:3f428f5c,C[0, 10]:3d75c290
A[0, 13]:0,B[0, 10]:3e75c28f,C[0, 10]:3d75c290
A[0, 14]:0,B[0, 10]:3f3851eb,C[0, 10]:3d75c290
A[0, 15]:0,B[0, 10]:3e4ccccc,C[0, 10]:3d75c290
A[0, 16]:0,B[0, 10]:3f2e147b,C[0, 10]:3d75c290
A[0, 17]:0,B[0, 10]:3e23d70a,C[0, 10]:3d75c290
A[0, 18]:0,B[0, 10]:3f23d70a,C[0, 10]:3d75c290
A[0, 19]:0,B[0, 10]:3df5c28f,C[0, 10]:3d75c290
A[0, 20]:0,B[0, 10]:3f199999,C[0, 10]:3d75c290
A[0, 21]:0,B[0, 10]:3da3d70a,C[0, 10]:3d75c290
A[0, 22]:0,B[0, 10]:3f0f5c29,C[0, 10]:3d75c290
A[0, 23]:0,B[0, 10]:3d23d70a,C[0, 10]:3d75c290
A[0, 24]:0,B[0, 10]:3f051eb8,C[0, 10]:3d75c290
A[0, 25]:0,B[0, 10]:0,C[0, 10]:3d75c290
A[0, 26]:0,B[0, 10]:3ef5c28f,C[0, 10]:3d75c290
A[0, 27]:0,B[0, 10]:3f75c28f,C[0, 10]:3d75c290
A[0, 28]:0,B[0, 10]:3ee147ae,C[0, 10]:3d75c290
A[0, 29]:0,B[0, 10]:3f6b851e,C[0, 10]:3d75c290
A[0, 0]:0,B[0, 11]:0,C[0, 11]:3d75c290
A[0, 1]:0,B[0, 11]:3f051eb8,C[0, 11]:3d75c290
A[0, 2]:0,B[0, 11]:3d23d70a,C[0, 11]:3d75c290
A[0, 3]:0,B[0, 11]:3f0f5c29,C[0, 11]:3d75c290
A[0, 4]:0,B[0, 11]:3da3d70a,C[0, 11]:3d75c290
A[0, 5]:0,B[0, 11]:3f199999,C[0, 11]:3d75c290
A[0, 6]:0,B[0, 11]:3df5c28f,C[0, 11]:3d75c290
A[0, 7]:0,B[0, 11]:3f23d70a,C[0, 11]:3d75c290
A[0, 8]:0,B[0, 11]:3e23d70a,C[0, 11]:3d75c290
A[0, 9]:0,B[0, 11]:3f2e147b,C[0, 11]:3d75c290
A[0, 10]:0,B[0, 11]:3e4ccccc,C[0, 11]:3d75c290
A[0, 11]:0,B[0, 11]:3f3851eb,C[0, 11]:3d75c290
A[0, 12]:0,B[0, 11]:3e75c28f,C[0, 11]:3d75c290
A[0, 13]:0,B[0, 11]:3f428f5c,C[0, 11]:3d75c290
A[0, 14]:0,B[0, 11]:3e8f5c29,C[0, 11]:3d75c290
A[0, 15]:0,B[0, 11]:3f4ccccc,C[0, 11]:3d75c290
A[0, 16]:0,B[0, 11]:3ea3d70a,C[0, 11]:3d75c290
A[0, 17]:0,B[0, 11]:3f570a3d,C[0, 11]:3d75c290
A[0, 18]:0,B[0, 11]:3eb851eb,C[0, 11]:3d75c290
A[0, 19]:0,B[0, 11]:3f6147ae,C[0, 11]:3d75c290
A[0, 20]:0,B[0, 11]:3ecccccc,C[0, 11]:3d75c290
A[0, 21]:0,B[0, 11]:3f6b851e,C[0, 11]:3d75c290
A[0, 22]:0,B[0, 11]:3ee147ae,C[0, 11]:3d75c290
A[0, 23]:0,B[0, 11]:3f75c28f,C[0, 11]:3d75c290
A[0, 24]:0,B[0, 11]:3ef5c28f,C[0, 11]:3d75c290
A[0, 25]:0,B[0, 11]:0,C[0, 11]:3d75c290
A[0, 26]:0,B[0, 11]:3f051eb8,C[0, 11]:3d75c290
A[0, 27]:0,B[0, 11]:3d23d70a,C[0, 11]:3d75c290
A[0, 28]:0,B[0, 11]:3f0f5c29,C[0, 11]:3d75c290
A[0, 29]:0,B[0, 11]:3da3d70a,C[0, 11]:3d75c290
A[0, 0]:0,B[0, 12]:0,C[0, 12]:3d75c290
A[0, 1]:0,B[0, 12]:3f0f5c29,C[0, 12]:3d75c290
A[0, 2]:0,B[0, 12]:3df5c28f,C[0, 12]:3d75c290
A[0, 3]:0,B[0, 12]:3f2e147b,C[0, 12]:3d75c290
A[0, 4]:0,B[0, 12]:3e75c28f,C[0, 12]:3d75c290
A[0, 5]:0,B[0, 12]:3f4ccccc,C[0, 12]:3d75c290
A[0, 6]:0,B[0, 12]:3eb851eb,C[0, 12]:3d75c290
A[0, 7]:0,B[0, 12]:3f6b851e,C[0, 12]:3d75c290
A[0, 8]:0,B[0, 12]:3ef5c28f,C[0, 12]:3d75c290
A[0, 9]:0,B[0, 12]:3d23d70a,C[0, 12]:3d75c290
A[0, 10]:0,B[0, 12]:3f199999,C[0, 12]:3d75c290
A[0, 11]:0,B[0, 12]:3e23d70a,C[0, 12]:3d75c290
A[0, 12]:0,B[0, 12]:3f3851eb,C[0, 12]:3d75c290
A[0, 13]:0,B[0, 12]:3e8f5c29,C[0, 12]:3d75c290
A[0, 14]:0,B[0, 12]:3f570a3d,C[0, 12]:3d75c290
A[0, 15]:0,B[0, 12]:3ecccccc,C[0, 12]:3d75c290
A[0, 16]:0,B[0, 12]:3f75c28f,C[0, 12]:3d75c290
A[0, 17]:0,B[0, 12]:3f051eb8,C[0, 12]:3d75c290
A[0, 18]:0,B[0, 12]:3da3d70a,C[0, 12]:3d75c290
A[0, 19]:0,B[0, 12]:3f23d70a,C[0, 12]:3d75c290
A[0, 20]:0,B[0, 12]:3e4ccccc,C[0, 12]:3d75c290
A[0, 21]:0,B[0, 12]:3f428f5c,C[0, 12]:3d75c290
A[0, 22]:0,B[0, 12]:3ea3d70a,C[0, 12]:3d75c290
A[0, 23]:0,B[0, 12]:3f6147ae,C[0, 12]:3d75c290
A[0, 24]:0,B[0, 12]:3ee147ae,C[0, 12]:3d75c290
A[0, 25]:0,B[0, 12]:0,C[0, 12]:3d75c290
A[0, 26]:0,B[0, 12]:3f0f5c29,C[0, 12]:3d75c290
A[0, 27]:0,B[0, 12]:3df5c28f,C[0, 12]:3d75c290
A[0, 28]:0,B[0, 12]:3f2e147b,C[0, 12]:3d75c290
A[0, 29]:0,B[0, 12]:3e75c28f,C[0, 12]:3d75c290
A[0, 0]:0,B[0, 13]:0,C[0, 13]:3d75c290
A[0, 1]:0,B[0, 13]:3f199999,C[0, 13]:3d75c290
A[0, 2]:0,B[0, 13]:3e4ccccc,C[0, 13]:3d75c290
A[0, 3]:0,B[0, 13]:3f4ccccc,C[0, 13]:3d75c290
A[0, 4]:0,B[0, 13]:3ecccccc,C[0, 13]:3d75c290
A[0, 5]:0,B[0, 13]:0,C[0, 13]:3d75c290
A[0, 6]:0,B[0, 13]:3f199999,C[0, 13]:3d75c290
A[0, 7]:0,B[0, 13]:3e4ccccc,C[0, 13]:3d75c290
A[0, 8]:0,B[0, 13]:3f4ccccc,C[0, 13]:3d75c290
A[0, 9]:0,B[0, 13]:3ecccccc,C[0, 13]:3d75c290
A[0, 10]:0,B[0, 13]:0,C[0, 13]:3d75c290
A[0, 11]:0,B[0, 13]:3f199999,C[0, 13]:3d75c290
A[0, 12]:0,B[0, 13]:3e4ccccc,C[0, 13]:3d75c290
A[0, 13]:0,B[0, 13]:3f4ccccc,C[0, 13]:3d75c290
A[0, 14]:0,B[0, 13]:3ecccccc,C[0, 13]:3d75c290
A[0, 15]:0,B[0, 13]:0,C[0, 13]:3d75c290
A[0, 16]:0,B[0, 13]:3f199999,C[0, 13]:3d75c290
A[0, 17]:0,B[0, 13]:3e4ccccc,C[0, 13]:3d75c290
A[0, 18]:0,B[0, 13]:3f4ccccc,C[0, 13]:3d75c290
A[0, 19]:0,B[0, 13]:3ecccccc,C[0, 13]:3d75c290
A[0, 20]:0,B[0, 13]:0,C[0, 13]:3d75c290
A[0, 21]:0,B[0, 13]:3f199999,C[0, 13]:3d75c290
A[0, 22]:0,B[0, 13]:3e4ccccc,C[0, 13]:3d75c290
A[0, 23]:0,B[0, 13]:3f4ccccc,C[0, 13]:3d75c290
A[0, 24]:0,B[0, 13]:3ecccccc,C[0, 13]:3d75c290
A[0, 25]:0,B[0, 13]:0,C[0, 13]:3d75c290
A[0, 26]:0,B[0, 13]:3f199999,C[0, 13]:3d75c290
A[0, 27]:0,B[0, 13]:3e4ccccc,C[0, 13]:3d75c290
A[0, 28]:0,B[0, 13]:3f4ccccc,C[0, 13]:3d75c290
A[0, 29]:0,B[0, 13]:3ecccccc,C[0, 13]:3d75c290
A[0, 0]:0,B[0, 14]:0,C[0, 14]:3d75c290
A[0, 1]:0,B[0, 14]:3f23d70a,C[0, 14]:3d75c290
A[0, 2]:0,B[0, 14]:3e8f5c29,C[0, 14]:3d75c290
A[0, 3]:0,B[0, 14]:3f6b851e,C[0, 14]:3d75c290
A[0, 4]:0,B[0, 14]:3f0f5c29,C[0, 14]:3d75c290
A[0, 5]:0,B[0, 14]:3e4ccccc,C[0, 14]:3d75c290
A[0, 6]:0,B[0, 14]:3f570a3d,C[0, 14]:3d75c290
A[0, 7]:0,B[0, 14]:3ef5c28f,C[0, 14]:3d75c290
A[0, 8]:0,B[0, 14]:3df5c28f,C[0, 14]:3d75c290
A[0, 9]:0,B[0, 14]:3f428f5c,C[0, 14]:3d75c290
A[0, 10]:0,B[0, 14]:3ecccccc,C[0, 14]:3d75c290
A[0, 11]:0,B[0, 14]:3d23d70a,C[0, 14]:3d75c290
A[0, 12]:0,B[0, 14]:3f2e147b,C[0, 14]:3d75c290
A[0, 13]:0,B[0, 14]:3ea3d70a,C[0, 14]:3d75c290
A[0, 14]:0,B[0, 14]:3f75c28f,C[0, 14]:3d75c290
A[0, 15]:0,B[0, 14]:3f199999,C[0, 14]:3d75c290
A[0, 16]:0,B[0, 14]:3e75c28f,C[0, 14]:3d75c290
A[0, 17]:0,B[0, 14]:3f6147ae,C[0, 14]:3d75c290
A[0, 18]:0,B[0, 14]:3f051eb8,C[0, 14]:3d75c290
A[0, 19]:0,B[0, 14]:3e23d70a,C[0, 14]:3d75c290
A[0, 20]:0,B[0, 14]:3f4ccccc,C[0, 14]:3d75c290
A[0, 21]:0,B[0, 14]:3ee147ae,C[0, 14]:3d75c290
A[0, 22]:0,B[0, 14]:3da3d70a,C[0, 14]:3d75c290
A[0, 23]:0,B[0, 14]:3f3851eb,C[0, 14]:3d75c290
A[0, 24]:0,B[0, 14]:3eb851eb,C[0, 14]:3d75c290
A[0, 25]:0,B[0, 14]:0,C[0, 14]:3d75c290
A[0, 26]:0,B[0, 14]:3f23d70a,C[0, 14]:3d75c290
A[0, 27]:0,B[0, 14]:3e8f5c29,C[0, 14]:3d75c290
A[0, 28]:0,B[0, 14]:3f6b851e,C[0, 14]:3d75c290
A[0, 29]:0,B[0, 14]:3f0f5c29,C[0, 14]:3d75c290
A[0, 0]:0,B[0, 15]:0,C[0, 15]:3d75c290
A[0, 1]:0,B[0, 15]:3f2e147b,C[0, 15]:3d75c290
A[0, 2]:0,B[0, 15]:3eb851eb,C[0, 15]:3d75c290
A[0, 3]:0,B[0, 15]:3d23d70a,C[0, 15]:3d75c290
A[0, 4]:0,B[0, 15]:3f3851eb,C[0, 15]:3d75c290
A[0, 5]:0,B[0, 15]:3ecccccc,C[0, 15]:3d75c290
A[0, 6]:0,B[0, 15]:3da3d70a,C[0, 15]:3d75c290
A[0, 7]:0,B[0, 15]:3f428f5c,C[0, 15]:3d75c290
A[0, 8]:0,B[0, 15]:3ee147ae,C[0, 15]:3d75c290
A[0, 9]:0,B[0, 15]:3df5c28f,C[0, 15]:3d75c290
A[0, 10]:0,B[0, 15]:3f4ccccc,C[0, 15]:3d75c290
A[0, 11]:0,B[0, 15]:3ef5c28f,C[0, 15]:3d75c290
A[0, 12]:0,B[0, 15]:3e23d70a,C[0, 15]:3d75c290
A[0, 13]:0,B[0, 15]:3f570a3d,C[0, 15]:3d75c290
A[0, 14]:0,B[0, 15]:3f051eb8,C[0, 15]:3d75c290
A[0, 15]:0,B[0, 15]:3e4ccccc,C[0, 15]:3d75c290
A[0, 16]:0,B[0, 15]:3f6147ae,C[0, 15]:3d75c290
A[0, 17]:0,B[0, 15]:3f0f5c29,C[0, 15]:3d75c290
A[0, 18]:0,B[0, 15]:3e75c28f,C[0, 15]:3d75c290
A[0, 19]:0,B[0, 15]:3f6b851e,C[0, 15]:3d75c290
A[0, 20]:0,B[0, 15]:3f199999,C[0, 15]:3d75c290
A[0, 21]:0,B[0, 15]:3e8f5c29,C[0, 15]:3d75c290
A[0, 22]:0,B[0, 15]:3f75c28f,C[0, 15]:3d75c290
A[0, 23]:0,B[0, 15]:3f23d70a,C[0, 15]:3d75c290
A[0, 24]:0,B[0, 15]:3ea3d70a,C[0, 15]:3d75c290
A[0, 25]:0,B[0, 15]:0,C[0, 15]:3d75c290
A[0, 26]:0,B[0, 15]:3f2e147b,C[0, 15]:3d75c290
A[0, 27]:0,B[0, 15]:3eb851eb,C[0, 15]:3d75c290
A[0, 28]:0,B[0, 15]:3d23d70a,C[0, 15]:3d75c290
A[0, 29]:0,B[0, 15]:3f3851eb,C[0, 15]:3d75c290
A[0, 0]:0,B[0, 16]:0,C[0, 16]:3d75c290
A[0, 1]:0,B[0, 16]:3f3851eb,C[0, 16]:3d75c290
A[0, 2]:0,B[0, 16]:3ee147ae,C[0, 16]:3d75c290
A[0, 3]:0,B[0, 16]:3e23d70a,C[0, 16]:3d75c290
A[0, 4]:0,B[0, 16]:3f6147ae,C[0, 16]:3d75c290
A[0, 5]:0,B[0, 16]:3f199999,C[0, 16]:3d75c290
A[0, 6]:0,B[0, 16]:3ea3d70a,C[0, 16]:3d75c290
A[0, 7]:0,B[0, 16]:3d23d70a,C[0, 16]:3d75c290
A[0, 8]:0,B[0, 16]:3f428f5c,C[0, 16]:3d75c290
A[0, 9]:0,B[0, 16]:3ef5c28f,C[0, 16]:3d75c290
A[0, 10]:0,B[0, 16]:3e4ccccc,C[0, 16]:3d75c290
A[0, 11]:0,B[0, 16]:3f6b851e,C[0, 16]:3d75c290
A[0, 12]:0,B[0, 16]:3f23d70a,C[0, 16]:3d75c290
A[0, 13]:0,B[0, 16]:3eb851eb,C[0, 16]:3d75c290
A[0, 14]:0,B[0, 16]:3da3d70a,C[0, 16]:3d75c290
A[0, 15]:0,B[0, 16]:3f4ccccc,C[0, 16]:3d75c290
A[0, 16]:0,B[0, 16]:3f051eb8,C[0, 16]:3d75c290
A[0, 17]:0,B[0, 16]:3e75c28f,C[0, 16]:3d75c290
A[0, 18]:0,B[0, 16]:3f75c28f,C[0, 16]:3d75c290
A[0, 19]:0,B[0, 16]:3f2e147b,C[0, 16]:3d75c290
A[0, 20]:0,B[0, 16]:3ecccccc,C[0, 16]:3d75c290
A[0, 21]:0,B[0, 16]:3df5c28f,C[0, 16]:3d75c290
A[0, 22]:0,B[0, 16]:3f570a3d,C[0, 16]:3d75c290
A[0, 23]:0,B[0, 16]:3f0f5c29,C[0, 16]:3d75c290
A[0, 24]:0,B[0, 16]:3e8f5c29,C[0, 16]:3d75c290
A[0, 25]:0,B[0, 16]:0,C[0, 16]:3d75c290
A[0, 26]:0,B[0, 16]:3f3851eb,C[0, 16]:3d75c290
A[0, 27]:0,B[0, 16]:3ee147ae,C[0, 16]:3d75c290
A[0, 28]:0,B[0, 16]:3e23d70a,C[0, 16]:3d75c290
A[0, 29]:0,B[0, 16]:3f6147ae,C[0, 16]:3d75c290
A[0, 0]:0,B[0, 17]:0,C[0, 17]:3d75c290
A[0, 1]:0,B[0, 17]:3f428f5c,C[0, 17]:3d75c290
A[0, 2]:0,B[0, 17]:3f051eb8,C[0, 17]:3d75c290
A[0, 3]:0,B[0, 17]:3e8f5c29,C[0, 17]:3d75c290
A[0, 4]:0,B[0, 17]:3d23d70a,C[0, 17]:3d75c290
A[0, 5]:0,B[0, 17]:3f4ccccc,C[0, 17]:3d75c290
A[0, 6]:0,B[0, 17]:3f0f5c29,C[0, 17]:3d75c290
A[0, 7]:0,B[0, 17]:3ea3d70a,C[0, 17]:3d75c290
A[0, 8]:0,B[0, 17]:3da3d70a,C[0, 17]:3d75c290
A[0, 9]:0,B[0, 17]:3f570a3d,C[0, 17]:3d75c290
A[0, 10]:0,B[0, 17]:3f199999,C[0, 17]:3d75c290
A[0, 11]:0,B[0, 17]:3eb851eb,C[0, 17]:3d75c290
A[0, 12]:0,B[0, 17]:3df5c28f,C[0, 17]:3d75c290
A[0, 13]:0,B[0, 17]:3f6147ae,C[0, 17]:3d75c290
A[0, 14]:0,B[0, 17]:3f23d70a,C[0, 17]:3d75c290
A[0, 15]:0,B[0, 17]:3ecccccc,C[0, 17]:3d75c290
A[0, 16]:0,B[0, 17]:3e23d70a,C[0, 17]:3d75c290
A[0, 17]:0,B[0, 17]:3f6b851e,C[0, 17]:3d75c290
A[0, 18]:0,B[0, 17]:3f2e147b,C[0, 17]:3d75c290
A[0, 19]:0,B[0, 17]:3ee147ae,C[0, 17]:3d75c290
A[0, 20]:0,B[0, 17]:3e4ccccc,C[0, 17]:3d75c290
A[0, 21]:0,B[0, 17]:3f75c28f,C[0, 17]:3d75c290
A[0, 22]:0,B[0, 17]:3f3851eb,C[0, 17]:3d75c290
A[0, 23]:0,B[0, 17]:3ef5c28f,C[0, 17]:3d75c290
A[0, 24]:0,B[0, 17]:3e75c28f,C[0, 17]:3d75c290
A[0, 25]:0,B[0, 17]:0,C[0, 17]:3d75c290
A[0, 26]:0,B[0, 17]:3f428f5c,C[0, 17]:3d75c290
A[0, 27]:0,B[0, 17]:3f051eb8,C[0, 17]:3d75c290
A[0, 28]:0,B[0, 17]:3e8f5c29,C[0, 17]:3d75c290
A[0, 29]:0,B[0, 17]:3d23d70a,C[0, 17]:3d75c290
A[0, 0]:0,B[0, 18]:0,C[0, 18]:3d75c290
A[0, 1]:0,B[0, 18]:3f4ccccc,C[0, 18]:3d75c290
A[0, 2]:0,B[0, 18]:3f199999,C[0, 18]:3d75c290
A[0, 3]:0,B[0, 18]:3ecccccc,C[0, 18]:3d75c290
A[0, 4]:0,B[0, 18]:3e4ccccc,C[0, 18]:3d75c290
A[0, 5]:0,B[0, 18]:0,C[0, 18]:3d75c290
A[0, 6]:0,B[0, 18]:3f4ccccc,C[0, 18]:3d75c290
A[0, 7]:0,B[0, 18]:3f199999,C[0, 18]:3d75c290
A[0, 8]:0,B[0, 18]:3ecccccc,C[0, 18]:3d75c290
A[0, 9]:0,B[0, 18]:3e4ccccc,C[0, 18]:3d75c290
A[0, 10]:0,B[0, 18]:0,C[0, 18]:3d75c290
A[0, 11]:0,B[0, 18]:3f4ccccc,C[0, 18]:3d75c290
A[0, 12]:0,B[0, 18]:3f199999,C[0, 18]:3d75c290
A[0, 13]:0,B[0, 18]:3ecccccc,C[0, 18]:3d75c290
A[0, 14]:0,B[0, 18]:3e4ccccc,C[0, 18]:3d75c290
A[0, 15]:0,B[0, 18]:0,C[0, 18]:3d75c290
A[0, 16]:0,B[0, 18]:3f4ccccc,C[0, 18]:3d75c290
A[0, 17]:0,B[0, 18]:3f199999,C[0, 18]:3d75c290
A[0, 18]:0,B[0, 18]:3ecccccc,C[0, 18]:3d75c290
A[0, 19]:0,B[0, 18]:3e4ccccc,C[0, 18]:3d75c290
A[0, 20]:0,B[0, 18]:0,C[0, 18]:3d75c290
A[0, 21]:0,B[0, 18]:3f4ccccc,C[0, 18]:3d75c290
A[0, 22]:0,B[0, 18]:3f199999,C[0, 18]:3d75c290
A[0, 23]:0,B[0, 18]:3ecccccc,C[0, 18]:3d75c290
A[0, 24]:0,B[0, 18]:3e4ccccc,C[0, 18]:3d75c290
A[0, 25]:0,B[0, 18]:0,C[0, 18]:3d75c290
A[0, 26]:0,B[0, 18]:3f4ccccc,C[0, 18]:3d75c290
A[0, 27]:0,B[0, 18]:3f199999,C[0, 18]:3d75c290
A[0, 28]:0,B[0, 18]:3ecccccc,C[0, 18]:3d75c290
A[0, 29]:0,B[0, 18]:3e4ccccc,C[0, 18]:3d75c290
A[0, 0]:0,B[0, 19]:0,C[0, 19]:3d75c290
A[0, 1]:0,B[0, 19]:3f570a3d,C[0, 19]:3d75c290
A[0, 2]:0,B[0, 19]:3f2e147b,C[0, 19]:3d75c290
A[0, 3]:0,B[0, 19]:3f051eb8,C[0, 19]:3d75c290
A[0, 4]:0,B[0, 19]:3eb851eb,C[0, 19]:3d75c290
A[0, 5]:0,B[0, 19]:3e4ccccc,C[0, 19]:3d75c290
A[0, 6]:0,B[0, 19]:3d23d70a,C[0, 19]:3d75c290
A[0, 7]:0,B[0, 19]:3f6147ae,C[0, 19]:3d75c290
A[0, 8]:0,B[0, 19]:3f3851eb,C[0, 19]:3d75c290
A[0, 9]:0,B[0, 19]:3f0f5c29,C[0, 19]:3d75c290
A[0, 10]:0,B[0, 19]:3ecccccc,C[0, 19]:3d75c290
A[0, 11]:0,B[0, 19]:3e75c28f,C[0, 19]:3d75c290
A[0, 12]:0,B[0, 19]:3da3d70a,C[0, 19]:3d75c290
A[0, 13]:0,B[0, 19]:3f6b851e,C[0, 19]:3d75c290
A[0, 14]:0,B[0, 19]:3f428f5c,C[0, 19]:3d75c290
A[0, 15]:0,B[0, 19]:3f199999,C[0, 19]:3d75c290
A[0, 16]:0,B[0, 19]:3ee147ae,C[0, 19]:3d75c290
A[0, 17]:0,B[0, 19]:3e8f5c29,C[0, 19]:3d75c290
A[0, 18]:0,B[0, 19]:3df5c28f,C[0, 19]:3d75c290
A[0, 19]:0,B[0, 19]:3f75c28f,C[0, 19]:3d75c290
A[0, 20]:0,B[0, 19]:3f4ccccc,C[0, 19]:3d75c290
A[0, 21]:0,B[0, 19]:3f23d70a,C[0, 19]:3d75c290
A[0, 22]:0,B[0, 19]:3ef5c28f,C[0, 19]:3d75c290
A[0, 23]:0,B[0, 19]:3ea3d70a,C[0, 19]:3d75c290
A[0, 24]:0,B[0, 19]:3e23d70a,C[0, 19]:3d75c290
A[0, 25]:0,B[0, 19]:0,C[0, 19]:3d75c290
A[0, 26]:0,B[0, 19]:3f570a3d,C[0, 19]:3d75c290
A[0, 27]:0,B[0, 19]:3f2e147b,C[0, 19]:3d75c290
A[0, 28]:0,B[0, 19]:3f051eb8,C[0, 19]:3d75c290
A[0, 29]:0,B[0, 19]:3eb851eb,C[0, 19]:3d75c290
A[0, 0]:0,B[0, 20]:0,C[0, 20]:3d75c290
A[0, 1]:0,B[0, 20]:3f6147ae,C[0, 20]:3d75c290
A[0, 2]:0,B[0, 20]:3f428f5c,C[0, 20]:3d75c290
A[0, 3]:0,B[0, 20]:3f23d70a,C[0, 20]:3d75c290
A[0, 4]:0,B[0, 20]:3f051eb8,C[0, 20]:3d75c290
A[0, 5]:0,B[0, 20]:3ecccccc,C[0, 20]:3d75c290
A[0, 6]:0,B[0, 20]:3e8f5c29,C[0, 20]:3d75c290
A[0, 7]:0,B[0, 20]:3e23d70a,C[0, 20]:3d75c290
A[0, 8]:0,B[0, 20]:3d23d70a,C[0, 20]:3d75c290
A[0, 9]:0,B[0, 20]:3f6b851e,C[0, 20]:3d75c290
A[0, 10]:0,B[0, 20]:3f4ccccc,C[0, 20]:3d75c290
A[0, 11]:0,B[0, 20]:3f2e147b,C[0, 20]:3d75c290
A[0, 12]:0,B[0, 20]:3f0f5c29,C[0, 20]:3d75c290
A[0, 13]:0,B[0, 20]:3ee147ae,C[0, 20]:3d75c290
A[0, 14]:0,B[0, 20]:3ea3d70a,C[0, 20]:3d75c290
A[0, 15]:0,B[0, 20]:3e4ccccc,C[0, 20]:3d75c290
A[0, 16]:0,B[0, 20]:3da3d70a,C[0, 20]:3d75c290
A[0, 17]:0,B[0, 20]:3f75c28f,C[0, 20]:3d75c290
A[0, 18]:0,B[0, 20]:3f570a3d,C[0, 20]:3d75c290
A[0, 19]:0,B[0, 20]:3f3851eb,C[0, 20]:3d75c290
A[0, 20]:0,B[0, 20]:3f199999,C[0, 20]:3d75c290
A[0, 21]:0,B[0, 20]:3ef5c28f,C[0, 20]:3d75c290
A[0, 22]:0,B[0, 20]:3eb851eb,C[0, 20]:3d75c290
A[0, 23]:0,B[0, 20]:3e75c28f,C[0, 20]:3d75c290
A[0, 24]:0,B[0, 20]:3df5c28f,C[0, 20]:3d75c290
A[0, 25]:0,B[0, 20]:0,C[0, 20]:3d75c290
A[0, 26]:0,B[0, 20]:3f6147ae,C[0, 20]:3d75c290
A[0, 27]:0,B[0, 20]:3f428f5c,C[0, 20]:3d75c290
A[0, 28]:0,B[0, 20]:3f23d70a,C[0, 20]:3d75c290
A[0, 29]:0,B[0, 20]:3f051eb8,C[0, 20]:3d75c290
A[0, 0]:0,B[0, 21]:0,C[0, 21]:3d75c290
A[0, 1]:0,B[0, 21]:3f6b851e,C[0, 21]:3d75c290
A[0, 2]:0,B[0, 21]:3f570a3d,C[0, 21]:3d75c290
A[0, 3]:0,B[0, 21]:3f428f5c,C[0, 21]:3d75c290
A[0, 4]:0,B[0, 21]:3f2e147b,C[0, 21]:3d75c290
A[0, 5]:0,B[0, 21]:3f199999,C[0, 21]:3d75c290
A[0, 6]:0,B[0, 21]:3f051eb8,C[0, 21]:3d75c290
A[0, 7]:0,B[0, 21]:3ee147ae,C[0, 21]:3d75c290
A[0, 8]:0,B[0, 21]:3eb851eb,C[0, 21]:3d75c290
A[0, 9]:0,B[0, 21]:3e8f5c29,C[0, 21]:3d75c290
A[0, 10]:0,B[0, 21]:3e4ccccc,C[0, 21]:3d75c290
A[0, 11]:0,B[0, 21]:3df5c28f,C[0, 21]:3d75c290
A[0, 12]:0,B[0, 21]:3d23d70a,C[0, 21]:3d75c290
A[0, 13]:0,B[0, 21]:3f75c28f,C[0, 21]:3d75c290
A[0, 14]:0,B[0, 21]:3f6147ae,C[0, 21]:3d75c290
A[0, 15]:0,B[0, 21]:3f4ccccc,C[0, 21]:3d75c290
A[0, 16]:0,B[0, 21]:3f3851eb,C[0, 21]:3d75c290
A[0, 17]:0,B[0, 21]:3f23d70a,C[0, 21]:3d75c290
A[0, 18]:0,B[0, 21]:3f0f5c29,C[0, 21]:3d75c290
A[0, 19]:0,B[0, 21]:3ef5c28f,C[0, 21]:3d75c290
A[0, 20]:0,B[0, 21]:3ecccccc,C[0, 21]:3d75c290
A[0, 21]:0,B[0, 21]:3ea3d70a,C[0, 21]:3d75c290
A[0, 22]:0,B[0, 21]:3e75c28f,C[0, 21]:3d75c290
A[0, 23]:0,B[0, 21]:3e23d70a,C[0, 21]:3d75c290
A[0, 24]:0,B[0, 21]:3da3d70a,C[0, 21]:3d75c290
A[0, 25]:0,B[0, 21]:0,C[0, 21]:3d75c290
A[0, 26]:0,B[0, 21]:3f6b851e,C[0, 21]:3d75c290
A[0, 27]:0,B[0, 21]:3f570a3d,C[0, 21]:3d75c290
A[0, 28]:0,B[0, 21]:3f428f5c,C[0, 21]:3d75c290
A[0, 29]:0,B[0, 21]:3f2e147b,C[0, 21]:3d75c290
A[0, 0]:0,B[0, 22]:0,C[0, 22]:3d75c290
A[0, 1]:0,B[0, 22]:3f75c28f,C[0, 22]:3d75c290
A[0, 2]:0,B[0, 22]:3f6b851e,C[0, 22]:3d75c290
A[0, 3]:0,B[0, 22]:3f6147ae,C[0, 22]:3d75c290
A[0, 4]:0,B[0, 22]:3f570a3d,C[0, 22]:3d75c290
A[0, 5]:0,B[0, 22]:3f4ccccc,C[0, 22]:3d75c290
A[0, 6]:0,B[0, 22]:3f428f5c,C[0, 22]:3d75c290
A[0, 7]:0,B[0, 22]:3f3851eb,C[0, 22]:3d75c290
A[0, 8]:0,B[0, 22]:3f2e147b,C[0, 22]:3d75c290
A[0, 9]:0,B[0, 22]:3f23d70a,C[0, 22]:3d75c290
A[0, 10]:0,B[0, 22]:3f199999,C[0, 22]:3d75c290
A[0, 11]:0,B[0, 22]:3f0f5c29,C[0, 22]:3d75c290
A[0, 12]:0,B[0, 22]:3f051eb8,C[0, 22]:3d75c290
A[0, 13]:0,B[0, 22]:3ef5c28f,C[0, 22]:3d75c290
A[0, 14]:0,B[0, 22]:3ee147ae,C[0, 22]:3d75c290
A[0, 15]:0,B[0, 22]:3ecccccc,C[0, 22]:3d75c290
A[0, 16]:0,B[0, 22]:3eb851eb,C[0, 22]:3d75c290
A[0, 17]:0,B[0, 22]:3ea3d70a,C[0, 22]:3d75c290
A[0, 18]:0,B[0, 22]:3e8f5c29,C[0, 22]:3d75c290
A[0, 19]:0,B[0, 22]:3e75c28f,C[0, 22]:3d75c290
A[0, 20]:0,B[0, 22]:3e4ccccc,C[0, 22]:3d75c290
A[0, 21]:0,B[0, 22]:3e23d70a,C[0, 22]:3d75c290
A[0, 22]:0,B[0, 22]:3df5c28f,C[0, 22]:3d75c290
A[0, 23]:0,B[0, 22]:3da3d70a,C[0, 22]:3d75c290
A[0, 24]:0,B[0, 22]:3d23d70a,C[0, 22]:3d75c290
A[0, 25]:0,B[0, 22]:0,C[0, 22]:3d75c290
A[0, 26]:0,B[0, 22]:3f75c28f,C[0, 22]:3d75c290
A[0, 27]:0,B[0, 22]:3f6b851e,C[0, 22]:3d75c290
A[0, 28]:0,B[0, 22]:3f6147ae,C[0, 22]:3d75c290
A[0, 29]:0,B[0, 22]:3f570a3d,C[0, 22]:3d75c290
A[0, 0]:0,B[0, 23]:0,C[0, 23]:3d75c290
A[0, 1]:0,B[0, 23]:0,C[0, 23]:3d75c290
A[0, 2]:0,B[0, 23]:0,C[0, 23]:3d75c290
A[0, 3]:0,B[0, 23]:0,C[0, 23]:3d75c290
A[0, 4]:0,B[0, 23]:0,C[0, 23]:3d75c290
A[0, 5]:0,B[0, 23]:0,C[0, 23]:3d75c290
A[0, 6]:0,B[0, 23]:0,C[0, 23]:3d75c290
A[0, 7]:0,B[0, 23]:0,C[0, 23]:3d75c290
A[0, 8]:0,B[0, 23]:0,C[0, 23]:3d75c290
A[0, 9]:0,B[0, 23]:0,C[0, 23]:3d75c290
A[0, 10]:0,B[0, 23]:0,C[0, 23]:3d75c290
A[0, 11]:0,B[0, 23]:0,C[0, 23]:3d75c290
A[0, 12]:0,B[0, 23]:0,C[0, 23]:3d75c290
A[0, 13]:0,B[0, 23]:0,C[0, 23]:3d75c290
A[0, 14]:0,B[0, 23]:0,C[0, 23]:3d75c290
A[0, 15]:0,B[0, 23]:0,C[0, 23]:3d75c290
A[0, 16]:0,B[0, 23]:0,C[0, 23]:3d75c290
A[0, 17]:0,B[0, 23]:0,C[0, 23]:3d75c290
A[0, 18]:0,B[0, 23]:0,C[0, 23]:3d75c290
A[0, 19]:0,B[0, 23]:0,C[0, 23]:3d75c290
A[0, 20]:0,B[0, 23]:0,C[0, 23]:3d75c290
A[0, 21]:0,B[0, 23]:0,C[0, 23]:3d75c290
A[0, 22]:0,B[0, 23]:0,C[0, 23]:3d75c290
A[0, 23]:0,B[0, 23]:0,C[0, 23]:3d75c290
A[0, 24]:0,B[0, 23]:0,C[0, 23]:3d75c290
A[0, 25]:0,B[0, 23]:0,C[0, 23]:3d75c290
A[0, 26]:0,B[0, 23]:0,C[0, 23]:3d75c290
A[0, 27]:0,B[0, 23]:0,C[0, 23]:3d75c290
A[0, 28]:0,B[0, 23]:0,C[0, 23]:3d75c290
A[0, 29]:0,B[0, 23]:0,C[0, 23]:3d75c290
A[0, 0]:0,B[0, 24]:0,C[0, 24]:3d75c290
A[0, 1]:0,B[0, 24]:3d23d70a,C[0, 24]:3d75c290
A[0, 2]:0,B[0, 24]:3da3d70a,C[0, 24]:3d75c290
A[0, 3]:0,B[0, 24]:3df5c28f,C[0, 24]:3d75c290
A[0, 4]:0,B[0, 24]:3e23d70a,C[0, 24]:3d75c290
A[0, 5]:0,B[0, 24]:3e4ccccc,C[0, 24]:3d75c290
A[0, 6]:0,B[0, 24]:3e75c28f,C[0, 24]:3d75c290
A[0, 7]:0,B[0, 24]:3e8f5c29,C[0, 24]:3d75c290
A[0, 8]:0,B[0, 24]:3ea3d70a,C[0, 24]:3d75c290
A[0, 9]:0,B[0, 24]:3eb851eb,C[0, 24]:3d75c290
A[0, 10]:0,B[0, 24]:3ecccccc,C[0, 24]:3d75c290
A[0, 11]:0,B[0, 24]:3ee147ae,C[0, 24]:3d75c290
A[0, 12]:0,B[0, 24]:3ef5c28f,C[0, 24]:3d75c290
A[0, 13]:0,B[0, 24]:3f051eb8,C[0, 24]:3d75c290
A[0, 14]:0,B[0, 24]:3f0f5c29,C[0, 24]:3d75c290
A[0, 15]:0,B[0, 24]:3f199999,C[0, 24]:3d75c290
A[0, 16]:0,B[0, 24]:3f23d70a,C[0, 24]:3d75c290
A[0, 17]:0,B[0, 24]:3f2e147b,C[0, 24]:3d75c290
A[0, 18]:0,B[0, 24]:3f3851eb,C[0, 24]:3d75c290
A[0, 19]:0,B[0, 24]:3f428f5c,C[0, 24]:3d75c290
A[0, 20]:0,B[0, 24]:3f4ccccc,C[0, 24]:3d75c290
A[0, 21]:0,B[0, 24]:3f570a3d,C[0, 24]:3d75c290
A[0, 22]:0,B[0, 24]:3f6147ae,C[0, 24]:3d75c290
A[0, 23]:0,B[0, 24]:3f6b851e,C[0, 24]:3d75c290
A[0, 24]:0,B[0, 24]:3f75c28f,C[0, 24]:3d75c290
A[0, 25]:0,B[0, 24]:0,C[0, 24]:3d75c290
A[0, 26]:0,B[0, 24]:3d23d70a,C[0, 24]:3d75c290
A[0, 27]:0,B[0, 24]:3da3d70a,C[0, 24]:3d75c290
A[0, 28]:0,B[0, 24]:3df5c28f,C[0, 24]:3d75c290
A[0, 29]:0,B[0, 24]:3e23d70a,C[0, 24]:3d75c290

done computing: 0, print C
C[0, 0]:3d75c290,C[0, 1]:3d75c290,C[0, 2]:3d75c290,C[0, 3]:3d75c290,C[0, 4]:3d75c290,C[0, 5]:3d75c290,C[0, 6]:3d75c290,C[0, 7]:3d75c290,C[0, 8]:3d75c290,C[0, 9]:3d75c290,C[0, 10]:3d75c290,C[0, 11]:3d75c290,C[0, 12]:3d75c290,C[0, 13]:3d75c290,C[0, 14]:3d75c290,C[0, 15]:3d75c290,C[0, 16]:3d75c290,C[0, 17]:3d75c290,C[0, 18]:3d75c290,C[0, 19]:3d75c290,C[0, 20]:3d75c290,C[0, 21]:3d75c290,C[0, 22]:3d75c290,C[0, 23]:3d75c290,C[0, 24]:3d75c290,

//========================

Init I: 1
C[1, 0]:3d4ccccd->3d75c290,C[1, 1]:3dcccccd->3df5c290,C[1, 2]:3e19999a->3e3851ec,C[1, 3]:3e4ccccd->3e75c290,C[1, 4]:3e800000->3e99999a,C[1, 5]:3e99999a->3eb851ec,C[1, 6]:3eb33333->3ed70a3e,C[1, 7]:3ecccccd->3ef5c290,C[1, 8]:3ee66667->3f0a3d71,C[1, 9]:3f000000->3f19999a,C[1, 10]:3f0ccccd->3f28f5c3,C[1, 11]:3f19999a->3f3851ec,C[1, 12]:3f266667->3f47ae16,C[1, 13]:3f333333->3f570a3e,C[1, 14]:3f400000->3f666667,C[1, 15]:3f4ccccd->3f75c290,C[1, 16]:3f59999a->3f828f5d,C[1, 17]:3f666667->3f8a3d71,C[1, 18]:3f733333->3f91eb85,C[1, 19]:0->0,C[1, 20]:3d4ccccd->3d75c290,C[1, 21]:3dcccccd->3df5c290,C[1, 22]:3e19999a->3e3851ec,C[1, 23]:3e4ccccd->3e75c290,C[1, 24]:3e800000->3e99999a,
Start computing: 1
A[1, 0]:3d088889,B[1, 0]:0,C[1, 0]:3d75c290
A[1, 1]:3d888889,B[1, 0]:3da3d70a,C[1, 0]:3d8b4396
A[1, 2]:3dccccce,B[1, 0]:3e23d70a,C[1, 0]:3dbc6a80
A[1, 3]:3e088889,B[1, 0]:3e75c28f,C[1, 0]:3e0f5c2a
A[1, 4]:3e2aaaab,B[1, 0]:3ea3d70a,C[1, 0]:3e6147af
A[1, 5]:3e4cccce,B[1, 0]:3ecccccc,C[1, 0]:3eae147b
A[1, 6]:3e6eeef0,B[1, 0]:3ef5c28f,C[1, 0]:3f020c4a
A[1, 7]:3e888889,B[1, 0]:3f0f5c29,C[1, 0]:3f3b645b
A[1, 8]:3e99999a,B[1, 0]:3f23d70a,C[1, 0]:3f828f5d
A[1, 9]:3eaaaaab,B[1, 0]:3f3851eb,C[1, 0]:3fb0a3d8
A[1, 10]:3ebbbbbc,B[1, 0]:3f4ccccc,C[1, 0]:3fe8f5c4
A[1, 11]:3eccccce,B[1, 0]:3f6147ae,C[1, 0]:401645a2
A[1, 12]:3edddddf,B[1, 0]:3f75c28f,C[1, 0]:403e3540
A[1, 13]:3eeeeef0,B[1, 0]:3d23d70a,C[1, 0]:40400001
A[1, 14]:3f000000,B[1, 0]:3df5c28f,C[1, 0]:4045c290
A[1, 15]:3f088889,B[1, 0]:3e4ccccc,C[1, 0]:40500001
A[1, 16]:3f111112,B[1, 0]:3e8f5c29,C[1, 0]:405f3b65
A[1, 17]:3f19999a,B[1, 0]:3eb851eb,C[1, 0]:4073f7d0
A[1, 18]:3f222223,B[1, 0]:3ee147ae,C[1, 0]:40875c2a
A[1, 19]:3f2aaaab,B[1, 0]:3f051eb8,C[1, 0]:40980001
A[1, 20]:3f333334,B[1, 0]:3f199999,C[1, 0]:40ac28f7
A[1, 21]:3f3bbbbc,B[1, 0]:3f2e147b,C[1, 0]:40c41895
A[1, 22]:3f444445,B[1, 0]:3f428f5c,C[1, 0]:40e01064
A[1, 23]:3f4cccce,B[1, 0]:3f570a3d,C[1, 0]:410028f7
A[1, 24]:3f555556,B[1, 0]:3f6b851e,C[1, 0]:41128f5d
A[1, 25]:3f5ddddf,B[1, 0]:0,C[1, 0]:41128f5d
A[1, 26]:3f666667,B[1, 0]:3da3d70a,C[1, 0]:411449bb
A[1, 27]:3f6eeef0,B[1, 0]:3e23d70a,C[1, 0]:4117df3c
A[1, 28]:3f777778,B[1, 0]:3e75c28f,C[1, 0]:411d70a4
A[1, 29]:0,B[1, 0]:3ea3d70a,C[1, 0]:411d70a4
A[1, 0]:3d088889,B[1, 1]:0,C[1, 1]:3df5c290
A[1, 1]:3d888889,B[1, 1]:3df5c28f,C[1, 1]:3e072b02
A[1, 2]:3dccccce,B[1, 1]:3e75c28f,C[1, 1]:3e2c0831
A[1, 3]:3e088889,B[1, 1]:3eb851eb,C[1, 1]:3e75c290
A[1, 4]:3e2aaaab,B[1, 1]:3ef5c28f,C[1, 1]:3eb851ec
A[1, 5]:3e4cccce,B[1, 1]:3f199999,C[1, 1]:3f0a3d71
A[1, 6]:3e6eeef0,B[1, 1]:3f3851eb,C[1, 1]:3f4ac084
A[1, 7]:3e888889,B[1, 1]:3f570a3d,C[1, 1]:3f90624e
A[1, 8]:3e99999a,B[1, 1]:3f75c28f,C[1, 1]:3fc7ae15
A[1, 9]:3eaaaaab,B[1, 1]:3da3d70a,C[1, 1]:3fcccccd
A[1, 10]:3ebbbbbc,B[1, 1]:3e4ccccc,C[1, 1]:3fdae148
A[1, 11]:3eccccce,B[1, 1]:3ea3d70a,C[1, 1]:3ff374bd
A[1, 12]:3edddddf,B[1, 1]:3ee147ae,C[1, 1]:400c0832
A[1, 13]:3eeeeef0,B[1, 1]:3f0f5c29,C[1, 1]:40251eb9
A[1, 14]:3f000000,B[1, 1]:3f2e147b,C[1, 1]:4045c290
A[1, 15]:3f088889,B[1, 1]:3f4ccccc,C[1, 1]:406eb853
A[1, 16]:3f111112,B[1, 1]:3f6b851e,C[1, 1]:4090624e
A[1, 17]:3f19999a,B[1, 1]:3d23d70a,C[1, 1]:40918937
A[1, 18]:3f222223,B[1, 1]:3e23d70a,C[1, 1]:40966666
A[1, 19]:3f2aaaab,B[1, 1]:3e8f5c29,C[1, 1]:409f5c29
A[1, 20]:3f333334,B[1, 1]:3ecccccc,C[1, 1]:40accccd
A[1, 21]:3f3bbbbc,B[1, 1]:3f051eb8,C[1, 1]:40bf1aa0
A[1, 22]:3f444445,B[1, 1]:3f23d70a,C[1, 1]:40d6a7f0
A[1, 23]:3f4cccce,B[1, 1]:3f428f5c,C[1, 1]:40f3d70b
A[1, 24]:3f555556,B[1, 1]:3f6147ae,C[1, 1]:410b851f
A[1, 25]:3f5ddddf,B[1, 1]:0,C[1, 1]:410b851f
A[1, 26]:3f666667,B[1, 1]:3df5c28f,C[1, 1]:410e1cac
A[1, 27]:3f6eeef0,B[1, 1]:3e75c28f,C[1, 1]:41137cee
A[1, 28]:3f777778,B[1, 1]:3eb851eb,C[1, 1]:411bd70b
A[1, 29]:0,B[1, 1]:3ef5c28f,C[1, 1]:411bd70b
A[1, 0]:3d088889,B[1, 2]:0,C[1, 2]:3e3851ec
A[1, 1]:3d888889,B[1, 2]:3e23d70a,C[1, 2]:3e48b43a
A[1, 2]:3dccccce,B[1, 2]:3ea3d70a,C[1, 2]:3e79db24
A[1, 3]:3e088889,B[1, 2]:3ef5c28f,C[1, 2]:3eae147c
A[1, 4]:3e2aaaab,B[1, 2]:3f23d70a,C[1, 2]:3f000000
A[1, 5]:3e4cccce,B[1, 2]:3f4ccccc,C[1, 2]:3f3d70a4
A[1, 6]:3e6eeef0,B[1, 2]:3f75c28f,C[1, 2]:3f89ba5e
A[1, 7]:3e888889,B[1, 2]:3df5c28f,C[1, 2]:3f8fdf3b
A[1, 8]:3e99999a,B[1, 2]:3e8f5c29,C[1, 2]:3fa00000
A[1, 9]:3eaaaaab,B[1, 2]:3ee147ae,C[1, 2]:3fbc28f6
A[1, 10]:3ebbbbbc,B[1, 2]:3f199999,C[1, 2]:3fe66666
A[1, 11]:3eccccce,B[1, 2]:3f428f5c,C[1, 2]:4010624e
A[1, 12]:3edddddf,B[1, 2]:3f6b851e,C[1, 2]:4036a7f0
A[1, 13]:3eeeeef0,B[1, 2]:3da3d70a,C[1, 2]:403a3d71
A[1, 14]:3f000000,B[1, 2]:3e75c28f,C[1, 2]:4045c290
A[1, 15]:3f088889,B[1, 2]:3ecccccc,C[1, 2]:405a3d71
A[1, 16]:3f111112,B[1, 2]:3f0f5c29,C[1, 2]:4078b43a
A[1, 17]:3f19999a,B[1, 2]:3f3851eb,C[1, 2]:40911688
A[1, 18]:3f222223,B[1, 2]:3f6147ae,C[1, 2]:40abd70b
A[1, 19]:3f2aaaab,B[1, 2]:3d23d70a,C[1, 2]:40ad1eb9
A[1, 20]:3f333334,B[1, 2]:3e4ccccc,C[1, 2]:40b3d70b
A[1, 21]:3f3bbbbc,B[1, 2]:3eb851eb,C[1, 2]:40c08313
A[1, 22]:3f444445,B[1, 2]:3f051eb8,C[1, 2]:40d3a5e4
A[1, 23]:3f4cccce,B[1, 2]:3f2e147b,C[1, 2]:40edc290
A[1, 24]:3f555556,B[1, 2]:3f570a3d,C[1, 2]:4107ae15
A[1, 25]:3f5ddddf,B[1, 2]:0,C[1, 2]:4107ae15
A[1, 26]:3f666667,B[1, 2]:3e23d70a,C[1, 2]:410b22d1
A[1, 27]:3f6eeef0,B[1, 2]:3ea3d70a,C[1, 2]:41124dd3
A[1, 28]:3f777778,B[1, 2]:3ef5c28f,C[1, 2]:411d70a4
A[1, 29]:0,B[1, 2]:3f23d70a,C[1, 2]:411d70a4
A[1, 0]:3d088889,B[1, 3]:0,C[1, 3]:3e75c290
A[1, 1]:3d888889,B[1, 3]:3e4ccccc,C[1, 3]:3e851eb9
A[1, 2]:3dccccce,B[1, 3]:3ecccccc,C[1, 3]:3ea3d70b
A[1, 3]:3e088889,B[1, 3]:3f199999,C[1, 3]:3ee147af
A[1, 4]:3e2aaaab,B[1, 3]:3f4ccccc,C[1, 3]:3f23d70a
A[1, 5]:3e4cccce,B[1, 3]:0,C[1, 3]:3f23d70a
A[1, 6]:3e6eeef0,B[1, 3]:3e4ccccc,C[1, 3]:3f35c28f
A[1, 7]:3e888889,B[1, 3]:3ecccccc,C[1, 3]:3f5eb852
A[1, 8]:3e99999a,B[1, 3]:3f199999,C[1, 3]:3f91eb85
A[1, 9]:3eaaaaab,B[1, 3]:3f4ccccc,C[1, 3]:3fc51eb8
A[1, 10]:3ebbbbbc,B[1, 3]:0,C[1, 3]:3fc51eb8
A[1, 11]:3eccccce,B[1, 3]:3e4ccccc,C[1, 3]:3fd47ae1
A[1, 12]:3edddddf,B[1, 3]:3ecccccc,C[1, 3]:3ff5c28f
A[1, 13]:3eeeeef0,B[1, 3]:3f199999,C[1, 3]:4015c28f
A[1, 14]:3f000000,B[1, 3]:3f4ccccc,C[1, 3]:403c28f5
A[1, 15]:3f088889,B[1, 3]:0,C[1, 3]:403c28f5
A[1, 16]:3f111112,B[1, 3]:3e4ccccc,C[1, 3]:40470a3d
A[1, 17]:3f19999a,B[1, 3]:3ecccccc,C[1, 3]:405e147a
A[1, 18]:3f222223,B[1, 3]:3f199999,C[1, 3]:408147ae
A[1, 19]:3f2aaaab,B[1, 3]:3f4ccccc,C[1, 3]:409ae148
A[1, 20]:3f333334,B[1, 3]:0,C[1, 3]:409ae148
A[1, 21]:3f3bbbbc,B[1, 3]:3e4ccccc,C[1, 3]:40a1eb85
A[1, 22]:3f444445,B[1, 3]:3ecccccc,C[1, 3]:40b0a3d7
A[1, 23]:3f4cccce,B[1, 3]:3f199999,C[1, 3]:40c7ae14
A[1, 24]:3f555556,B[1, 3]:3f4ccccc,C[1, 3]:40e7ae14
A[1, 25]:3f5ddddf,B[1, 3]:0,C[1, 3]:40e7ae14
A[1, 26]:3f666667,B[1, 3]:3e4ccccc,C[1, 3]:40f051eb
A[1, 27]:3f6eeef0,B[1, 3]:3ecccccc,C[1, 3]:41011eb8
A[1, 28]:3f777778,B[1, 3]:3f199999,C[1, 3]:410f0a3d
A[1, 29]:0,B[1, 3]:3f4ccccc,C[1, 3]:410f0a3d
A[1, 0]:3d088889,B[1, 4]:0,C[1, 4]:3e99999a
A[1, 1]:3d888889,B[1, 4]:3e75c28f,C[1, 4]:3ea5e354
A[1, 2]:3dccccce,B[1, 4]:3ef5c28f,C[1, 4]:3ecac083
A[1, 3]:3e088889,B[1, 4]:3f3851eb,C[1, 4]:3f0a3d71
A[1, 4]:3e2aaaab,B[1, 4]:3f75c28f,C[1, 4]:3f47ae15
A[1, 5]:3e4cccce,B[1, 4]:3e4ccccc,C[1, 4]:3f570a3e
A[1, 6]:3e6eeef0,B[1, 4]:3ee147ae,C[1, 4]:3f7e76ca
A[1, 7]:3e888889,B[1, 4]:3f2e147b,C[1, 4]:3fa20c4a
A[1, 8]:3e99999a,B[1, 4]:3f6b851e,C[1, 4]:3fd70a3e
A[1, 9]:3eaaaaab,B[1, 4]:3e23d70a,C[1, 4]:3fe147af
A[1, 10]:3ebbbbbc,B[1, 4]:3ecccccc,C[1, 4]:3ffd70a5
A[1, 11]:3eccccce,B[1, 4]:3f23d70a,C[1, 4]:40174bc7
A[1, 12]:3edddddf,B[1, 4]:3f6147ae,C[1, 4]:403be76d
A[1, 13]:3eeeeef0,B[1, 4]:3df5c28f,C[1, 4]:404147af
A[1, 14]:3f000000,B[1, 4]:3eb851eb,C[1, 4]:40528f5d
A[1, 15]:3f088889,B[1, 4]:3f199999,C[1, 4]:407147af
A[1, 16]:3f111112,B[1, 4]:3f570a3d,C[1, 4]:408f7cee
A[1, 17]:3f19999a,B[1, 4]:3da3d70a,C[1, 4]:4091cac1
A[1, 18]:3f222223,B[1, 4]:3ea3d70a,C[1, 4]:409b851f
A[1, 19]:3f2aaaab,B[1, 4]:3f0f5c29,C[1, 4]:40ad70a4
A[1, 20]:3f333334,B[1, 4]:3f4ccccc,C[1, 4]:40c851ec
A[1, 21]:3f3bbbbc,B[1, 4]:3d23d70a,C[1, 4]:40c9ba5f
A[1, 22]:3f444445,B[1, 4]:3e8f5c29,C[1, 4]:40d40832
A[1, 23]:3f4cccce,B[1, 4]:3f051eb8,C[1, 4]:40e80001
A[1, 24]:3f555556,B[1, 4]:3f428f5c,C[1, 4]:41033334
A[1, 25]:3f5ddddf,B[1, 4]:0,C[1, 4]:41033334
A[1, 26]:3f666667,B[1, 4]:3e75c28f,C[1, 4]:4108624f
A[1, 27]:3f6eeef0,B[1, 4]:3ef5c28f,C[1, 4]:411322d2
A[1, 28]:3f777778,B[1, 4]:3f3851eb,C[1, 4]:4123d70b
A[1, 29]:0,B[1, 4]:3f75c28f,C[1, 4]:4123d70b
A[1, 0]:3d088889,B[1, 5]:0,C[1, 5]:3eb851ec
A[1, 1]:3d888889,B[1, 5]:3e8f5c29,C[1, 5]:3ec6a7f0
A[1, 2]:3dccccce,B[1, 5]:3f0f5c29,C[1, 5]:3ef1a9fc
A[1, 3]:3e088889,B[1, 5]:3f570a3d,C[1, 5]:3f23d70a
A[1, 4]:3e2aaaab,B[1, 5]:3df5c28f,C[1, 5]:3f2b851e
A[1, 5]:3e4cccce,B[1, 5]:3ecccccc,C[1, 5]:3f4a3d70
A[1, 6]:3e6eeef0,B[1, 5]:3f2e147b,C[1, 5]:3f839581
A[1, 7]:3e888889,B[1, 5]:3f75c28f,C[1, 5]:3fb4bc6b
A[1, 8]:3e99999a,B[1, 5]:3e75c28f,C[1, 5]:3fc28f5d
A[1, 9]:3eaaaaab,B[1, 5]:3f051eb8,C[1, 5]:3fe3d70b
A[1, 10]:3ebbbbbc,B[1, 5]:3f4ccccc,C[1, 5]:400e147b
A[1, 11]:3eccccce,B[1, 5]:3da3d70a,C[1, 5]:401126ea
A[1, 12]:3edddddf,B[1, 5]:3eb851eb,C[1, 5]:402020c5
A[1, 13]:3eeeeef0,B[1, 5]:3f23d70a,C[1, 5]:403ccccd
A[1, 14]:3f000000,B[1, 5]:3f6b851e,C[1, 5]:4068f5c2
A[1, 15]:3f088889,B[1, 5]:3e4ccccc,C[1, 5]:40733333
A[1, 16]:3f111112,B[1, 5]:3ef5c28f,C[1, 5]:4086a7f0
A[1, 17]:3f19999a,B[1, 5]:3f428f5c,C[1, 5]:409c8b44
A[1, 18]:3f222223,B[1, 5]:3d23d70a,C[1, 5]:409dc290
A[1, 19]:3f2aaaab,B[1, 5]:3ea3d70a,C[1, 5]:40a80001
A[1, 20]:3f333334,B[1, 5]:3f199999,C[1, 5]:40bc28f7
A[1, 21]:3f3bbbbc,B[1, 5]:3f6147ae,C[1, 5]:40db22d2
A[1, 22]:3f444445,B[1, 5]:3e23d70a,C[1, 5]:40e10626
A[1, 23]:3f4cccce,B[1, 5]:3ee147ae,C[1, 5]:40f1eb86
A[1, 24]:3f555556,B[1, 5]:3f3851eb,C[1, 5]:41075c29
A[1, 25]:3f5ddddf,B[1, 5]:0,C[1, 5]:41075c29
A[1, 26]:3f666667,B[1, 5]:3e8f5c29,C[1, 5]:410d6873
A[1, 27]:3f6eeef0,B[1, 5]:3f0f5c29,C[1, 5]:4119f3b7
A[1, 28]:3f777778,B[1, 5]:3f570a3d,C[1, 5]:412d70a5
A[1, 29]:0,B[1, 5]:3df5c28f,C[1, 5]:412d70a5
A[1, 0]:3d088889,B[1, 6]:0,C[1, 6]:3ed70a3e
A[1, 1]:3d888889,B[1, 6]:3ea3d70a,C[1, 6]:3ee76c8c
A[1, 2]:3dccccce,B[1, 6]:3f23d70a,C[1, 6]:3f0c49bb
A[1, 3]:3e088889,B[1, 6]:3f75c28f,C[1, 6]:3f3d70a5
A[1, 4]:3e2aaaab,B[1, 6]:3e8f5c29,C[1, 6]:3f4f5c2a
A[1, 5]:3e4cccce,B[1, 6]:3f199999,C[1, 6]:3f7d70a5
A[1, 6]:3e6eeef0,B[1, 6]:3f6b851e,C[1, 6]:3fa7ef9e
A[1, 7]:3e888889,B[1, 6]:3e75c28f,C[1, 6]:3fb43958
A[1, 8]:3e99999a,B[1, 6]:3f0f5c29,C[1, 6]:3fd47ae1
A[1, 9]:3eaaaaab,B[1, 6]:3f6147ae,C[1, 6]:40066666
A[1, 10]:3ebbbbbc,B[1, 6]:3e4ccccc,C[1, 6]:400d70a3
A[1, 11]:3eccccce,B[1, 6]:3f051eb8,C[1, 6]:40216872
A[1, 12]:3edddddf,B[1, 6]:3f570a3d,C[1, 6]:40445a1c
A[1, 13]:3eeeeef0,B[1, 6]:3e23d70a,C[1, 6]:404b851e
A[1, 14]:3f000000,B[1, 6]:3ef5c28f,C[1, 6]:40628f5b
A[1, 15]:3f088889,B[1, 6]:3f4ccccc,C[1, 6]:4085c28f
A[1, 16]:3f111112,B[1, 6]:3df5c28f,C[1, 6]:40890625
A[1, 17]:3f19999a,B[1, 6]:3ee147ae,C[1, 6]:4095b22d
A[1, 18]:3f222223,B[1, 6]:3f428f5c,C[1, 6]:40accccd
A[1, 19]:3f2aaaab,B[1, 6]:3da3d70a,C[1, 6]:40af5c29
A[1, 20]:3f333334,B[1, 6]:3ecccccc,C[1, 6]:40bccccd
A[1, 21]:3f3bbbbc,B[1, 6]:3f3851eb,C[1, 6]:40d624dd
A[1, 22]:3f444445,B[1, 6]:3d23d70a,C[1, 6]:40d79db2
A[1, 23]:3f4cccce,B[1, 6]:3eb851eb,C[1, 6]:40e570a4
A[1, 24]:3f555556,B[1, 6]:3f2e147b,C[1, 6]:410051ec
A[1, 25]:3f5ddddf,B[1, 6]:0,C[1, 6]:410051ec
A[1, 26]:3f666667,B[1, 6]:3ea3d70a,C[1, 6]:41073b65
A[1, 27]:3f6eeef0,B[1, 6]:3f23d70a,C[1, 6]:41159169
A[1, 28]:3f777778,B[1, 6]:3f75c28f,C[1, 6]:412bd70b
A[1, 29]:0,B[1, 6]:3e8f5c29,C[1, 6]:412bd70b
A[1, 0]:3d088889,B[1, 7]:0,C[1, 7]:3ef5c290
A[1, 1]:3d888889,B[1, 7]:3eb851eb,C[1, 7]:3f041894
A[1, 2]:3dccccce,B[1, 7]:3f3851eb,C[1, 7]:3f1fbe77
A[1, 3]:3e088889,B[1, 7]:3da3d70a,C[1, 7]:3f23d70a
A[1, 4]:3e2aaaab,B[1, 7]:3ee147ae,C[1, 7]:3f400000
A[1, 5]:3e4cccce,B[1, 7]:3f4ccccc,C[1, 7]:3f7d70a4
A[1, 6]:3e6eeef0,B[1, 7]:3e23d70a,C[1, 7]:3f85e354
A[1, 7]:3e888889,B[1, 7]:3f051eb8,C[1, 7]:3fa08312
A[1, 8]:3e99999a,B[1, 7]:3f6147ae,C[1, 7]:3fd33333
A[1, 9]:3eaaaaab,B[1, 7]:3e75c28f,C[1, 7]:3fe28f5c
A[1, 10]:3ebbbbbc,B[1, 7]:3f199999,C[1, 7]:40066666
A[1, 11]:3eccccce,B[1, 7]:3f75c28f,C[1, 7]:402b4395
A[1, 12]:3edddddf,B[1, 7]:3ea3d70a,C[1, 7]:40389374
A[1, 13]:3eeeeef0,B[1, 7]:3f2e147b,C[1, 7]:40570a3d
A[1, 14]:3f000000,B[1, 7]:3d23d70a,C[1, 7]:4058f5c2
A[1, 15]:3f088889,B[1, 7]:3ecccccc,C[1, 7]:406d70a3
A[1, 16]:3f111112,B[1, 7]:3f428f5c,C[1, 7]:408b645a
A[1, 17]:3f19999a,B[1, 7]:3df5c28f,C[1, 7]:408ed916
A[1, 18]:3f222223,B[1, 7]:3ef5c28f,C[1, 7]:409d70a3
A[1, 19]:3f2aaaab,B[1, 7]:3f570a3d,C[1, 7]:40b851eb
A[1, 20]:3f333334,B[1, 7]:3e4ccccc,C[1, 7]:40bf0a3d
A[1, 21]:3f3bbbbc,B[1, 7]:3f0f5c29,C[1, 7]:40d2c083
A[1, 22]:3f444445,B[1, 7]:3f6b851e,C[1, 7]:40f49ba6
A[1, 23]:3f4cccce,B[1, 7]:3e8f5c29,C[1, 7]:40ff5c29
A[1, 24]:3f555556,B[1, 7]:3f23d70a,C[1, 7]:410c7ae1
A[1, 25]:3f5ddddf,B[1, 7]:0,C[1, 7]:410c7ae1
A[1, 26]:3f666667,B[1, 7]:3eb851eb,C[1, 7]:41144189
A[1, 27]:3f6eeef0,B[1, 7]:3f3851eb,C[1, 7]:4124624e
A[1, 28]:3f777778,B[1, 7]:3da3d70a,C[1, 7]:41263d71
A[1, 29]:0,B[1, 7]:3ee147ae,C[1, 7]:41263d71
A[1, 0]:3d088889,B[1, 8]:0,C[1, 8]:3f0a3d71
A[1, 1]:3d888889,B[1, 8]:3ecccccc,C[1, 8]:3f147ae2
A[1, 2]:3dccccce,B[1, 8]:3f4ccccc,C[1, 8]:3f333334
A[1, 3]:3e088889,B[1, 8]:3e4ccccc,C[1, 8]:3f3d70a5
A[1, 4]:3e2aaaab,B[1, 8]:3f199999,C[1, 8]:3f63d70b
A[1, 5]:3e4cccce,B[1, 8]:0,C[1, 8]:3f63d70b
A[1, 6]:3e6eeef0,B[1, 8]:3ecccccc,C[1, 8]:3f83d70b
A[1, 7]:3e888889,B[1, 8]:3f4ccccc,C[1, 8]:3facccce
A[1, 8]:3e99999a,B[1, 8]:3e4ccccc,C[1, 8]:3fb851ed
A[1, 9]:3eaaaaab,B[1, 8]:3f199999,C[1, 8]:3fdeb853
A[1, 10]:3ebbbbbc,B[1, 8]:0,C[1, 8]:3fdeb853
A[1, 11]:3eccccce,B[1, 8]:3ecccccc,C[1, 8]:3ffd70a5
A[1, 12]:3edddddf,B[1, 8]:3f4ccccc,C[1, 8]:40200000
A[1, 13]:3eeeeef0,B[1, 8]:3e4ccccc,C[1, 8]:4028f5c3
A[1, 14]:3f000000,B[1, 8]:3f199999,C[1, 8]:4045c290
A[1, 15]:3f088889,B[1, 8]:0,C[1, 8]:4045c290
A[1, 16]:3f111112,B[1, 8]:3ecccccc,C[1, 8]:405b851f
A[1, 17]:3f19999a,B[1, 8]:3f4ccccc,C[1, 8]:4084cccd
A[1, 18]:3f222223,B[1, 8]:3e4ccccc,C[1, 8]:408ae148
A[1, 19]:3f2aaaab,B[1, 8]:3f199999,C[1, 8]:409e147b
A[1, 20]:3f333334,B[1, 8]:0,C[1, 8]:409e147b
A[1, 21]:3f3bbbbc,B[1, 8]:3ecccccc,C[1, 8]:40ac28f6
A[1, 22]:3f444445,B[1, 8]:3f4ccccc,C[1, 8]:40c9999a
A[1, 23]:3f4cccce,B[1, 8]:3e4ccccc,C[1, 8]:40d147ae
A[1, 24]:3f555556,B[1, 8]:3f199999,C[1, 8]:40e947ae
A[1, 25]:3f5ddddf,B[1, 8]:0,C[1, 8]:40e947ae
A[1, 26]:3f666667,B[1, 8]:3ecccccc,C[1, 8]:40fa8f5c
A[1, 27]:3f6eeef0,B[1, 8]:3f4ccccc,C[1, 8]:410f3333
A[1, 28]:3f777778,B[1, 8]:3e4ccccc,C[1, 8]:4113d70a
A[1, 29]:0,B[1, 8]:3f199999,C[1, 8]:4113d70a
A[1, 0]:3d088889,B[1, 9]:0,C[1, 9]:3f19999a
A[1, 1]:3d888889,B[1, 9]:3ee147ae,C[1, 9]:3f24dd30
A[1, 2]:3dccccce,B[1, 9]:3f6147ae,C[1, 9]:3f46a7f0
A[1, 3]:3e088889,B[1, 9]:3ea3d70a,C[1, 9]:3f570a3e
A[1, 4]:3e2aaaab,B[1, 9]:3f428f5c,C[1, 9]:3f83d70a
A[1, 5]:3e4cccce,B[1, 9]:3e4ccccc,C[1, 9]:3f8b851e
A[1, 6]:3e6eeef0,B[1, 9]:3f23d70a,C[1, 9]:3fa83126
A[1, 7]:3e888889,B[1, 9]:3da3d70a,C[1, 9]:3fac49b9
A[1, 8]:3e99999a,B[1, 9]:3f051eb8,C[1, 9]:3fca3d6f
A[1, 9]:3eaaaaab,B[1, 9]:3f75c28f,C[1, 9]:4003d709
A[1, 10]:3ebbbbbc,B[1, 9]:3ecccccc,C[1, 9]:4011eb84
A[1, 11]:3eccccce,B[1, 9]:3f570a3d,C[1, 9]:40322d0d
A[1, 12]:3edddddf,B[1, 9]:3e8f5c29,C[1, 9]:403dd2f0
A[1, 13]:3eeeeef0,B[1, 9]:3f3851eb,C[1, 9]:405e1479
A[1, 14]:3f000000,B[1, 9]:3e23d70a,C[1, 9]:4065c28d
A[1, 15]:3f088889,B[1, 9]:3f199999,C[1, 9]:40823d70
A[1, 16]:3f111112,B[1, 9]:3d23d70a,C[1, 9]:408353f7
A[1, 17]:3f19999a,B[1, 9]:3ef5c28f,C[1, 9]:409126e9
A[1, 18]:3f222223,B[1, 9]:3f6b851e,C[1, 9]:40ad1eb8
A[1, 19]:3f2aaaab,B[1, 9]:3eb851eb,C[1, 9]:40b8a3d7
A[1, 20]:3f333334,B[1, 9]:3f4ccccc,C[1, 9]:40d3851f
A[1, 21]:3f3bbbbc,B[1, 9]:3e75c28f,C[1, 9]:40dbf7cf
A[1, 22]:3f444445,B[1, 9]:3f2e147b,C[1, 9]:40f4fdf4
A[1, 23]:3f4cccce,B[1, 9]:3df5c28f,C[1, 9]:40f9999a
A[1, 24]:3f555556,B[1, 9]:3f0f5c29,C[1, 9]:41080000
A[1, 25]:3f5ddddf,B[1, 9]:0,C[1, 9]:41080000
A[1, 26]:3f666667,B[1, 9]:3ee147ae,C[1, 9]:41118106
A[1, 27]:3f6eeef0,B[1, 9]:3f6147ae,C[1, 9]:4125374c
A[1, 28]:3f777778,B[1, 9]:3ea3d70a,C[1, 9]:412ca3d7
A[1, 29]:0,B[1, 9]:3f428f5c,C[1, 9]:412ca3d7
A[1, 0]:3d088889,B[1, 10]:0,C[1, 10]:3f28f5c3
A[1, 1]:3d888889,B[1, 10]:3ef5c28f,C[1, 10]:3f353f7d
A[1, 2]:3dccccce,B[1, 10]:3f75c28f,C[1, 10]:3f5a1cac
A[1, 3]:3e088889,B[1, 10]:3ee147ae,C[1, 10]:3f70a3d7
A[1, 4]:3e2aaaab,B[1, 10]:3f6b851e,C[1, 10]:3f95c28f
A[1, 5]:3e4cccce,B[1, 10]:3ecccccc,C[1, 10]:3fa51eb8
A[1, 6]:3e6eeef0,B[1, 10]:3f6147ae,C[1, 10]:3fcc8b44
A[1, 7]:3e888889,B[1, 10]:3eb851eb,C[1, 10]:3fdef9dc
A[1, 8]:3e99999a,B[1, 10]:3f570a3d,C[1, 10]:4007ae15
A[1, 9]:3eaaaaab,B[1, 10]:3ea3d70a,C[1, 10]:4011eb86
A[1, 10]:3ebbbbbc,B[1, 10]:3f4ccccc,C[1, 10]:402e147c
A[1, 11]:3eccccce,B[1, 10]:3e8f5c29,C[1, 10]:4038d4ff
A[1, 12]:3edddddf,B[1, 10]:3f428f5c,C[1, 10]:405872b1
A[1, 13]:3eeeeef0,B[1, 10]:3e75c28f,C[1, 10]:40633334
A[1, 14]:3f000000,B[1, 10]:3f3851eb,C[1, 10]:4082e148
A[1, 15]:3f088889,B[1, 10]:3e4ccccc,C[1, 10]:40880000
A[1, 16]:3f111112,B[1, 10]:3f2e147b,C[1, 10]:409a7efa
A[1, 17]:3f19999a,B[1, 10]:3e23d70a,C[1, 10]:409f1aa0
A[1, 18]:3f222223,B[1, 10]:3f23d70a,C[1, 10]:40b28f5c
A[1, 19]:3f2aaaab,B[1, 10]:3df5c28f,C[1, 10]:40b66666
A[1, 20]:3f333334,B[1, 10]:3f199999,C[1, 10]:40ca8f5c
A[1, 21]:3f3bbbbc,B[1, 10]:3da3d70a,C[1, 10]:40cd6041
A[1, 22]:3f444445,B[1, 10]:3f0f5c29,C[1, 10]:40e1fbe7
A[1, 23]:3f4cccce,B[1, 10]:3d23d70a,C[1, 10]:40e3851e
A[1, 24]:3f555556,B[1, 10]:3f051eb8,C[1, 10]:40f851eb
A[1, 25]:3f5ddddf,B[1, 10]:0,C[1, 10]:40f851eb
A[1, 26]:3f666667,B[1, 10]:3ef5c28f,C[1, 10]:4106872b
A[1, 27]:3f6eeef0,B[1, 10]:3f75c28f,C[1, 10]:411c0831
A[1, 28]:3f777778,B[1, 10]:3ee147ae,C[1, 10]:41263d70
A[1, 29]:0,B[1, 10]:3f6b851e,C[1, 10]:41263d70
A[1, 0]:3d088889,B[1, 11]:0,C[1, 11]:3f3851ec
A[1, 1]:3d888889,B[1, 11]:3f051eb8,C[1, 11]:3f45a1cb
A[1, 2]:3dccccce,B[1, 11]:3d23d70a,C[1, 11]:3f472b02
A[1, 3]:3e088889,B[1, 11]:3f0f5c29,C[1, 11]:3f63d70a
A[1, 4]:3e2aaaab,B[1, 11]:3da3d70a,C[1, 11]:3f68f5c2
A[1, 5]:3e4cccce,B[1, 11]:3f199999,C[1, 11]:3f8b851e
A[1, 6]:3e6eeef0,B[1, 11]:3df5c28f,C[1, 11]:3f90e560
A[1, 7]:3e888889,B[1, 11]:3f23d70a,C[1, 11]:3fb1a9fc
A[1, 8]:3e99999a,B[1, 11]:3e23d70a,C[1, 11]:3fbae148
A[1, 9]:3eaaaaab,B[1, 11]:3f2e147b,C[1, 11]:3fe66667
A[1, 10]:3ebbbbbc,B[1, 11]:3e4ccccc,C[1, 11]:3ff47ae2
A[1, 11]:3eccccce,B[1, 11]:3f3851eb,C[1, 11]:4015e354
A[1, 12]:3edddddf,B[1, 11]:3e75c28f,C[1, 11]:401fdf3b
A[1, 13]:3eeeeef0,B[1, 11]:3f428f5c,C[1, 11]:4041eb85
A[1, 14]:3f000000,B[1, 11]:3e8f5c29,C[1, 11]:404f5c29
A[1, 15]:3f088889,B[1, 11]:3f4ccccc,C[1, 11]:407851ec
A[1, 16]:3f111112,B[1, 11]:3ea3d70a,C[1, 11]:4084dd2f
A[1, 17]:3f19999a,B[1, 11]:3f570a3d,C[1, 11]:409d0e56
A[1, 18]:3f222223,B[1, 11]:3eb851eb,C[1, 11]:40a80000
A[1, 19]:3f2aaaab,B[1, 11]:3f6147ae,C[1, 11]:40c428f6
A[1, 20]:3f333334,B[1, 11]:3ecccccc,C[1, 11]:40d1999a
A[1, 21]:3f3bbbbc,B[1, 11]:3f6b851e,C[1, 11]:40f1fbe8
A[1, 22]:3f444445,B[1, 11]:3ee147ae,C[1, 11]:41011688
A[1, 23]:3f4cccce,B[1, 11]:3f75c28f,C[1, 11]:41138520
A[1, 24]:3f555556,B[1, 11]:3ef5c28f,C[1, 11]:411d1eba
A[1, 25]:3f5ddddf,B[1, 11]:0,C[1, 11]:411d1eba
A[1, 26]:3f666667,B[1, 11]:3f051eb8,C[1, 11]:41285a1e
A[1, 27]:3f6eeef0,B[1, 11]:3d23d70a,C[1, 11]:41293f7e
A[1, 28]:3f777778,B[1, 11]:3f0f5c29,C[1, 11]:41363d72
A[1, 29]:0,B[1, 11]:3da3d70a,C[1, 11]:41363d72
A[1, 0]:3d088889,B[1, 12]:0,C[1, 12]:3f47ae16
A[1, 1]:3d888889,B[1, 12]:3f0f5c29,C[1, 12]:3f56041a
A[1, 2]:3dccccce,B[1, 12]:3df5c28f,C[1, 12]:3f5a9fc0
A[1, 3]:3e088889,B[1, 12]:3f2e147b,C[1, 12]:3f7d70a6
A[1, 4]:3e2aaaab,B[1, 12]:3e75c28f,C[1, 12]:3f866667
A[1, 5]:3e4cccce,B[1, 12]:3f4ccccc,C[1, 12]:3fa51eb9
A[1, 6]:3e6eeef0,B[1, 12]:3eb851eb,C[1, 12]:3fb53f7e
A[1, 7]:3e888889,B[1, 12]:3f6b851e,C[1, 12]:3fe45a1e
A[1, 8]:3e99999a,B[1, 12]:3ef5c28f,C[1, 12]:40000001
A[1, 9]:3eaaaaab,B[1, 12]:3d23d70a,C[1, 12]:400147af
A[1, 10]:3ebbbbbc,B[1, 12]:3f199999,C[1, 12]:40166667
A[1, 11]:3eccccce,B[1, 12]:3e23d70a,C[1, 12]:401c8b44
A[1, 12]:3edddddf,B[1, 12]:3f3851eb,C[1, 12]:403a7efa
A[1, 13]:3eeeeef0,B[1, 12]:3e8f5c29,C[1, 12]:40470a3e
A[1, 14]:3f000000,B[1, 12]:3f570a3d,C[1, 12]:406f5c2a
A[1, 15]:3f088889,B[1, 12]:3ecccccc,C[1, 12]:4081eb86
A[1, 16]:3f111112,B[1, 12]:3f75c28f,C[1, 12]:409c0832
A[1, 17]:3f19999a,B[1, 12]:3f051eb8,C[1, 12]:40ab020d
A[1, 18]:3f222223,B[1, 12]:3da3d70a,C[1, 12]:40ad70a5
A[1, 19]:3f2aaaab,B[1, 12]:3f23d70a,C[1, 12]:40c1eb86
A[1, 20]:3f333334,B[1, 12]:3e4ccccc,C[1, 12]:40c8a3d8
A[1, 21]:3f3bbbbc,B[1, 12]:3f428f5c,C[1, 12]:40e3645b
A[1, 22]:3f444445,B[1, 12]:3ea3d70a,C[1, 12]:40ef2b03
A[1, 23]:3f4cccce,B[1, 12]:3f6147ae,C[1, 12]:41087ae2
A[1, 24]:3f555556,B[1, 12]:3ee147ae,C[1, 12]:411147af
A[1, 25]:3f5ddddf,B[1, 12]:0,C[1, 12]:411147af
A[1, 26]:3f666667,B[1, 12]:3f0f5c29,C[1, 12]:411d6042
A[1, 27]:3f6eeef0,B[1, 12]:3df5c28f,C[1, 12]:41201063
A[1, 28]:3f777778,B[1, 12]:3f2e147b,C[1, 12]:412fd70b
A[1, 29]:0,B[1, 12]:3e75c28f,C[1, 12]:412fd70b
A[1, 0]:3d088889,B[1, 13]:0,C[1, 13]:3f570a3e
A[1, 1]:3d888889,B[1, 13]:3f199999,C[1, 13]:3f666667
A[1, 2]:3dccccce,B[1, 13]:3e4ccccc,C[1, 13]:3f6e147b
A[1, 3]:3e088889,B[1, 13]:3f4ccccc,C[1, 13]:3f8b851f
A[1, 4]:3e2aaaab,B[1, 13]:3ecccccc,C[1, 13]:3f9851ec
A[1, 5]:3e4cccce,B[1, 13]:0,C[1, 13]:3f9851ec
A[1, 6]:3e6eeef0,B[1, 13]:3f199999,C[1, 13]:3fb33334
A[1, 7]:3e888889,B[1, 13]:3e4ccccc,C[1, 13]:3fbd70a5
A[1, 8]:3e99999a,B[1, 13]:3f4ccccc,C[1, 13]:3feb8520
A[1, 9]:3eaaaaab,B[1, 13]:3ecccccc,C[1, 13]:40028f5d
A[1, 10]:3ebbbbbc,B[1, 13]:0,C[1, 13]:40028f5d
A[1, 11]:3eccccce,B[1, 13]:3f199999,C[1, 13]:4019999a
A[1, 12]:3edddddf,B[1, 13]:3e4ccccc,C[1, 13]:4021eb86
A[1, 13]:3eeeeef0,B[1, 13]:3f4ccccc,C[1, 13]:4045c290
A[1, 14]:3f000000,B[1, 13]:3ecccccc,C[1, 13]:4058f5c3
A[1, 15]:3f088889,B[1, 13]:0,C[1, 13]:4058f5c3
A[1, 16]:3f111112,B[1, 13]:3f199999,C[1, 13]:4079999a
A[1, 17]:3f19999a,B[1, 13]:3e4ccccc,C[1, 13]:40828f5c
A[1, 18]:3f222223,B[1, 13]:3f4ccccc,C[1, 13]:409ae148
A[1, 19]:3f2aaaab,B[1, 13]:3ecccccc,C[1, 13]:40a7ae15
A[1, 20]:3f333334,B[1, 13]:0,C[1, 13]:40a7ae15
A[1, 21]:3f3bbbbc,B[1, 13]:3f199999,C[1, 13]:40bccccd
A[1, 22]:3f444445,B[1, 13]:3e4ccccc,C[1, 13]:40c428f6
A[1, 23]:3f4cccce,B[1, 13]:3f4ccccc,C[1, 13]:40e2e148
A[1, 24]:3f555556,B[1, 13]:3ecccccc,C[1, 13]:40f2e148
A[1, 25]:3f5ddddf,B[1, 13]:0,C[1, 13]:40f2e148
A[1, 26]:3f666667,B[1, 13]:3f199999,C[1, 13]:41066666
A[1, 27]:3f6eeef0,B[1, 13]:3e4ccccc,C[1, 13]:410ae147
A[1, 28]:3f777778,B[1, 13]:3f4ccccc,C[1, 13]:411d70a3
A[1, 29]:0,B[1, 13]:3ecccccc,C[1, 13]:411d70a3
A[1, 0]:3d088889,B[1, 14]:0,C[1, 14]:3f666667
A[1, 1]:3d888889,B[1, 14]:3f23d70a,C[1, 14]:3f76c8b5
A[1, 2]:3dccccce,B[1, 14]:3e8f5c29,C[1, 14]:3f80c49c
A[1, 3]:3e088889,B[1, 14]:3f6b851e,C[1, 14]:3f9851ec
A[1, 4]:3e2aaaab,B[1, 14]:3f0f5c29,C[1, 14]:3faa3d71
A[1, 5]:3e4cccce,B[1, 14]:3e4ccccc,C[1, 14]:3fb1eb85
A[1, 6]:3e6eeef0,B[1, 14]:3f570a3d,C[1, 14]:3fd78d50
A[1, 7]:3e888889,B[1, 14]:3ef5c28f,C[1, 14]:3ff020c5
A[1, 8]:3e99999a,B[1, 14]:3df5c28f,C[1, 14]:3ff70a3e
A[1, 9]:3eaaaaab,B[1, 14]:3f428f5c,C[1, 14]:4013d70a
A[1, 10]:3ebbbbbc,B[1, 14]:3ecccccc,C[1, 14]:4021eb85
A[1, 11]:3eccccce,B[1, 14]:3d23d70a,C[1, 14]:402374bc
A[1, 12]:3edddddf,B[1, 14]:3f2e147b,C[1, 14]:403fbe76
A[1, 13]:3eeeeef0,B[1, 14]:3ea3d70a,C[1, 14]:404e147a
A[1, 14]:3f000000,B[1, 14]:3f75c28f,C[1, 14]:407c28f5
A[1, 15]:3f088889,B[1, 14]:3f199999,C[1, 14]:408d70a4
A[1, 16]:3f111112,B[1, 14]:3e75c28f,C[1, 14]:4093f7cf
A[1, 17]:3f19999a,B[1, 14]:3f6147ae,C[1, 14]:40ad4fe0
A[1, 18]:3f222223,B[1, 14]:3f051eb8,C[1, 14]:40bd1eb9
A[1, 19]:3f2aaaab,B[1, 14]:3e23d70a,C[1, 14]:40c23d71
A[1, 20]:3f333334,B[1, 14]:3f4ccccc,C[1, 14]:40dd1eb9
A[1, 21]:3f3bbbbc,B[1, 14]:3ee147ae,C[1, 14]:40ec9ba7
A[1, 22]:3f444445,B[1, 14]:3da3d70a,C[1, 14]:40ef8d51
A[1, 23]:3f4cccce,B[1, 14]:3f3851eb,C[1, 14]:4105999a
A[1, 24]:3f555556,B[1, 14]:3eb851eb,C[1, 14]:410ccccd
A[1, 25]:3f5ddddf,B[1, 14]:0,C[1, 14]:410ccccd
A[1, 26]:3f666667,B[1, 14]:3f23d70a,C[1, 14]:411a9fbf
A[1, 27]:3f6eeef0,B[1, 14]:3e8f5c29,C[1, 14]:4120e561
A[1, 28]:3f777778,B[1, 14]:3f6b851e,C[1, 14]:41363d71
A[1, 29]:0,B[1, 14]:3f0f5c29,C[1, 14]:41363d71
A[1, 0]:3d088889,B[1, 15]:0,C[1, 15]:3f75c290
A[1, 1]:3d888889,B[1, 15]:3f2e147b,C[1, 15]:3f839581
A[1, 2]:3dccccce,B[1, 15]:3eb851eb,C[1, 15]:3f8a7efa
A[1, 3]:3e088889,B[1, 15]:3d23d70a,C[1, 15]:3f8b851f
A[1, 4]:3e2aaaab,B[1, 15]:3f3851eb,C[1, 15]:3fa28f5c
A[1, 5]:3e4cccce,B[1, 15]:3ecccccc,C[1, 15]:3fb1eb85
A[1, 6]:3e6eeef0,B[1, 15]:3da3d70a,C[1, 15]:3fb58106
A[1, 7]:3e888889,B[1, 15]:3f428f5c,C[1, 15]:3fdc6a7f
A[1, 8]:3e99999a,B[1, 15]:3ee147ae,C[1, 15]:3ff5c290
A[1, 9]:3eaaaaab,B[1, 15]:3df5c28f,C[1, 15]:3ffd70a4
A[1, 10]:3ebbbbbc,B[1, 15]:3f4ccccc,C[1, 15]:401ae148
A[1, 11]:3eccccce,B[1, 15]:3ef5c28f,C[1, 15]:402d4fe0
A[1, 12]:3edddddf,B[1, 15]:3e23d70a,C[1, 15]:4033f7d0
A[1, 13]:3eeeeef0,B[1, 15]:3f570a3d,C[1, 15]:4059999b
A[1, 14]:3f000000,B[1, 15]:3f051eb8,C[1, 15]:40728f5e
A[1, 15]:3f088889,B[1, 15]:3e4ccccc,C[1, 15]:407ccccf
A[1, 16]:3f111112,B[1, 15]:3f6147ae,C[1, 15]:40965605
A[1, 17]:3f19999a,B[1, 15]:3f0f5c29,C[1, 15]:40a676ca
A[1, 18]:3f222223,B[1, 15]:3e75c28f,C[1, 15]:40adc291
A[1, 19]:3f2aaaab,B[1, 15]:3f6b851e,C[1, 15]:40cb3335
A[1, 20]:3f333334,B[1, 15]:3f199999,C[1, 15]:40df5c2b
A[1, 21]:3f3bbbbc,B[1, 15]:3e8f5c29,C[1, 15]:40e9374e
A[1, 22]:3f444445,B[1, 15]:3f75c28f,C[1, 15]:410645a3
A[1, 23]:3f4cccce,B[1, 15]:3f23d70a,C[1, 15]:41128f5d
A[1, 24]:3f555556,B[1, 15]:3ea3d70a,C[1, 15]:4118f5c3
A[1, 25]:3f5ddddf,B[1, 15]:0,C[1, 15]:4118f5c3
A[1, 26]:3f666667,B[1, 15]:3f2e147b,C[1, 15]:4127a5e4
A[1, 27]:3f6eeef0,B[1, 15]:3eb851eb,C[1, 15]:412fb646
A[1, 28]:3f777778,B[1, 15]:3d23d70a,C[1, 15]:4130a3d7
A[1, 29]:0,B[1, 15]:3f3851eb,C[1, 15]:4130a3d7
A[1, 0]:3d088889,B[1, 16]:0,C[1, 16]:3f828f5d
A[1, 1]:3d888889,B[1, 16]:3f3851eb,C[1, 16]:3f8bc6a9
A[1, 2]:3dccccce,B[1, 16]:3ee147ae,C[1, 16]:3f943959
A[1, 3]:3e088889,B[1, 16]:3e23d70a,C[1, 16]:3f9851ec
A[1, 4]:3e2aaaab,B[1, 16]:3f6147ae,C[1, 16]:3fb47ae2
A[1, 5]:3e4cccce,B[1, 16]:3f199999,C[1, 16]:3fcb851f
A[1, 6]:3e6eeef0,B[1, 16]:3ea3d70a,C[1, 16]:3fd9db23
A[1, 7]:3e888889,B[1, 16]:3d23d70a,C[1, 16]:3fdbe76d
A[1, 8]:3e99999a,B[1, 16]:3f428f5c,C[1, 16]:4003d70a
A[1, 9]:3eaaaaab,B[1, 16]:3ef5c28f,C[1, 16]:40133333
A[1, 10]:3ebbbbbc,B[1, 16]:3e4ccccc,C[1, 16]:401a3d70
A[1, 11]:3eccccce,B[1, 16]:3f6b851e,C[1, 16]:403d9168
A[1, 12]:3edddddf,B[1, 16]:3f23d70a,C[1, 16]:40583126
A[1, 13]:3eeeeef0,B[1, 16]:3eb851eb,C[1, 16]:406851eb
A[1, 14]:3f000000,B[1, 16]:3da3d70a,C[1, 16]:406c28f5
A[1, 15]:3f088889,B[1, 16]:3f4ccccc,C[1, 16]:408a8f5c
A[1, 16]:3f111112,B[1, 16]:3f051eb8,C[1, 16]:4098b439
A[1, 17]:3f19999a,B[1, 16]:3e75c28f,C[1, 16]:409f9db2
A[1, 18]:3f222223,B[1, 16]:3f75c28f,C[1, 16]:40bccccd
A[1, 19]:3f2aaaab,B[1, 16]:3f2e147b,C[1, 16]:40d28f5c
A[1, 20]:3f333334,B[1, 16]:3ecccccc,C[1, 16]:40e00000
A[1, 21]:3f3bbbbc,B[1, 16]:3df5c28f,C[1, 16]:40e43958
A[1, 22]:3f444445,B[1, 16]:3f570a3d,C[1, 16]:41019168
A[1, 23]:3f4cccce,B[1, 16]:3f0f5c29,C[1, 16]:410c51eb
A[1, 24]:3f555556,B[1, 16]:3e8f5c29,C[1, 16]:4111eb85
A[1, 25]:3f5ddddf,B[1, 16]:0,C[1, 16]:4111eb85
A[1, 26]:3f666667,B[1, 16]:3f3851eb,C[1, 16]:412178d5
A[1, 27]:3f6eeef0,B[1, 16]:3ee147ae,C[1, 16]:412b53f8
A[1, 28]:3f777778,B[1, 16]:3e23d70a,C[1, 16]:412f0a3e
A[1, 29]:0,B[1, 16]:3f6147ae,C[1, 16]:412f0a3e
A[1, 0]:3d088889,B[1, 17]:0,C[1, 17]:3f8a3d71
A[1, 1]:3d888889,B[1, 17]:3f428f5c,C[1, 17]:3f93f7cf
A[1, 2]:3dccccce,B[1, 17]:3f051eb8,C[1, 17]:3f9df3b6
A[1, 3]:3e088889,B[1, 17]:3e8f5c29,C[1, 17]:3fa51eb8
A[1, 4]:3e2aaaab,B[1, 17]:3d23d70a,C[1, 17]:3fa66666
A[1, 5]:3e4cccce,B[1, 17]:3f4ccccc,C[1, 17]:3fc51eb8
A[1, 6]:3e6eeef0,B[1, 17]:3f0f5c29,C[1, 17]:3fde353f
A[1, 7]:3e888889,B[1, 17]:3ea3d70a,C[1, 17]:3fee978d
A[1, 8]:3e99999a,B[1, 17]:3da3d70a,C[1, 17]:3ff33333
A[1, 9]:3eaaaaab,B[1, 17]:3f570a3d,C[1, 17]:40147ae1
A[1, 10]:3ebbbbbc,B[1, 17]:3f199999,C[1, 17]:40299999
A[1, 11]:3eccccce,B[1, 17]:3eb851eb,C[1, 17]:40376c8b
A[1, 12]:3edddddf,B[1, 17]:3df5c28f,C[1, 17]:403c6a7f
A[1, 13]:3eeeeef0,B[1, 17]:3f6147ae,C[1, 17]:4063d70a
A[1, 14]:3f000000,B[1, 17]:3f23d70a,C[1, 17]:408147ae
A[1, 15]:3f088889,B[1, 17]:3ecccccc,C[1, 17]:408b851f
A[1, 16]:3f111112,B[1, 17]:3e23d70a,C[1, 17]:408fdf3c
A[1, 17]:3f19999a,B[1, 17]:3f6b851e,C[1, 17]:40aa5e36
A[1, 18]:3f222223,B[1, 17]:3f2e147b,C[1, 17]:40bf0a3e
A[1, 19]:3f2aaaab,B[1, 17]:3ee147ae,C[1, 17]:40cd1eb9
A[1, 20]:3f333334,B[1, 17]:3e4ccccc,C[1, 17]:40d3d70b
A[1, 21]:3f3bbbbc,B[1, 17]:3f75c28f,C[1, 17]:40f5a1cc
A[1, 22]:3f444445,B[1, 17]:3f3851eb,C[1, 17]:41081063
A[1, 23]:3f4cccce,B[1, 17]:3ef5c28f,C[1, 17]:411147af
A[1, 24]:3f555556,B[1, 17]:3e75c28f,C[1, 17]:4116147c
A[1, 25]:3f5ddddf,B[1, 17]:0,C[1, 17]:4116147c
A[1, 26]:3f666667,B[1, 17]:3f428f5c,C[1, 17]:41267efb
A[1, 27]:3f6eeef0,B[1, 17]:3f051eb8,C[1, 17]:413224de
A[1, 28]:3f777778,B[1, 17]:3e8f5c29,C[1, 17]:4138a3d8
A[1, 29]:0,B[1, 17]:3d23d70a,C[1, 17]:4138a3d8
A[1, 0]:3d088889,B[1, 18]:0,C[1, 18]:3f91eb85
A[1, 1]:3d888889,B[1, 18]:3f4ccccc,C[1, 18]:3f9c28f6
A[1, 2]:3dccccce,B[1, 18]:3f199999,C[1, 18]:3fa7ae15
A[1, 3]:3e088889,B[1, 18]:3ecccccc,C[1, 18]:3fb1eb86
A[1, 4]:3e2aaaab,B[1, 18]:3e4ccccc,C[1, 18]:3fb851ec
A[1, 5]:3e4cccce,B[1, 18]:0,C[1, 18]:3fb851ec
A[1, 6]:3e6eeef0,B[1, 18]:3f4ccccc,C[1, 18]:3fdc28f6
A[1, 7]:3e888889,B[1, 18]:3f199999,C[1, 18]:3ffae148
A[1, 8]:3e99999a,B[1, 18]:3ecccccc,C[1, 18]:4008f5c3
A[1, 9]:3eaaaaab,B[1, 18]:3e4ccccc,C[1, 18]:400f5c29
A[1, 10]:3ebbbbbc,B[1, 18]:0,C[1, 18]:400f5c29
A[1, 11]:3eccccce,B[1, 18]:3f4ccccc,C[1, 18]:402e147b
A[1, 12]:3edddddf,B[1, 18]:3f199999,C[1, 18]:40470a3e
A[1, 13]:3eeeeef0,B[1, 18]:3ecccccc,C[1, 18]:4058f5c3
A[1, 14]:3f000000,B[1, 18]:3e4ccccc,C[1, 18]:40628f5d
A[1, 15]:3f088889,B[1, 18]:0,C[1, 18]:40628f5d
A[1, 16]:3f111112,B[1, 18]:3f4ccccc,C[1, 18]:40870a3e
A[1, 17]:3f19999a,B[1, 18]:3f199999,C[1, 18]:409851ec
A[1, 18]:3f222223,B[1, 18]:3ecccccc,C[1, 18]:40a47ae2
A[1, 19]:3f2aaaab,B[1, 18]:3e4ccccc,C[1, 18]:40aae148
A[1, 20]:3f333334,B[1, 18]:0,C[1, 18]:40aae148
A[1, 21]:3f3bbbbc,B[1, 18]:3f4ccccc,C[1, 18]:40c70a3e
A[1, 22]:3f444445,B[1, 18]:3f199999,C[1, 18]:40dd1eb9
A[1, 23]:3f4cccce,B[1, 18]:3ecccccc,C[1, 18]:40ec7ae2
A[1, 24]:3f555556,B[1, 18]:3e4ccccc,C[1, 18]:40f47ae2
A[1, 25]:3f5ddddf,B[1, 18]:0,C[1, 18]:40f47ae2
A[1, 26]:3f666667,B[1, 18]:3f4ccccc,C[1, 18]:410b851f
A[1, 27]:3f6eeef0,B[1, 18]:3f199999,C[1, 18]:4118f5c3
A[1, 28]:3f777778,B[1, 18]:3ecccccc,C[1, 18]:41223d71
A[1, 29]:0,B[1, 18]:3e4ccccc,C[1, 18]:41223d71
A[1, 0]:3d088889,B[1, 19]:0,C[1, 19]:0
A[1, 1]:3d888889,B[1, 19]:3f570a3d,C[1, 19]:3dac0832
A[1, 2]:3dccccce,B[1, 19]:3f2e147b,C[1, 19]:3e3e76ca
A[1, 3]:3e088889,B[1, 19]:3f051eb8,C[1, 19]:3e947ae2
A[1, 4]:3e2aaaab,B[1, 19]:3eb851eb,C[1, 19]:3ec28f5d
A[1, 5]:3e4cccce,B[1, 19]:3e4ccccc,C[1, 19]:3ee147af
A[1, 6]:3e6eeef0,B[1, 19]:3d23d70a,C[1, 19]:3ee872b1
A[1, 7]:3e888889,B[1, 19]:3f6147ae,C[1, 19]:3f4e5605
A[1, 8]:3e99999a,B[1, 19]:3f3851eb,C[1, 19]:3f90a3d8
A[1, 9]:3eaaaaab,B[1, 19]:3f0f5c29,C[1, 19]:3fb47ae2
A[1, 10]:3ebbbbbc,B[1, 19]:3ecccccc,C[1, 19]:3fd0a3d8
A[1, 11]:3eccccce,B[1, 19]:3e75c28f,C[1, 19]:3fe31270
A[1, 12]:3edddddf,B[1, 19]:3da3d70a,C[1, 19]:3fe9ba60
A[1, 13]:3eeeeef0,B[1, 19]:3f6b851e,C[1, 19]:401e147c
A[1, 14]:3f000000,B[1, 19]:3f428f5c,C[1, 19]:40428f5d
A[1, 15]:3f088889,B[1, 19]:3f199999,C[1, 19]:406147af
A[1, 16]:3f111112,B[1, 19]:3ee147ae,C[1, 19]:4079374d
A[1, 17]:3f19999a,B[1, 19]:3e8f5c29,C[1, 19]:4084ac09
A[1, 18]:3f222223,B[1, 19]:3df5c28f,C[1, 19]:408851ec
A[1, 19]:3f2aaaab,B[1, 19]:3f75c28f,C[1, 19]:40a70a3e
A[1, 20]:3f333334,B[1, 19]:3f4ccccc,C[1, 19]:40c1eb86
A[1, 21]:3f3bbbbc,B[1, 19]:3f23d70a,C[1, 19]:40d872b1
A[1, 22]:3f444445,B[1, 19]:3ef5c28f,C[1, 19]:40ea1cad
A[1, 23]:3f4cccce,B[1, 19]:3ea3d70a,C[1, 19]:40f66667
A[1, 24]:3f555556,B[1, 19]:3e23d70a,C[1, 19]:40fccccd
A[1, 25]:3f5ddddf,B[1, 19]:0,C[1, 19]:40fccccd
A[1, 26]:3f666667,B[1, 19]:3f570a3d,C[1, 19]:41108b44
A[1, 27]:3f6eeef0,B[1, 19]:3f2e147b,C[1, 19]:411fc6a8
A[1, 28]:3f777778,B[1, 19]:3f051eb8,C[1, 19]:412bd70a
A[1, 29]:0,B[1, 19]:3eb851eb,C[1, 19]:412bd70a
A[1, 0]:3d088889,B[1, 20]:0,C[1, 20]:3d75c290
A[1, 1]:3d888889,B[1, 20]:3f6147ae,C[1, 20]:3e178d50
A[1, 2]:3dccccce,B[1, 20]:3f428f5c,C[1, 20]:3e8624dd
A[1, 3]:3e088889,B[1, 20]:3f23d70a,C[1, 20]:3ec7ae14
A[1, 4]:3e2aaaab,B[1, 20]:3f051eb8,C[1, 20]:3f051eb8
A[1, 5]:3e4cccce,B[1, 20]:3ecccccc,C[1, 20]:3f23d70a
A[1, 6]:3e6eeef0,B[1, 20]:3e8f5c29,C[1, 20]:3f3ced91
A[1, 7]:3e888889,B[1, 20]:3e23d70a,C[1, 20]:3f4d4fdf
A[1, 8]:3e99999a,B[1, 20]:3d23d70a,C[1, 20]:3f51eb85
A[1, 9]:3eaaaaab,B[1, 20]:3f6b851e,C[1, 20]:3fa3d70a
A[1, 10]:3ebbbbbc,B[1, 20]:3f4ccccc,C[1, 20]:3fdc28f6
A[1, 11]:3eccccce,B[1, 20]:3f2e147b,C[1, 20]:40083127
A[1, 12]:3edddddf,B[1, 20]:3f0f5c29,C[1, 20]:401f7cee
A[1, 13]:3eeeeef0,B[1, 20]:3ee147ae,C[1, 20]:40333334
A[1, 14]:3f000000,B[1, 20]:3ea3d70a,C[1, 20]:40428f5d
A[1, 15]:3f088889,B[1, 20]:3e4ccccc,C[1, 20]:404cccce
A[1, 16]:3f111112,B[1, 20]:3da3d70a,C[1, 20]:405126eb
A[1, 17]:3f19999a,B[1, 20]:3f75c28f,C[1, 20]:40843959
A[1, 18]:3f222223,B[1, 20]:3f570a3d,C[1, 20]:409dc290
A[1, 19]:3f2aaaab,B[1, 20]:3f3851eb,C[1, 20]:40b4cccd
A[1, 20]:3f333334,B[1, 20]:3f199999,C[1, 20]:40c8f5c3
A[1, 21]:3f3bbbbc,B[1, 20]:3ef5c28f,C[1, 20]:40d9db23
A[1, 22]:3f444445,B[1, 20]:3eb851eb,C[1, 20]:40e71aa0
A[1, 23]:3f4cccce,B[1, 20]:3e75c28f,C[1, 20]:40f051ec
A[1, 24]:3f555556,B[1, 20]:3df5c28f,C[1, 20]:40f51eb9
A[1, 25]:3f5ddddf,B[1, 20]:0,C[1, 20]:40f51eb9
A[1, 26]:3f666667,B[1, 20]:3f6147ae,C[1, 20]:410d9169
A[1, 27]:3f6eeef0,B[1, 20]:3f428f5c,C[1, 20]:411e978e
A[1, 28]:3f777778,B[1, 20]:3f23d70a,C[1, 20]:412d70a5
A[1, 29]:0,B[1, 20]:3f051eb8,C[1, 20]:412d70a5
A[1, 0]:3d088889,B[1, 21]:0,C[1, 21]:3df5c290
A[1, 1]:3d888889,B[1, 21]:3f6b851e,C[1, 21]:3e591688
A[1, 2]:3dccccce,B[1, 21]:3f570a3d,C[1, 21]:3ead0e56
A[1, 3]:3e088889,B[1, 21]:3f428f5c,C[1, 21]:3efae148
A[1, 4]:3e2aaaab,B[1, 21]:3f2e147b,C[1, 21]:3f28f5c3
A[1, 5]:3e4cccce,B[1, 21]:3f199999,C[1, 21]:3f570a3e
A[1, 6]:3e6eeef0,B[1, 21]:3f051eb8,C[1, 21]:3f82d0e6
A[1, 7]:3e888889,B[1, 21]:3ee147ae,C[1, 21]:3f995811
A[1, 8]:3e99999a,B[1, 21]:3eb851eb,C[1, 21]:3fae147c
A[1, 9]:3eaaaaab,B[1, 21]:3e8f5c29,C[1, 21]:3fc00001
A[1, 10]:3ebbbbbc,B[1, 21]:3e4ccccc,C[1, 21]:3fce147c
A[1, 11]:3eccccce,B[1, 21]:3df5c28f,C[1, 21]:3fd74bc8
A[1, 12]:3edddddf,B[1, 21]:3d23d70a,C[1, 21]:3fda9fc0
A[1, 13]:3eeeeef0,B[1, 21]:3f75c28f,C[1, 21]:401851ec
A[1, 14]:3f000000,B[1, 21]:3f6147ae,C[1, 21]:40428f5c
A[1, 15]:3f088889,B[1, 21]:3f4ccccc,C[1, 21]:406b851f
A[1, 16]:3f111112,B[1, 21]:3f3851eb,C[1, 21]:40895811
A[1, 17]:3f19999a,B[1, 21]:3f23d70a,C[1, 21]:409bc6a9
A[1, 18]:3f222223,B[1, 21]:3f0f5c29,C[1, 21]:40acccce
A[1, 19]:3f2aaaab,B[1, 21]:3ef5c28f,C[1, 21]:40bc28f7
A[1, 20]:3f333334,B[1, 21]:3ecccccc,C[1, 21]:40c9999b
A[1, 21]:3f3bbbbc,B[1, 21]:3ea3d70a,C[1, 21]:40d4dd30
A[1, 22]:3f444445,B[1, 21]:3e75c28f,C[1, 21]:40ddb22e
A[1, 23]:3f4cccce,B[1, 21]:3e23d70a,C[1, 21]:40e3d70b
A[1, 24]:3f555556,B[1, 21]:3da3d70a,C[1, 21]:40e70a3e
A[1, 25]:3f5ddddf,B[1, 21]:0,C[1, 21]:40e70a3e
A[1, 26]:3f666667,B[1, 21]:3f6b851e,C[1, 21]:4107645a
A[1, 27]:3f6eeef0,B[1, 21]:3f570a3d,C[1, 21]:411a353f
A[1, 28]:3f777778,B[1, 21]:3f428f5c,C[1, 21]:412bd70a
A[1, 29]:0,B[1, 21]:3f2e147b,C[1, 21]:412bd70a
A[1, 0]:3d088889,B[1, 22]:0,C[1, 22]:3e3851ec
A[1, 1]:3d888889,B[1, 22]:3f75c28f,C[1, 22]:3e8d4fe0
A[1, 2]:3dccccce,B[1, 22]:3f6b851e,C[1, 22]:3ed3f7d0
A[1, 3]:3e088889,B[1, 22]:3f6147ae,C[1, 22]:3f170a3e
A[1, 4]:3e2aaaab,B[1, 22]:3f570a3d,C[1, 22]:3f4ccccd
A[1, 5]:3e4cccce,B[1, 22]:3f4ccccc,C[1, 22]:3f851eb8
A[1, 6]:3e6eeef0,B[1, 22]:3f428f5c,C[1, 22]:3fa72b02
A[1, 7]:3e888889,B[1, 22]:3f3851eb,C[1, 22]:3fcc0831
A[1, 8]:3e99999a,B[1, 22]:3f2e147b,C[1, 22]:3ff33333
A[1, 9]:3eaaaaab,B[1, 22]:3f23d70a,C[1, 22]:400e147b
A[1, 10]:3ebbbbbc,B[1, 22]:3f199999,C[1, 22]:40233333
A[1, 11]:3eccccce,B[1, 22]:3f0f5c29,C[1, 22]:4038b439
A[1, 12]:3edddddf,B[1, 22]:3f051eb8,C[1, 22]:404e5604
A[1, 13]:3eeeeef0,B[1, 22]:3ef5c28f,C[1, 22]:4063d70a
A[1, 14]:3f000000,B[1, 22]:3ee147ae,C[1, 22]:4078f5c2
A[1, 15]:3f088889,B[1, 22]:3ecccccc,C[1, 22]:4086b852
A[1, 16]:3f111112,B[1, 22]:3eb851eb,C[1, 22]:40908313
A[1, 17]:3f19999a,B[1, 22]:3ea3d70a,C[1, 22]:4099ba5f
A[1, 18]:3f222223,B[1, 22]:3e8f5c29,C[1, 22]:40a23d71
A[1, 19]:3f2aaaab,B[1, 22]:3e75c28f,C[1, 22]:40a9eb85
A[1, 20]:3f333334,B[1, 22]:3e4ccccc,C[1, 22]:40b0a3d7
A[1, 21]:3f3bbbbc,B[1, 22]:3e23d70a,C[1, 22]:40b645a2
A[1, 22]:3f444445,B[1, 22]:3df5c28f,C[1, 22]:40bab021
A[1, 23]:3f4cccce,B[1, 22]:3da3d70a,C[1, 22]:40bdc290
A[1, 24]:3f555556,B[1, 22]:3d23d70a,C[1, 22]:40bf5c2a
A[1, 25]:3f5ddddf,B[1, 22]:0,C[1, 22]:40bf5c2a
A[1, 26]:3f666667,B[1, 22]:3f75c28f,C[1, 22]:40e8d4ff
A[1, 27]:3f6eeef0,B[1, 22]:3f6b851e,C[1, 22]:41090625
A[1, 28]:3f777778,B[1, 22]:3f6147ae,C[1, 22]:411d70a4
A[1, 29]:0,B[1, 22]:3f570a3d,C[1, 22]:411d70a4
A[1, 0]:3d088889,B[1, 23]:0,C[1, 23]:3e75c290
A[1, 1]:3d888889,B[1, 23]:0,C[1, 23]:3e75c290
A[1, 2]:3dccccce,B[1, 23]:0,C[1, 23]:3e75c290
A[1, 3]:3e088889,B[1, 23]:0,C[1, 23]:3e75c290
A[1, 4]:3e2aaaab,B[1, 23]:0,C[1, 23]:3e75c290
A[1, 5]:3e4cccce,B[1, 23]:0,C[1, 23]:3e75c290
A[1, 6]:3e6eeef0,B[1, 23]:0,C[1, 23]:3e75c290
A[1, 7]:3e888889,B[1, 23]:0,C[1, 23]:3e75c290
A[1, 8]:3e99999a,B[1, 23]:0,C[1, 23]:3e75c290
A[1, 9]:3eaaaaab,B[1, 23]:0,C[1, 23]:3e75c290
A[1, 10]:3ebbbbbc,B[1, 23]:0,C[1, 23]:3e75c290
A[1, 11]:3eccccce,B[1, 23]:0,C[1, 23]:3e75c290
A[1, 12]:3edddddf,B[1, 23]:0,C[1, 23]:3e75c290
A[1, 13]:3eeeeef0,B[1, 23]:0,C[1, 23]:3e75c290
A[1, 14]:3f000000,B[1, 23]:0,C[1, 23]:3e75c290
A[1, 15]:3f088889,B[1, 23]:0,C[1, 23]:3e75c290
A[1, 16]:3f111112,B[1, 23]:0,C[1, 23]:3e75c290
A[1, 17]:3f19999a,B[1, 23]:0,C[1, 23]:3e75c290
A[1, 18]:3f222223,B[1, 23]:0,C[1, 23]:3e75c290
A[1, 19]:3f2aaaab,B[1, 23]:0,C[1, 23]:3e75c290
A[1, 20]:3f333334,B[1, 23]:0,C[1, 23]:3e75c290
A[1, 21]:3f3bbbbc,B[1, 23]:0,C[1, 23]:3e75c290
A[1, 22]:3f444445,B[1, 23]:0,C[1, 23]:3e75c290
A[1, 23]:3f4cccce,B[1, 23]:0,C[1, 23]:3e75c290
A[1, 24]:3f555556,B[1, 23]:0,C[1, 23]:3e75c290
A[1, 25]:3f5ddddf,B[1, 23]:0,C[1, 23]:3e75c290
A[1, 26]:3f666667,B[1, 23]:0,C[1, 23]:3e75c290
A[1, 27]:3f6eeef0,B[1, 23]:0,C[1, 23]:3e75c290
A[1, 28]:3f777778,B[1, 23]:0,C[1, 23]:3e75c290
A[1, 29]:0,B[1, 23]:0,C[1, 23]:3e75c290
A[1, 0]:3d088889,B[1, 24]:0,C[1, 24]:3e99999a
A[1, 1]:3d888889,B[1, 24]:3d23d70a,C[1, 24]:3e9ba5e4
A[1, 2]:3dccccce,B[1, 24]:3da3d70a,C[1, 24]:3ea1cac1
A[1, 3]:3e088889,B[1, 24]:3df5c28f,C[1, 24]:3eae147b
A[1, 4]:3e2aaaab,B[1, 24]:3e23d70a,C[1, 24]:3ec28f5c
A[1, 5]:3e4cccce,B[1, 24]:3e4ccccc,C[1, 24]:3ee147ae
A[1, 6]:3e6eeef0,B[1, 24]:3e75c28f,C[1, 24]:3f0624dd
A[1, 7]:3e888889,B[1, 24]:3e8f5c29,C[1, 24]:3f22d0e5
A[1, 8]:3e99999a,B[1, 24]:3ea3d70a,C[1, 24]:3f47ae14
A[1, 9]:3eaaaaab,B[1, 24]:3eb851eb,C[1, 24]:3f75c28f
A[1, 10]:3ebbbbbc,B[1, 24]:3ecccccc,C[1, 24]:3f970a3d
A[1, 11]:3eccccce,B[1, 24]:3ee147ae,C[1, 24]:3fb8d4fe
A[1, 12]:3edddddf,B[1, 24]:3ef5c28f,C[1, 24]:3fe0c49c
A[1, 13]:3eeeeef0,B[1, 24]:3f051eb8,C[1, 24]:4007ae15
A[1, 14]:3f000000,B[1, 24]:3f0f5c29,C[1, 24]:40228f5d
A[1, 15]:3f088889,B[1, 24]:3f199999,C[1, 24]:404147af
A[1, 16]:3f111112,B[1, 24]:3f23d70a,C[1, 24]:40641894
A[1, 17]:3f19999a,B[1, 24]:3f2e147b,C[1, 24]:4085a1cb
A[1, 18]:3f222223,B[1, 24]:3f3851eb,C[1, 24]:409b851f
A[1, 19]:3f2aaaab,B[1, 24]:3f428f5c,C[1, 24]:40b3d70a
A[1, 20]:3f333334,B[1, 24]:3f4ccccc,C[1, 24]:40ceb852
A[1, 21]:3f3bbbbc,B[1, 24]:3f570a3d,C[1, 24]:40ec49ba
A[1, 22]:3f444445,B[1, 24]:3f6147ae,C[1, 24]:41065604
A[1, 23]:3f4cccce,B[1, 24]:3f6b851e,C[1, 24]:41180000
A[1, 24]:3f555556,B[1, 24]:3f75c28f,C[1, 24]:412b3333
A[1, 25]:3f5ddddf,B[1, 24]:0,C[1, 24]:412b3333
A[1, 26]:3f666667,B[1, 24]:3d23d70a,C[1, 24]:412c1062
A[1, 27]:3f6eeef0,B[1, 24]:3da3d70a,C[1, 24]:412ddb23
A[1, 28]:3f777778,B[1, 24]:3df5c28f,C[1, 24]:4130a3d7
A[1, 29]:0,B[1, 24]:3e23d70a,C[1, 24]:4130a3d7

done computing: 1, print C
C[1, 0]:411d70a4,C[1, 1]:411bd70b,C[1, 2]:411d70a4,C[1, 3]:410f0a3d,C[1, 4]:4123d70b,C[1, 5]:412d70a5,C[1, 6]:412bd70b,C[1, 7]:41263d71,C[1, 8]:4113d70a,C[1, 9]:412ca3d7,C[1, 10]:41263d70,C[1, 11]:41363d72,C[1, 12]:412fd70b,C[1, 13]:411d70a3,C[1, 14]:41363d71,C[1, 15]:4130a3d7,C[1, 16]:412f0a3e,C[1, 17]:4138a3d8,C[1, 18]:41223d71,C[1, 19]:412bd70a,C[1, 20]:412d70a5,C[1, 21]:412bd70a,C[1, 22]:411d70a4,C[1, 23]:3e75c290,C[1, 24]:4130a3d7,

//========================

Init I: 2
C[2, 0]:3d4ccccd->3d75c290,C[2, 1]:3e19999a->3e3851ec,C[2, 2]:3e800000->3e99999a,C[2, 3]:3eb33333->3ed70a3e,C[2, 4]:3ee66667->3f0a3d71,C[2, 5]:3f0ccccd->3f28f5c3,C[2, 6]:3f266667->3f47ae16,C[2, 7]:3f400000->3f666667,C[2, 8]:3f59999a->3f828f5d,C[2, 9]:3f733333->3f91eb85,C[2, 10]:3d4ccccd->3d75c290,C[2, 11]:3e19999a->3e3851ec,C[2, 12]:3e800000->3e99999a,C[2, 13]:3eb33333->3ed70a3e,C[2, 14]:3ee66667->3f0a3d71,C[2, 15]:3f0ccccd->3f28f5c3,C[2, 16]:3f266667->3f47ae16,C[2, 17]:3f400000->3f666667,C[2, 18]:3f59999a->3f828f5d,C[2, 19]:3f733333->3f91eb85,C[2, 20]:3d4ccccd->3d75c290,C[2, 21]:3e19999a->3e3851ec,C[2, 22]:3e800000->3e99999a,C[2, 23]:3eb33333->3ed70a3e,C[2, 24]:3ee66667->3f0a3d71,
Start computing: 2
A[2, 0]:3d888889,B[2, 0]:0,C[2, 0]:3d75c290
A[2, 1]:3e088889,B[2, 0]:3da3d70a,C[2, 0]:3d9ba5e4
A[2, 2]:3e4cccce,B[2, 0]:3e23d70a,C[2, 0]:3dfdf3b7
A[2, 3]:3e888889,B[2, 0]:3e75c28f,C[2, 0]:3e6147af
A[2, 4]:3eaaaaab,B[2, 0]:3ea3d70a,C[2, 0]:3ec28f5c
A[2, 5]:3eccccce,B[2, 0]:3ecccccc,C[2, 0]:3f1eb852
A[2, 6]:3eeeeef0,B[2, 0]:3ef5c28f,C[2, 0]:3f74bc6b
A[2, 7]:3f088889,B[2, 0]:3f0f5c29,C[2, 0]:3fb3b646
A[2, 8]:3f19999a,B[2, 0]:3f23d70a,C[2, 0]:3ffd70a4
A[2, 9]:3f2aaaab,B[2, 0]:3f3851eb,C[2, 0]:402ccccd
A[2, 10]:3f3bbbbc,B[2, 0]:3f4ccccc,C[2, 0]:40651eb8
A[2, 11]:3f4cccce,B[2, 0]:3f6147ae,C[2, 0]:40945a1c
A[2, 12]:3f5ddddf,B[2, 0]:3f75c28f,C[2, 0]:40bc49ba
A[2, 13]:3f6eeef0,B[2, 0]:3d23d70a,C[2, 0]:40be147b
A[2, 14]:0,B[2, 0]:3df5c28f,C[2, 0]:40be147b
A[2, 15]:3d888889,B[2, 0]:3e4ccccc,C[2, 0]:40beb852
A[2, 16]:3e088889,B[2, 0]:3e8f5c29,C[2, 0]:40c08313
A[2, 17]:3e4cccce,B[2, 0]:3eb851eb,C[2, 0]:40c3f7cf
A[2, 18]:3e888889,B[2, 0]:3ee147ae,C[2, 0]:40c9999a
A[2, 19]:3eaaaaab,B[2, 0]:3f051eb8,C[2, 0]:40d1eb86
A[2, 20]:3eccccce,B[2, 0]:3f199999,C[2, 0]:40dd70a5
A[2, 21]:3eeeeef0,B[2, 0]:3f2e147b,C[2, 0]:40ecac09
A[2, 22]:3f088889,B[2, 0]:3f428f5c,C[2, 0]:41001063
A[2, 23]:3f19999a,B[2, 0]:3f570a3d,C[2, 0]:410c28f6
A[2, 24]:3f2aaaab,B[2, 0]:3f6b851e,C[2, 0]:411ae148
A[2, 25]:3f3bbbbc,B[2, 0]:0,C[2, 0]:411ae148
A[2, 26]:3f4cccce,B[2, 0]:3da3d70a,C[2, 0]:411c6a7f
A[2, 27]:3f5ddddf,B[2, 0]:3e23d70a,C[2, 0]:411fbe77
A[2, 28]:3f6eeef0,B[2, 0]:3e75c28f,C[2, 0]:41251eb9
A[2, 29]:0,B[2, 0]:3ea3d70a,C[2, 0]:41251eb9
A[2, 0]:3d888889,B[2, 1]:0,C[2, 1]:3e3851ec
A[2, 1]:3e088889,B[2, 1]:3df5c28f,C[2, 1]:3e50e561
A[2, 2]:3e4cccce,B[2, 1]:3e75c28f,C[2, 1]:3e8d4fe0
A[2, 3]:3e888889,B[2, 1]:3eb851eb,C[2, 1]:3ed70a3e
A[2, 4]:3eaaaaab,B[2, 1]:3ef5c28f,C[2, 1]:3f28f5c3
A[2, 5]:3eccccce,B[2, 1]:3f199999,C[2, 1]:3f828f5c
A[2, 6]:3eeeeef0,B[2, 1]:3f3851eb,C[2, 1]:3fc3126e
A[2, 7]:3f088889,B[2, 1]:3f570a3d,C[2, 1]:400c8b44
A[2, 8]:3f19999a,B[2, 1]:3f75c28f,C[2, 1]:4043d70b
A[2, 9]:3f2aaaab,B[2, 1]:3da3d70a,C[2, 1]:4048f5c3
A[2, 10]:3f3bbbbc,B[2, 1]:3e4ccccc,C[2, 1]:40570a3e
A[2, 11]:3f4cccce,B[2, 1]:3ea3d70a,C[2, 1]:406f9db3
A[2, 12]:3f5ddddf,B[2, 1]:3ee147ae,C[2, 1]:408a1cac
A[2, 13]:3f6eeef0,B[2, 1]:3f0f5c29,C[2, 1]:40a33333
A[2, 14]:0,B[2, 1]:3f2e147b,C[2, 1]:40a33333
A[2, 15]:3d888889,B[2, 1]:3f4ccccc,C[2, 1]:40a5c28f
A[2, 16]:3e088889,B[2, 1]:3f6b851e,C[2, 1]:40aba5e3
A[2, 17]:3e4cccce,B[2, 1]:3d23d70a,C[2, 1]:40ac0831
A[2, 18]:3e888889,B[2, 1]:3e23d70a,C[2, 1]:40ae147b
A[2, 19]:3eaaaaab,B[2, 1]:3e8f5c29,C[2, 1]:40b28f5c
A[2, 20]:3eccccce,B[2, 1]:3ecccccc,C[2, 1]:40ba3d70
A[2, 21]:3eeeeef0,B[2, 1]:3f051eb8,C[2, 1]:40c5e353
A[2, 22]:3f088889,B[2, 1]:3f23d70a,C[2, 1]:40d645a1
A[2, 23]:3f19999a,B[2, 1]:3f428f5c,C[2, 1]:40ec28f5
A[2, 24]:3f2aaaab,B[2, 1]:3f6147ae,C[2, 1]:410428f5
A[2, 25]:3f3bbbbc,B[2, 1]:0,C[2, 1]:410428f5
A[2, 26]:3f4cccce,B[2, 1]:3df5c28f,C[2, 1]:410676c8
A[2, 27]:3f5ddddf,B[2, 1]:3e75c28f,C[2, 1]:410b74bc
A[2, 28]:3f6eeef0,B[2, 1]:3eb851eb,C[2, 1]:4113851e
A[2, 29]:0,B[2, 1]:3ef5c28f,C[2, 1]:4113851e
A[2, 0]:3d888889,B[2, 2]:0,C[2, 2]:3e99999a
A[2, 1]:3e088889,B[2, 2]:3e23d70a,C[2, 2]:3ea9fbe8
A[2, 2]:3e4cccce,B[2, 2]:3ea3d70a,C[2, 2]:3edb22d2
A[2, 3]:3e888889,B[2, 2]:3ef5c28f,C[2, 2]:3f1eb853
A[2, 4]:3eaaaaab,B[2, 2]:3f23d70a,C[2, 2]:3f70a3d8
A[2, 5]:3eccccce,B[2, 2]:3f4ccccc,C[2, 2]:3fb5c290
A[2, 6]:3eeeeef0,B[2, 2]:3f75c28f,C[2, 2]:4005e354
A[2, 7]:3f088889,B[2, 2]:3df5c28f,C[2, 2]:400c0831
A[2, 8]:3f19999a,B[2, 2]:3e8f5c29,C[2, 2]:401c28f6
A[2, 9]:3f2aaaab,B[2, 2]:3ee147ae,C[2, 2]:403851ec
A[2, 10]:3f3bbbbc,B[2, 2]:3f199999,C[2, 2]:40628f5c
A[2, 11]:3f4cccce,B[2, 2]:3f428f5c,C[2, 2]:408e76c9
A[2, 12]:3f5ddddf,B[2, 2]:3f6b851e,C[2, 2]:40b4bc6b
A[2, 13]:3f6eeef0,B[2, 2]:3da3d70a,C[2, 2]:40b851ec
A[2, 14]:0,B[2, 2]:3e75c28f,C[2, 2]:40b851ec
A[2, 15]:3d888889,B[2, 2]:3ecccccc,C[2, 2]:40b9999a
A[2, 16]:3e088889,B[2, 2]:3f0f5c29,C[2, 2]:40bd2f1b
A[2, 17]:3e4cccce,B[2, 2]:3f3851eb,C[2, 2]:40c41894
A[2, 18]:3e888889,B[2, 2]:3f6147ae,C[2, 2]:40cf5c2a
A[2, 19]:3eaaaaab,B[2, 2]:3d23d70a,C[2, 2]:40d00001
A[2, 20]:3eccccce,B[2, 2]:3e4ccccc,C[2, 2]:40d3d70b
A[2, 21]:3eeeeef0,B[2, 2]:3eb851eb,C[2, 2]:40dbe76d
A[2, 22]:3f088889,B[2, 2]:3f051eb8,C[2, 2]:40e9374c
A[2, 23]:3f19999a,B[2, 2]:3f2e147b,C[2, 2]:40fccccd
A[2, 24]:3f2aaaab,B[2, 2]:3f570a3d,C[2, 2]:410bd70a
A[2, 25]:3f3bbbbc,B[2, 2]:0,C[2, 2]:410bd70a
A[2, 26]:3f4cccce,B[2, 2]:3e23d70a,C[2, 2]:410ee979
A[2, 27]:3f5ddddf,B[2, 2]:3ea3d70a,C[2, 2]:41159169
A[2, 28]:3f6eeef0,B[2, 2]:3ef5c28f,C[2, 2]:412051ec
A[2, 29]:0,B[2, 2]:3f23d70a,C[2, 2]:412051ec
A[2, 0]:3d888889,B[2, 3]:0,C[2, 3]:3ed70a3e
A[2, 1]:3e088889,B[2, 3]:3e4ccccc,C[2, 3]:3eeb851f
A[2, 2]:3e4cccce,B[2, 3]:3ecccccc,C[2, 3]:3f147ae1
A[2, 3]:3e888889,B[2, 3]:3f199999,C[2, 3]:3f51eb85
A[2, 4]:3eaaaaab,B[2, 3]:3f4ccccc,C[2, 3]:3f9c28f6
A[2, 5]:3eccccce,B[2, 3]:0,C[2, 3]:3f9c28f6
A[2, 6]:3eeeeef0,B[2, 3]:3e4ccccc,C[2, 3]:3fae147b
A[2, 7]:3f088889,B[2, 3]:3ecccccc,C[2, 3]:3fd70a3e
A[2, 8]:3f19999a,B[2, 3]:3f199999,C[2, 3]:400e147b
A[2, 9]:3f2aaaab,B[2, 3]:3f4ccccc,C[2, 3]:404147ae
A[2, 10]:3f3bbbbc,B[2, 3]:0,C[2, 3]:404147ae
A[2, 11]:3f4cccce,B[2, 3]:3e4ccccc,C[2, 3]:4050a3d7
A[2, 12]:3f5ddddf,B[2, 3]:3ecccccc,C[2, 3]:4071eb85
A[2, 13]:3f6eeef0,B[2, 3]:3f199999,C[2, 3]:4093d70a
A[2, 14]:0,B[2, 3]:3f4ccccc,C[2, 3]:4093d70a
A[2, 15]:3d888889,B[2, 3]:0,C[2, 3]:4093d70a
A[2, 16]:3e088889,B[2, 3]:3e4ccccc,C[2, 3]:40951eb8
A[2, 17]:3e4cccce,B[2, 3]:3ecccccc,C[2, 3]:4098f5c2
A[2, 18]:3e888889,B[2, 3]:3f199999,C[2, 3]:40a0a3d6
A[2, 19]:3eaaaaab,B[2, 3]:3f4ccccc,C[2, 3]:40ad70a3
A[2, 20]:3eccccce,B[2, 3]:0,C[2, 3]:40ad70a3
A[2, 21]:3eeeeef0,B[2, 3]:3e4ccccc,C[2, 3]:40b1eb84
A[2, 22]:3f088889,B[2, 3]:3ecccccc,C[2, 3]:40bc28f5
A[2, 23]:3f19999a,B[2, 3]:3f199999,C[2, 3]:40cd70a3
A[2, 24]:3f2aaaab,B[2, 3]:3f4ccccc,C[2, 3]:40e70a3c
A[2, 25]:3f3bbbbc,B[2, 3]:0,C[2, 3]:40e70a3c
A[2, 26]:3f4cccce,B[2, 3]:3e4ccccc,C[2, 3]:40eeb850
A[2, 27]:3f5ddddf,B[2, 3]:3ecccccc,C[2, 3]:40ff5c27
A[2, 28]:3f6eeef0,B[2, 3]:3f199999,C[2, 3]:410d1eb7
A[2, 29]:0,B[2, 3]:3f4ccccc,C[2, 3]:410d1eb7
A[2, 0]:3d888889,B[2, 4]:0,C[2, 4]:3f0a3d71
A[2, 1]:3e088889,B[2, 4]:3e75c28f,C[2, 4]:3f16872b
A[2, 2]:3e4cccce,B[2, 4]:3ef5c28f,C[2, 4]:3f3b645a
A[2, 3]:3e888889,B[2, 4]:3f3851eb,C[2, 4]:3f828f5c
A[2, 4]:3eaaaaab,B[2, 4]:3f75c28f,C[2, 4]:3fc00000
A[2, 5]:3eccccce,B[2, 4]:3e4ccccc,C[2, 4]:3fcf5c29
A[2, 6]:3eeeeef0,B[2, 4]:3ee147ae,C[2, 4]:3ff6c8b4
A[2, 7]:3f088889,B[2, 4]:3f2e147b,C[2, 4]:401e3540
A[2, 8]:3f19999a,B[2, 4]:3f6b851e,C[2, 4]:40533334
A[2, 9]:3f2aaaab,B[2, 4]:3e23d70a,C[2, 4]:405d70a5
A[2, 10]:3f3bbbbc,B[2, 4]:3ecccccc,C[2, 4]:4079999b
A[2, 11]:3f4cccce,B[2, 4]:3f23d70a,C[2, 4]:40956042
A[2, 12]:3f5ddddf,B[2, 4]:3f6147ae,C[2, 4]:40b9fbe8
A[2, 13]:3f6eeef0,B[2, 4]:3df5c28f,C[2, 4]:40bf5c2a
A[2, 14]:0,B[2, 4]:3eb851eb,C[2, 4]:40bf5c2a
A[2, 15]:3d888889,B[2, 4]:3f199999,C[2, 4]:40c147af
A[2, 16]:3e088889,B[2, 4]:3f570a3d,C[2, 4]:40c6a7f1
A[2, 17]:3e4cccce,B[2, 4]:3da3d70a,C[2, 4]:40c76c8d
A[2, 18]:3e888889,B[2, 4]:3ea3d70a,C[2, 4]:40cb8520
A[2, 19]:3eaaaaab,B[2, 4]:3f0f5c29,C[2, 4]:40d47ae3
A[2, 20]:3eccccce,B[2, 4]:3f4ccccc,C[2, 4]:40e3d70c
A[2, 21]:3eeeeef0,B[2, 4]:3d23d70a,C[2, 4]:40e4bc6c
A[2, 22]:3f088889,B[2, 4]:3e8f5c29,C[2, 4]:40ebe76e
A[2, 23]:3f19999a,B[2, 4]:3f051eb8,C[2, 4]:40fae149
A[2, 24]:3f2aaaab,B[2, 4]:3f428f5c,C[2, 4]:4109999a
A[2, 25]:3f3bbbbc,B[2, 4]:0,C[2, 4]:4109999a
A[2, 26]:3f4cccce,B[2, 4]:3e75c28f,C[2, 4]:410e3540
A[2, 27]:3f5ddddf,B[2, 4]:3ef5c28f,C[2, 4]:41183127
A[2, 28]:3f6eeef0,B[2, 4]:3f3851eb,C[2, 4]:412851ec
A[2, 29]:0,B[2, 4]:3f75c28f,C[2, 4]:412851ec
A[2, 0]:3d888889,B[2, 5]:0,C[2, 5]:3f28f5c3
A[2, 1]:3e088889,B[2, 5]:3e8f5c29,C[2, 5]:3f374bc7
A[2, 2]:3e4cccce,B[2, 5]:3f0f5c29,C[2, 5]:3f624dd4
A[2, 3]:3e888889,B[2, 5]:3f570a3d,C[2, 5]:3f9c28f6
A[2, 4]:3eaaaaab,B[2, 5]:3df5c28f,C[2, 5]:3fa3d70a
A[2, 5]:3eccccce,B[2, 5]:3ecccccc,C[2, 5]:3fc28f5c
A[2, 6]:3eeeeef0,B[2, 5]:3f2e147b,C[2, 5]:3fff7cee
A[2, 7]:3f088889,B[2, 5]:3f75c28f,C[2, 5]:4030e561
A[2, 8]:3f19999a,B[2, 5]:3e75c28f,C[2, 5]:403eb853
A[2, 9]:3f2aaaab,B[2, 5]:3f051eb8,C[2, 5]:40600001
A[2, 10]:3f3bbbbc,B[2, 5]:3f4ccccc,C[2, 5]:408c28f6
A[2, 11]:3f4cccce,B[2, 5]:3da3d70a,C[2, 5]:408f3b65
A[2, 12]:3f5ddddf,B[2, 5]:3eb851eb,C[2, 5]:409e3540
A[2, 13]:3f6eeef0,B[2, 5]:3f23d70a,C[2, 5]:40bae148
A[2, 14]:0,B[2, 5]:3f6b851e,C[2, 5]:40bae148
A[2, 15]:3d888889,B[2, 5]:3e4ccccc,C[2, 5]:40bb851f
A[2, 16]:3e088889,B[2, 5]:3ef5c28f,C[2, 5]:40be978e
A[2, 17]:3e4cccce,B[2, 5]:3f428f5c,C[2, 5]:40c5e355
A[2, 18]:3e888889,B[2, 5]:3d23d70a,C[2, 5]:40c66667
A[2, 19]:3eaaaaab,B[2, 5]:3ea3d70a,C[2, 5]:40cb851f
A[2, 20]:3eccccce,B[2, 5]:3f199999,C[2, 5]:40d70a3e
A[2, 21]:3eeeeef0,B[2, 5]:3f6147ae,C[2, 5]:40eac084
A[2, 22]:3f088889,B[2, 5]:3e23d70a,C[2, 5]:40eed917
A[2, 23]:3f19999a,B[2, 5]:3ee147ae,C[2, 5]:40fb851f
A[2, 24]:3f2aaaab,B[2, 5]:3f3851eb,C[2, 5]:410947ae
A[2, 25]:3f3bbbbc,B[2, 5]:0,C[2, 5]:410947ae
A[2, 26]:3f4cccce,B[2, 5]:3e8f5c29,C[2, 5]:410ea7f0
A[2, 27]:3f5ddddf,B[2, 5]:3f0f5c29,C[2, 5]:411a4dd3
A[2, 28]:3f6eeef0,B[2, 5]:3f570a3d,C[2, 5]:412d1eb8
A[2, 29]:0,B[2, 5]:3df5c28f,C[2, 5]:412d1eb8
A[2, 0]:3d888889,B[2, 6]:0,C[2, 6]:3f47ae16
A[2, 1]:3e088889,B[2, 6]:3ea3d70a,C[2, 6]:3f581064
A[2, 2]:3e4cccce,B[2, 6]:3f23d70a,C[2, 6]:3f849ba7
A[2, 3]:3e888889,B[2, 6]:3f75c28f,C[2, 6]:3fb5c291
A[2, 4]:3eaaaaab,B[2, 6]:3e8f5c29,C[2, 6]:3fc7ae16
A[2, 5]:3eccccce,B[2, 6]:3f199999,C[2, 6]:3ff5c291
A[2, 6]:3eeeeef0,B[2, 6]:3f6b851e,C[2, 6]:40241894
A[2, 7]:3f088889,B[2, 6]:3e75c28f,C[2, 6]:4030624e
A[2, 8]:3f19999a,B[2, 6]:3f0f5c29,C[2, 6]:4050a3d7
A[2, 9]:3f2aaaab,B[2, 6]:3f6147ae,C[2, 6]:40847ae1
A[2, 10]:3f3bbbbc,B[2, 6]:3e4ccccc,C[2, 6]:408b851e
A[2, 11]:3f4cccce,B[2, 6]:3f051eb8,C[2, 6]:409f7ced
A[2, 12]:3f5ddddf,B[2, 6]:3f570a3d,C[2, 6]:40c26e97
A[2, 13]:3f6eeef0,B[2, 6]:3e23d70a,C[2, 6]:40c99999
A[2, 14]:0,B[2, 6]:3ef5c28f,C[2, 6]:40c99999
A[2, 15]:3d888889,B[2, 6]:3f4ccccc,C[2, 6]:40cc28f5
A[2, 16]:3e088889,B[2, 6]:3df5c28f,C[2, 6]:40cced91
A[2, 17]:3e4cccce,B[2, 6]:3ee147ae,C[2, 6]:40d126e9
A[2, 18]:3e888889,B[2, 6]:3f428f5c,C[2, 6]:40dae147
A[2, 19]:3eaaaaab,B[2, 6]:3da3d70a,C[2, 6]:40dc28f5
A[2, 20]:3eccccce,B[2, 6]:3ecccccc,C[2, 6]:40e3d709
A[2, 21]:3eeeeef0,B[2, 6]:3f3851eb,C[2, 6]:40f3f7ce
A[2, 22]:3f088889,B[2, 6]:3d23d70a,C[2, 6]:40f4fdf3
A[2, 23]:3f19999a,B[2, 6]:3eb851eb,C[2, 6]:40ff5c28
A[2, 24]:3f2aaaab,B[2, 6]:3f2e147b,C[2, 6]:410a8f5c
A[2, 25]:3f3bbbbc,B[2, 6]:0,C[2, 6]:410a8f5c
A[2, 26]:3f4cccce,B[2, 6]:3ea3d70a,C[2, 6]:4110b439
A[2, 27]:3f5ddddf,B[2, 6]:3f23d70a,C[2, 6]:411e0418
A[2, 28]:3f6eeef0,B[2, 6]:3f75c28f,C[2, 6]:4133851e
A[2, 29]:0,B[2, 6]:3e8f5c29,C[2, 6]:4133851e
A[2, 0]:3d888889,B[2, 7]:0,C[2, 7]:3f666667
A[2, 1]:3e088889,B[2, 7]:3eb851eb,C[2, 7]:3f78d4ff
A[2, 2]:3e4cccce,B[2, 7]:3f3851eb,C[2, 7]:3f981063
A[2, 3]:3e888889,B[2, 7]:3da3d70a,C[2, 7]:3f9c28f6
A[2, 4]:3eaaaaab,B[2, 7]:3ee147ae,C[2, 7]:3fb851ec
A[2, 5]:3eccccce,B[2, 7]:3f4ccccc,C[2, 7]:3ff5c290
A[2, 6]:3eeeeef0,B[2, 7]:3e23d70a,C[2, 7]:40020c4a
A[2, 7]:3f088889,B[2, 7]:3f051eb8,C[2, 7]:401cac08
A[2, 8]:3f19999a,B[2, 7]:3f6147ae,C[2, 7]:404f5c29
A[2, 9]:3f2aaaab,B[2, 7]:3e75c28f,C[2, 7]:405eb852
A[2, 10]:3f3bbbbc,B[2, 7]:3f199999,C[2, 7]:40847ae1
A[2, 11]:3f4cccce,B[2, 7]:3f75c28f,C[2, 7]:40a95810
A[2, 12]:3f5ddddf,B[2, 7]:3ea3d70a,C[2, 7]:40b6a7ef
A[2, 13]:3f6eeef0,B[2, 7]:3f2e147b,C[2, 7]:40d51eb8
A[2, 14]:0,B[2, 7]:3d23d70a,C[2, 7]:40d51eb8
A[2, 15]:3d888889,B[2, 7]:3ecccccc,C[2, 7]:40d66666
A[2, 16]:3e088889,B[2, 7]:3f428f5c,C[2, 7]:40db4395
A[2, 17]:3e4cccce,B[2, 7]:3df5c28f,C[2, 7]:40dc6a7e
A[2, 18]:3e888889,B[2, 7]:3ef5c28f,C[2, 7]:40e28f5b
A[2, 19]:3eaaaaab,B[2, 7]:3f570a3d,C[2, 7]:40efffff
A[2, 20]:3eccccce,B[2, 7]:3e4ccccc,C[2, 7]:40f3d709
A[2, 21]:3eeeeef0,B[2, 7]:3f0f5c29,C[2, 7]:41003126
A[2, 22]:3f088889,B[2, 7]:3f6b851e,C[2, 7]:410bf7ce
A[2, 23]:3f19999a,B[2, 7]:3e8f5c29,C[2, 7]:410fffff
A[2, 24]:3f2aaaab,B[2, 7]:3f23d70a,C[2, 7]:411a3d70
A[2, 25]:3f3bbbbc,B[2, 7]:0,C[2, 7]:411a3d70
A[2, 26]:3f4cccce,B[2, 7]:3eb851eb,C[2, 7]:412126e9
A[2, 27]:3f5ddddf,B[2, 7]:3f3851eb,C[2, 7]:413020c4
A[2, 28]:3f6eeef0,B[2, 7]:3da3d70a,C[2, 7]:4131eb85
A[2, 29]:0,B[2, 7]:3ee147ae,C[2, 7]:4131eb85
A[2, 0]:3d888889,B[2, 8]:0,C[2, 8]:3f828f5d
A[2, 1]:3e088889,B[2, 8]:3ecccccc,C[2, 8]:3f8cccce
A[2, 2]:3e4cccce,B[2, 8]:3f4ccccc,C[2, 8]:3fab8520
A[2, 3]:3e888889,B[2, 8]:3e4ccccc,C[2, 8]:3fb5c291
A[2, 4]:3eaaaaab,B[2, 8]:3f199999,C[2, 8]:3fdc28f7
A[2, 5]:3eccccce,B[2, 8]:0,C[2, 8]:3fdc28f7
A[2, 6]:3eeeeef0,B[2, 8]:3ecccccc,C[2, 8]:40000001
A[2, 7]:3f088889,B[2, 8]:3f4ccccc,C[2, 8]:4028f5c4
A[2, 8]:3f19999a,B[2, 8]:3e4ccccc,C[2, 8]:40347ae3
A[2, 9]:3f2aaaab,B[2, 8]:3f199999,C[2, 8]:405ae149
A[2, 10]:3f3bbbbc,B[2, 8]:0,C[2, 8]:405ae149
A[2, 11]:3f4cccce,B[2, 8]:3ecccccc,C[2, 8]:4079999b
A[2, 12]:3f5ddddf,B[2, 8]:3f4ccccc,C[2, 8]:409e147c
A[2, 13]:3f6eeef0,B[2, 8]:3e4ccccc,C[2, 8]:40a70a3f
A[2, 14]:0,B[2, 8]:3f199999,C[2, 8]:40a70a3f
A[2, 15]:3d888889,B[2, 8]:0,C[2, 8]:40a70a3f
A[2, 16]:3e088889,B[2, 8]:3ecccccc,C[2, 8]:40a9999b
A[2, 17]:3e4cccce,B[2, 8]:3f4ccccc,C[2, 8]:40b147af
A[2, 18]:3e888889,B[2, 8]:3e4ccccc,C[2, 8]:40b3d70b
A[2, 19]:3eaaaaab,B[2, 8]:3f199999,C[2, 8]:40bd70a5
A[2, 20]:3eccccce,B[2, 8]:0,C[2, 8]:40bd70a5
A[2, 21]:3eeeeef0,B[2, 8]:3ecccccc,C[2, 8]:40c66668
A[2, 22]:3f088889,B[2, 8]:3f4ccccc,C[2, 8]:40dae149
A[2, 23]:3f19999a,B[2, 8]:3e4ccccc,C[2, 8]:40e0a3d8
A[2, 24]:3f2aaaab,B[2, 8]:3f199999,C[2, 8]:40f3d70b
A[2, 25]:3f3bbbbc,B[2, 8]:0,C[2, 8]:40f3d70b
A[2, 26]:3f4cccce,B[2, 8]:3ecccccc,C[2, 8]:4101999a
A[2, 27]:3f5ddddf,B[2, 8]:3f4ccccc,C[2, 8]:41123d71
A[2, 28]:3f6eeef0,B[2, 8]:3e4ccccc,C[2, 8]:4116b852
A[2, 29]:0,B[2, 8]:3f199999,C[2, 8]:4116b852
A[2, 0]:3d888889,B[2, 9]:0,C[2, 9]:3f91eb85
A[2, 1]:3e088889,B[2, 9]:3ee147ae,C[2, 9]:3f9d2f1b
A[2, 2]:3e4cccce,B[2, 9]:3f6147ae,C[2, 9]:3fbef9dc
A[2, 3]:3e888889,B[2, 9]:3ea3d70a,C[2, 9]:3fcf5c2a
A[2, 4]:3eaaaaab,B[2, 9]:3f428f5c,C[2, 9]:40000000
A[2, 5]:3eccccce,B[2, 9]:3e4ccccc,C[2, 9]:4007ae14
A[2, 6]:3eeeeef0,B[2, 9]:3f23d70a,C[2, 9]:40245a1c
A[2, 7]:3f088889,B[2, 9]:3da3d70a,C[2, 9]:402872af
A[2, 8]:3f19999a,B[2, 9]:3f051eb8,C[2, 9]:40466665
A[2, 9]:3f2aaaab,B[2, 9]:3f75c28f,C[2, 9]:4081eb84
A[2, 10]:3f3bbbbc,B[2, 9]:3ecccccc,C[2, 9]:408fffff
A[2, 11]:3f4cccce,B[2, 9]:3f570a3d,C[2, 9]:40b04188
A[2, 12]:3f5ddddf,B[2, 9]:3e8f5c29,C[2, 9]:40bbe76b
A[2, 13]:3f6eeef0,B[2, 9]:3f3851eb,C[2, 9]:40dc28f4
A[2, 14]:0,B[2, 9]:3e23d70a,C[2, 9]:40dc28f4
A[2, 15]:3d888889,B[2, 9]:3f199999,C[2, 9]:40de1479
A[2, 16]:3e088889,B[2, 9]:3d23d70a,C[2, 9]:40de5602
A[2, 17]:3e4cccce,B[2, 9]:3ef5c28f,C[2, 9]:40e2f1a8
A[2, 18]:3e888889,B[2, 9]:3f6b851e,C[2, 9]:40eeb850
A[2, 19]:3eaaaaab,B[2, 9]:3eb851eb,C[2, 9]:40f47adf
A[2, 20]:3eccccce,B[2, 9]:3f4ccccc,C[2, 9]:4101eb84
A[2, 21]:3eeeeef0,B[2, 9]:3e75c28f,C[2, 9]:41049ba5
A[2, 22]:3f088889,B[2, 9]:3f2e147b,C[2, 9]:410d4fde
A[2, 23]:3f19999a,B[2, 9]:3df5c28f,C[2, 9]:410f0a3c
A[2, 24]:3f2aaaab,B[2, 9]:3f0f5c29,C[2, 9]:4117ffff
A[2, 25]:3f3bbbbc,B[2, 9]:0,C[2, 9]:4117ffff
A[2, 26]:3f4cccce,B[2, 9]:3ee147ae,C[2, 9]:412072af
A[2, 27]:3f5ddddf,B[2, 9]:3f6147ae,C[2, 9]:4132c082
A[2, 28]:3f6eeef0,B[2, 9]:3ea3d70a,C[2, 9]:4139eb84
A[2, 29]:0,B[2, 9]:3f428f5c,C[2, 9]:4139eb84
A[2, 0]:3d888889,B[2, 10]:0,C[2, 10]:3d75c290
A[2, 1]:3e088889,B[2, 10]:3ef5c28f,C[2, 10]:3e1fbe78
A[2, 2]:3e4cccce,B[2, 10]:3f75c28f,C[2, 10]:3ee353f9
A[2, 3]:3e888889,B[2, 10]:3ee147ae,C[2, 10]:3f1eb853
A[2, 4]:3eaaaaab,B[2, 10]:3f6b851e,C[2, 10]:3f8a3d71
A[2, 5]:3eccccce,B[2, 10]:3ecccccc,C[2, 10]:3fa8f5c3
A[2, 6]:3eeeeef0,B[2, 10]:3f6147ae,C[2, 10]:3ff7ceda
A[2, 7]:3f088889,B[2, 10]:3eb851eb,C[2, 10]:400e5605
A[2, 8]:3f19999a,B[2, 10]:3f570a3d,C[2, 10]:403eb853
A[2, 9]:3f2aaaab,B[2, 10]:3ea3d70a,C[2, 10]:40533334
A[2, 10]:3f3bbbbc,B[2, 10]:3f4ccccc,C[2, 10]:4085c290
A[2, 11]:3f4cccce,B[2, 10]:3e8f5c29,C[2, 10]:40908313
A[2, 12]:3f5ddddf,B[2, 10]:3f428f5c,C[2, 10]:40b020c5
A[2, 13]:3f6eeef0,B[2, 10]:3e75c28f,C[2, 10]:40bae148
A[2, 14]:0,B[2, 10]:3f3851eb,C[2, 10]:40bae148
A[2, 15]:3d888889,B[2, 10]:3e4ccccc,C[2, 10]:40bb851f
A[2, 16]:3e088889,B[2, 10]:3f2e147b,C[2, 10]:40bfdf3c
A[2, 17]:3e4cccce,B[2, 10]:3e23d70a,C[2, 10]:40c16873
A[2, 18]:3e888889,B[2, 10]:3f23d70a,C[2, 10]:40c9999a
A[2, 19]:3eaaaaab,B[2, 10]:3df5c28f,C[2, 10]:40cb851f
A[2, 20]:3eccccce,B[2, 10]:3f199999,C[2, 10]:40d70a3e
A[2, 21]:3eeeeef0,B[2, 10]:3da3d70a,C[2, 10]:40d8d4ff
A[2, 22]:3f088889,B[2, 10]:3f0f5c29,C[2, 10]:40e72b03
A[2, 23]:3f19999a,B[2, 10]:3d23d70a,C[2, 10]:40e851ec
A[2, 24]:3f2aaaab,B[2, 10]:3f051eb8,C[2, 10]:40f8f5c3
A[2, 25]:3f3bbbbc,B[2, 10]:0,C[2, 10]:40f8f5c3
A[2, 26]:3f4cccce,B[2, 10]:3ef5c28f,C[2, 10]:4105b22d
A[2, 27]:3f5ddddf,B[2, 10]:3f75c28f,C[2, 10]:4119a9fc
A[2, 28]:3f6eeef0,B[2, 10]:3ee147ae,C[2, 10]:4123851f
A[2, 29]:0,B[2, 10]:3f6b851e,C[2, 10]:4123851f
A[2, 0]:3d888889,B[2, 11]:0,C[2, 11]:3e3851ec
A[2, 1]:3e088889,B[2, 11]:3f051eb8,C[2, 11]:3e916873
A[2, 2]:3e4cccce,B[2, 11]:3d23d70a,C[2, 11]:3e978d50
A[2, 3]:3e888889,B[2, 11]:3f0f5c29,C[2, 11]:3f051eb9
A[2, 4]:3eaaaaab,B[2, 11]:3da3d70a,C[2, 11]:3f0f5c2a
A[2, 5]:3eccccce,B[2, 11]:3f199999,C[2, 11]:3f6b8520
A[2, 6]:3eeeeef0,B[2, 11]:3df5c28f,C[2, 11]:3f808313
A[2, 7]:3f088889,B[2, 11]:3f23d70a,C[2, 11]:3fc20c4a
A[2, 8]:3f19999a,B[2, 11]:3e23d70a,C[2, 11]:3fd47ae2
A[2, 9]:3f2aaaab,B[2, 11]:3f2e147b,C[2, 11]:4015c290
A[2, 10]:3f3bbbbc,B[2, 11]:3e4ccccc,C[2, 11]:4023d70b
A[2, 11]:3f4cccce,B[2, 11]:3f3851eb,C[2, 11]:405b22d2
A[2, 12]:3f5ddddf,B[2, 11]:3e75c28f,C[2, 11]:406f1aa1
A[2, 13]:3f6eeef0,B[2, 11]:3f428f5c,C[2, 11]:4099999a
A[2, 14]:0,B[2, 11]:3e8f5c29,C[2, 11]:4099999a
A[2, 15]:3d888889,B[2, 11]:3f4ccccc,C[2, 11]:409c28f6
A[2, 16]:3e088889,B[2, 11]:3ea3d70a,C[2, 11]:409e3540
A[2, 17]:3e4cccce,B[2, 11]:3f570a3d,C[2, 11]:40a645a2
A[2, 18]:3e888889,B[2, 11]:3eb851eb,C[2, 11]:40aae148
A[2, 19]:3eaaaaab,B[2, 11]:3f6147ae,C[2, 11]:40b8f5c3
A[2, 20]:3eccccce,B[2, 11]:3ecccccc,C[2, 11]:40c0a3d7
A[2, 21]:3eeeeef0,B[2, 11]:3f6b851e,C[2, 11]:40d53f7d
A[2, 22]:3f088889,B[2, 11]:3ee147ae,C[2, 11]:40e08313
A[2, 23]:3f19999a,B[2, 11]:3f75c28f,C[2, 11]:40fc28f6
A[2, 24]:3f2aaaab,B[2, 11]:3ef5c28f,C[2, 11]:4105c28f
A[2, 25]:3f3bbbbc,B[2, 11]:0,C[2, 11]:4105c28f
A[2, 26]:3f4cccce,B[2, 11]:3f051eb8,C[2, 11]:410fbe76
A[2, 27]:3f5ddddf,B[2, 11]:3d23d70a,C[2, 11]:41109374
A[2, 28]:3f6eeef0,B[2, 11]:3f0f5c29,C[2, 11]:411d1eb8
A[2, 29]:0,B[2, 11]:3da3d70a,C[2, 11]:411d1eb8
A[2, 0]:3d888889,B[2, 12]:0,C[2, 12]:3e99999a
A[2, 1]:3e088889,B[2, 12]:3f0f5c29,C[2, 12]:3ed2f1ab
A[2, 2]:3e4cccce,B[2, 12]:3df5c28f,C[2, 12]:3ee56043
A[2, 3]:3e888889,B[2, 12]:3f2e147b,C[2, 12]:3f3851ec
A[2, 4]:3eaaaaab,B[2, 12]:3e75c28f,C[2, 12]:3f570a3e
A[2, 5]:3eccccce,B[2, 12]:3f4ccccc,C[2, 12]:3fa8f5c3
A[2, 6]:3eeeeef0,B[2, 12]:3eb851eb,C[2, 12]:3fc9374c
A[2, 7]:3f088889,B[2, 12]:3f6b851e,C[2, 12]:4013b646
A[2, 8]:3f19999a,B[2, 12]:3ef5c28f,C[2, 12]:402f5c29
A[2, 9]:3f2aaaab,B[2, 12]:3d23d70a,C[2, 12]:4031eb85
A[2, 10]:3f3bbbbc,B[2, 12]:3f199999,C[2, 12]:405c28f6
A[2, 11]:3f4cccce,B[2, 12]:3e23d70a,C[2, 12]:406872b0
A[2, 12]:3f5ddddf,B[2, 12]:3f3851eb,C[2, 12]:40922d0e
A[2, 13]:3f6eeef0,B[2, 12]:3e8f5c29,C[2, 12]:409eb852
A[2, 14]:0,B[2, 12]:3f570a3d,C[2, 12]:409eb852
A[2, 15]:3d888889,B[2, 12]:3ecccccc,C[2, 12]:40a00000
A[2, 16]:3e088889,B[2, 12]:3f75c28f,C[2, 12]:40a624dd
A[2, 17]:3e4cccce,B[2, 12]:3f051eb8,C[2, 12]:40ab22d1
A[2, 18]:3e888889,B[2, 12]:3da3d70a,C[2, 12]:40ac28f6
A[2, 19]:3eaaaaab,B[2, 12]:3f23d70a,C[2, 12]:40b66667
A[2, 20]:3eccccce,B[2, 12]:3e4ccccc,C[2, 12]:40ba3d71
A[2, 21]:3eeeeef0,B[2, 12]:3f428f5c,C[2, 12]:40cb4396
A[2, 22]:3f088889,B[2, 12]:3ea3d70a,C[2, 12]:40d374bd
A[2, 23]:3f19999a,B[2, 12]:3f6147ae,C[2, 12]:40ecccce
A[2, 24]:3f2aaaab,B[2, 12]:3ee147ae,C[2, 12]:40fae149
A[2, 25]:3f3bbbbc,B[2, 12]:0,C[2, 12]:40fae149
A[2, 26]:3f4cccce,B[2, 12]:3f0f5c29,C[2, 12]:41083128
A[2, 27]:3f5ddddf,B[2, 12]:3df5c28f,C[2, 12]:410ab022
A[2, 28]:3f6eeef0,B[2, 12]:3f2e147b,C[2, 12]:4119eb86
A[2, 29]:0,B[2, 12]:3e75c28f,C[2, 12]:4119eb86
A[2, 0]:3d888889,B[2, 13]:0,C[2, 13]:3ed70a3e
A[2, 1]:3e088889,B[2, 13]:3f199999,C[2, 13]:3f0a3d71
A[2, 2]:3e4cccce,B[2, 13]:3e4ccccc,C[2, 13]:3f19999a
A[2, 3]:3e888889,B[2, 13]:3f4ccccc,C[2, 13]:3f6b8520
A[2, 4]:3eaaaaab,B[2, 13]:3ecccccc,C[2, 13]:3f8f5c2a
A[2, 5]:3eccccce,B[2, 13]:0,C[2, 13]:3f8f5c2a
A[2, 6]:3eeeeef0,B[2, 13]:3f199999,C[2, 13]:3fc51eba
A[2, 7]:3f088889,B[2, 13]:3e4ccccc,C[2, 13]:3fd9999b
A[2, 8]:3f19999a,B[2, 13]:3f4ccccc,C[2, 13]:401ae148
A[2, 9]:3f2aaaab,B[2, 13]:3ecccccc,C[2, 13]:40347ae2
A[2, 10]:3f3bbbbc,B[2, 13]:0,C[2, 13]:40347ae2
A[2, 11]:3f4cccce,B[2, 13]:3f199999,C[2, 13]:40628f5d
A[2, 12]:3f5ddddf,B[2, 13]:3e4ccccc,C[2, 13]:40733334
A[2, 13]:3f6eeef0,B[2, 13]:3f4ccccc,C[2, 13]:409d70a4
A[2, 14]:0,B[2, 13]:3ecccccc,C[2, 13]:409d70a4
A[2, 15]:3d888889,B[2, 13]:0,C[2, 13]:409d70a4
A[2, 16]:3e088889,B[2, 13]:3f199999,C[2, 13]:40a147ae
A[2, 17]:3e4cccce,B[2, 13]:3e4ccccc,C[2, 13]:40a33333
A[2, 18]:3e888889,B[2, 13]:3f4ccccc,C[2, 13]:40ad70a4
A[2, 19]:3eaaaaab,B[2, 13]:3ecccccc,C[2, 13]:40b3d70a
A[2, 20]:3eccccce,B[2, 13]:0,C[2, 13]:40b3d70a
A[2, 21]:3eeeeef0,B[2, 13]:3f199999,C[2, 13]:40c147ae
A[2, 22]:3f088889,B[2, 13]:3e4ccccc,C[2, 13]:40c66666
A[2, 23]:3f19999a,B[2, 13]:3f4ccccc,C[2, 13]:40dd70a3
A[2, 24]:3f2aaaab,B[2, 13]:3ecccccc,C[2, 13]:40ea3d70
A[2, 25]:3f3bbbbc,B[2, 13]:0,C[2, 13]:40ea3d70
A[2, 26]:3f4cccce,B[2, 13]:3f199999,C[2, 13]:4100a3d7
A[2, 27]:3f5ddddf,B[2, 13]:3e4ccccc,C[2, 13]:4104cccd
A[2, 28]:3f6eeef0,B[2, 13]:3f4ccccc,C[2, 13]:4116b852
A[2, 29]:0,B[2, 13]:3ecccccc,C[2, 13]:4116b852
A[2, 0]:3d888889,B[2, 14]:0,C[2, 14]:3f0a3d71
A[2, 1]:3e088889,B[2, 14]:3f23d70a,C[2, 14]:3f2b020d
A[2, 2]:3e4cccce,B[2, 14]:3e8f5c29,C[2, 14]:3f408313
A[2, 3]:3e888889,B[2, 14]:3f6b851e,C[2, 14]:3f8f5c2a
A[2, 4]:3eaaaaab,B[2, 14]:3f0f5c29,C[2, 14]:3fb33334
A[2, 5]:3eccccce,B[2, 14]:3e4ccccc,C[2, 14]:3fc28f5d
A[2, 6]:3eeeeef0,B[2, 14]:3f570a3d,C[2, 14]:4006e979
A[2, 7]:3f088889,B[2, 14]:3ef5c28f,C[2, 14]:401f7cee
A[2, 8]:3f19999a,B[2, 14]:3df5c28f,C[2, 14]:40266667
A[2, 9]:3f2aaaab,B[2, 14]:3f428f5c,C[2, 14]:40570a3e
A[2, 10]:3f3bbbbc,B[2, 14]:3ecccccc,C[2, 14]:40733334
A[2, 11]:3f4cccce,B[2, 14]:3d23d70a,C[2, 14]:407645a3
A[2, 12]:3f5ddddf,B[2, 14]:3f2e147b,C[2, 14]:40976c8c
A[2, 13]:3f6eeef0,B[2, 14]:3ea3d70a,C[2, 14]:40a5c290
A[2, 14]:0,B[2, 14]:3f75c28f,C[2, 14]:40a5c290
A[2, 15]:3d888889,B[2, 14]:3f199999,C[2, 14]:40a7ae15
A[2, 16]:3e088889,B[2, 14]:3e75c28f,C[2, 14]:40a9374c
A[2, 17]:3e4cccce,B[2, 14]:3f6147ae,C[2, 14]:40b1a9fc
A[2, 18]:3e888889,B[2, 14]:3f051eb8,C[2, 14]:40b851ec
A[2, 19]:3eaaaaab,B[2, 14]:3e23d70a,C[2, 14]:40bae148
A[2, 20]:3eccccce,B[2, 14]:3f4ccccc,C[2, 14]:40ca3d71
A[2, 21]:3eeeeef0,B[2, 14]:3ee147ae,C[2, 14]:40d41894
A[2, 22]:3f088889,B[2, 14]:3da3d70a,C[2, 14]:40d624de
A[2, 23]:3f19999a,B[2, 14]:3f3851eb,C[2, 14]:40eae148
A[2, 24]:3f2aaaab,B[2, 14]:3eb851eb,C[2, 14]:40f66667
A[2, 25]:3f3bbbbc,B[2, 14]:0,C[2, 14]:40f66667
A[2, 26]:3f4cccce,B[2, 14]:3f23d70a,C[2, 14]:41077cee
A[2, 27]:3f5ddddf,B[2, 14]:3e8f5c29,C[2, 14]:410d4fe0
A[2, 28]:3f6eeef0,B[2, 14]:3f6b851e,C[2, 14]:4121eb86
A[2, 29]:0,B[2, 14]:3f0f5c29,C[2, 14]:4121eb86
A[2, 0]:3d888889,B[2, 15]:0,C[2, 15]:3f28f5c3
A[2, 1]:3e088889,B[2, 15]:3f2e147b,C[2, 15]:3f4bc6a8
A[2, 2]:3e4cccce,B[2, 15]:3eb851eb,C[2, 15]:3f676c8b
A[2, 3]:3e888889,B[2, 15]:3d23d70a,C[2, 15]:3f6b851e
A[2, 4]:3eaaaaab,B[2, 15]:3f3851eb,C[2, 15]:3fa3d70a
A[2, 5]:3eccccce,B[2, 15]:3ecccccc,C[2, 15]:3fc28f5c
A[2, 6]:3eeeeef0,B[2, 15]:3da3d70a,C[2, 15]:3fc9ba5e
A[2, 7]:3f088889,B[2, 15]:3f428f5c,C[2, 15]:400bc6a8
A[2, 8]:3f19999a,B[2, 15]:3ee147ae,C[2, 15]:40251eb8
A[2, 9]:3f2aaaab,B[2, 15]:3df5c28f,C[2, 15]:402ccccc
A[2, 10]:3f3bbbbc,B[2, 15]:3f4ccccc,C[2, 15]:40651eb8
A[2, 11]:3f4cccce,B[2, 15]:3ef5c28f,C[2, 15]:4084fdf4
A[2, 12]:3f5ddddf,B[2, 15]:3e23d70a,C[2, 15]:408ba5e4
A[2, 13]:3f6eeef0,B[2, 15]:3f570a3d,C[2, 15]:40b147af
A[2, 14]:0,B[2, 15]:3f051eb8,C[2, 15]:40b147af
A[2, 15]:3d888889,B[2, 15]:3e4ccccc,C[2, 15]:40b1eb86
A[2, 16]:3e088889,B[2, 15]:3f6147ae,C[2, 15]:40b78d51
A[2, 17]:3e4cccce,B[2, 15]:3f0f5c29,C[2, 15]:40bced93
A[2, 18]:3e888889,B[2, 15]:3e75c28f,C[2, 15]:40c00002
A[2, 19]:3eaaaaab,B[2, 15]:3f6b851e,C[2, 15]:40ceb854
A[2, 20]:3eccccce,B[2, 15]:3f199999,C[2, 15]:40da3d73
A[2, 21]:3eeeeef0,B[2, 15]:3e8f5c29,C[2, 15]:40e08315
A[2, 22]:3f088889,B[2, 15]:3f75c28f,C[2, 15]:40f9168a
A[2, 23]:3f19999a,B[2, 15]:3f23d70a,C[2, 15]:4105c291
A[2, 24]:3f2aaaab,B[2, 15]:3ea3d70a,C[2, 15]:410ae149
A[2, 25]:3f3bbbbc,B[2, 15]:0,C[2, 15]:410ae149
A[2, 26]:3f4cccce,B[2, 15]:3f2e147b,C[2, 15]:4117ef9f
A[2, 27]:3f5ddddf,B[2, 15]:3eb851eb,C[2, 15]:411f6c8d
A[2, 28]:3f6eeef0,B[2, 15]:3d23d70a,C[2, 15]:412051ed
A[2, 29]:0,B[2, 15]:3f3851eb,C[2, 15]:412051ed
A[2, 0]:3d888889,B[2, 16]:0,C[2, 16]:3f47ae16
A[2, 1]:3e088889,B[2, 16]:3f3851eb,C[2, 16]:3f6c8b45
A[2, 2]:3e4cccce,B[2, 16]:3ee147ae,C[2, 16]:3f872b03
A[2, 3]:3e888889,B[2, 16]:3e23d70a,C[2, 16]:3f8f5c2a
A[2, 4]:3eaaaaab,B[2, 16]:3f6147ae,C[2, 16]:3fc7ae16
A[2, 5]:3eccccce,B[2, 16]:3f199999,C[2, 16]:3ff5c291
A[2, 6]:3eeeeef0,B[2, 16]:3ea3d70a,C[2, 16]:4009374d
A[2, 7]:3f088889,B[2, 16]:3d23d70a,C[2, 16]:400b4397
A[2, 8]:3f19999a,B[2, 16]:3f428f5c,C[2, 16]:40370a3f
A[2, 9]:3f2aaaab,B[2, 16]:3ef5c28f,C[2, 16]:4055c291
A[2, 10]:3f3bbbbc,B[2, 16]:3e4ccccc,C[2, 16]:4063d70c
A[2, 11]:3f4cccce,B[2, 16]:3f6b851e,C[2, 16]:40953f7e
A[2, 12]:3f5ddddf,B[2, 16]:3f23d70a,C[2, 16]:40afdf3c
A[2, 13]:3f6eeef0,B[2, 16]:3eb851eb,C[2, 16]:40c00001
A[2, 14]:0,B[2, 16]:3da3d70a,C[2, 16]:40c00001
A[2, 15]:3d888889,B[2, 16]:3f4ccccc,C[2, 16]:40c28f5d
A[2, 16]:3e088889,B[2, 16]:3f051eb8,C[2, 16]:40c5e355
A[2, 17]:3e4cccce,B[2, 16]:3e75c28f,C[2, 16]:40c83128
A[2, 18]:3e888889,B[2, 16]:3f75c28f,C[2, 16]:40d47ae2
A[2, 19]:3eaaaaab,B[2, 16]:3f2e147b,C[2, 16]:40df5c2a
A[2, 20]:3eccccce,B[2, 16]:3ecccccc,C[2, 16]:40e70a3e
A[2, 21]:3eeeeef0,B[2, 16]:3df5c28f,C[2, 16]:40e9ba5f
A[2, 22]:3f088889,B[2, 16]:3f570a3d,C[2, 16]:40ff3b65
A[2, 23]:3f19999a,B[2, 16]:3f0f5c29,C[2, 16]:4107ae15
A[2, 24]:3f2aaaab,B[2, 16]:3e8f5c29,C[2, 16]:410c28f6
A[2, 25]:3f3bbbbc,B[2, 16]:0,C[2, 16]:410c28f6
A[2, 26]:3f4cccce,B[2, 16]:3f3851eb,C[2, 16]:4119fbe8
A[2, 27]:3f5ddddf,B[2, 16]:3ee147ae,C[2, 16]:412322d2
A[2, 28]:3f6eeef0,B[2, 16]:3e23d70a,C[2, 16]:4126b853
A[2, 29]:0,B[2, 16]:3f6147ae,C[2, 16]:4126b853
A[2, 0]:3d888889,B[2, 17]:0,C[2, 17]:3f666667
A[2, 1]:3e088889,B[2, 17]:3f428f5c,C[2, 17]:3f86a7f0
A[2, 2]:3e4cccce,B[2, 17]:3f051eb8,C[2, 17]:3f9a9fbf
A[2, 3]:3e888889,B[2, 17]:3e8f5c29,C[2, 17]:3fa8f5c3
A[2, 4]:3eaaaaab,B[2, 17]:3d23d70a,C[2, 17]:3fab851f
A[2, 5]:3eccccce,B[2, 17]:3f4ccccc,C[2, 17]:3fe8f5c3
A[2, 6]:3eeeeef0,B[2, 17]:3f0f5c29,C[2, 17]:400d9169
A[2, 7]:3f088889,B[2, 17]:3ea3d70a,C[2, 17]:401df3b7
A[2, 8]:3f19999a,B[2, 17]:3da3d70a,C[2, 17]:40228f5d
A[2, 9]:3f2aaaab,B[2, 17]:3f570a3d,C[2, 17]:405851ec
A[2, 10]:3f3bbbbc,B[2, 17]:3f199999,C[2, 17]:408147ae
A[2, 11]:3f4cccce,B[2, 17]:3eb851eb,C[2, 17]:408f1aa0
A[2, 12]:3f5ddddf,B[2, 17]:3df5c28f,C[2, 17]:40941894
A[2, 13]:3f6eeef0,B[2, 17]:3f6147ae,C[2, 17]:40bb8520
A[2, 14]:0,B[2, 17]:3f23d70a,C[2, 17]:40bb8520
A[2, 15]:3d888889,B[2, 17]:3ecccccc,C[2, 17]:40bcccce
A[2, 16]:3e088889,B[2, 17]:3e23d70a,C[2, 17]:40bdd2f3
A[2, 17]:3e4cccce,B[2, 17]:3f6b851e,C[2, 17]:40c6a7f1
A[2, 18]:3e888889,B[2, 17]:3f2e147b,C[2, 17]:40cf5c2a
A[2, 19]:3eaaaaab,B[2, 17]:3ee147ae,C[2, 17]:40d66667
A[2, 20]:3eccccce,B[2, 17]:3e4ccccc,C[2, 17]:40da3d71
A[2, 21]:3eeeeef0,B[2, 17]:3f75c28f,C[2, 17]:40efbe77
A[2, 22]:3f088889,B[2, 17]:3f3851eb,C[2, 17]:41011687
A[2, 23]:3f19999a,B[2, 17]:3ef5c28f,C[2, 17]:41080000
A[2, 24]:3f2aaaab,B[2, 17]:3e75c28f,C[2, 17]:410bd70a
A[2, 25]:3f3bbbbc,B[2, 17]:0,C[2, 17]:410bd70a
A[2, 26]:3f4cccce,B[2, 17]:3f428f5c,C[2, 17]:411a6e97
A[2, 27]:3f5ddddf,B[2, 17]:3f051eb8,C[2, 17]:41253f7c
A[2, 28]:3f6eeef0,B[2, 17]:3e8f5c29,C[2, 17]:412b851e
A[2, 29]:0,B[2, 17]:3d23d70a,C[2, 17]:412b851e
A[2, 0]:3d888889,B[2, 18]:0,C[2, 18]:3f828f5d
A[2, 1]:3e088889,B[2, 18]:3f4ccccc,C[2, 18]:3f970a3e
A[2, 2]:3e4cccce,B[2, 18]:3f199999,C[2, 18]:3fae147b
A[2, 3]:3e888889,B[2, 18]:3ecccccc,C[2, 18]:3fc28f5c
A[2, 4]:3eaaaaab,B[2, 18]:3e4ccccc,C[2, 18]:3fcf5c29
A[2, 5]:3eccccce,B[2, 18]:0,C[2, 18]:3fcf5c29
A[2, 6]:3eeeeef0,B[2, 18]:3f4ccccc,C[2, 18]:400b851f
A[2, 7]:3f088889,B[2, 18]:3f199999,C[2, 18]:402a3d71
A[2, 8]:3f19999a,B[2, 18]:3ecccccc,C[2, 18]:404147ae
A[2, 9]:3f2aaaab,B[2, 18]:3e4ccccc,C[2, 18]:404e147b
A[2, 10]:3f3bbbbc,B[2, 18]:0,C[2, 18]:404e147b
A[2, 11]:3f4cccce,B[2, 18]:3f4ccccc,C[2, 18]:4085c28f
A[2, 12]:3f5ddddf,B[2, 18]:3f199999,C[2, 18]:409eb852
A[2, 13]:3f6eeef0,B[2, 18]:3ecccccc,C[2, 18]:40b0a3d7
A[2, 14]:0,B[2, 18]:3e4ccccc,C[2, 18]:40b0a3d7
A[2, 15]:3d888889,B[2, 18]:0,C[2, 18]:40b0a3d7
A[2, 16]:3e088889,B[2, 18]:3f4ccccc,C[2, 18]:40b5c28f
A[2, 17]:3e4cccce,B[2, 18]:3f199999,C[2, 18]:40bb851e
A[2, 18]:3e888889,B[2, 18]:3ecccccc,C[2, 18]:40c0a3d6
A[2, 19]:3eaaaaab,B[2, 18]:3e4ccccc,C[2, 18]:40c3d709
A[2, 20]:3eccccce,B[2, 18]:0,C[2, 18]:40c3d709
A[2, 21]:3eeeeef0,B[2, 18]:3f4ccccc,C[2, 18]:40d5c28e
A[2, 22]:3f088889,B[2, 18]:3f199999,C[2, 18]:40e51eb7
A[2, 23]:3f19999a,B[2, 18]:3ecccccc,C[2, 18]:40f0a3d6
A[2, 24]:3f2aaaab,B[2, 18]:3e4ccccc,C[2, 18]:40f70a3c
A[2, 25]:3f3bbbbc,B[2, 18]:0,C[2, 18]:40f70a3c
A[2, 26]:3f4cccce,B[2, 18]:3f4ccccc,C[2, 18]:410ae147
A[2, 27]:3f5ddddf,B[2, 18]:3f199999,C[2, 18]:41175c28
A[2, 28]:3f6eeef0,B[2, 18]:3ecccccc,C[2, 18]:412051eb
A[2, 29]:0,B[2, 18]:3e4ccccc,C[2, 18]:412051eb
A[2, 0]:3d888889,B[2, 19]:0,C[2, 19]:3f91eb85
A[2, 1]:3e088889,B[2, 19]:3f570a3d,C[2, 19]:3fa76c8b
A[2, 2]:3e4cccce,B[2, 19]:3f2e147b,C[2, 19]:3fc18937
A[2, 3]:3e888889,B[2, 19]:3f051eb8,C[2, 19]:3fdc28f6
A[2, 4]:3eaaaaab,B[2, 19]:3eb851eb,C[2, 19]:3ff33333
A[2, 5]:3eccccce,B[2, 19]:3e4ccccc,C[2, 19]:400147ae
A[2, 6]:3eeeeef0,B[2, 19]:3d23d70a,C[2, 19]:4003126f
A[2, 7]:3f088889,B[2, 19]:3f6147ae,C[2, 19]:403020c5
A[2, 8]:3f19999a,B[2, 19]:3f3851eb,C[2, 19]:4059999a
A[2, 9]:3f2aaaab,B[2, 19]:3f0f5c29,C[2, 19]:407d70a4
A[2, 10]:3f3bbbbc,B[2, 19]:3ecccccc,C[2, 19]:408ccccd
A[2, 11]:3f4cccce,B[2, 19]:3e75c28f,C[2, 19]:40960419
A[2, 12]:3f5ddddf,B[2, 19]:3da3d70a,C[2, 19]:40995811
A[2, 13]:3f6eeef0,B[2, 19]:3f6b851e,C[2, 19]:40c28f5d
A[2, 14]:0,B[2, 19]:3f428f5c,C[2, 19]:40c28f5d
A[2, 15]:3d888889,B[2, 19]:3f199999,C[2, 19]:40c47ae2
A[2, 16]:3e088889,B[2, 19]:3ee147ae,C[2, 19]:40c74bc7
A[2, 17]:3e4cccce,B[2, 19]:3e8f5c29,C[2, 19]:40c9fbe8
A[2, 18]:3e888889,B[2, 19]:3df5c28f,C[2, 19]:40cb851f
A[2, 19]:3eaaaaab,B[2, 19]:3f75c28f,C[2, 19]:40dae148
A[2, 20]:3eccccce,B[2, 19]:3f4ccccc,C[2, 19]:40ea3d71
A[2, 21]:3eeeeef0,B[2, 19]:3f23d70a,C[2, 19]:40f89375
A[2, 22]:3f088889,B[2, 19]:3ef5c28f,C[2, 19]:41026e98
A[2, 23]:3f19999a,B[2, 19]:3ea3d70a,C[2, 19]:41070a3e
A[2, 24]:3f2aaaab,B[2, 19]:3e23d70a,C[2, 19]:4109999a
A[2, 25]:3f3bbbbc,B[2, 19]:0,C[2, 19]:4109999a
A[2, 26]:3f4cccce,B[2, 19]:3f570a3d,C[2, 19]:4119ba5f
A[2, 27]:3f5ddddf,B[2, 19]:3f2e147b,C[2, 19]:4127df3c
A[2, 28]:3f6eeef0,B[2, 19]:3f051eb8,C[2, 19]:4133851f
A[2, 29]:0,B[2, 19]:3eb851eb,C[2, 19]:4133851f
A[2, 0]:3d888889,B[2, 20]:0,C[2, 20]:3d75c290
A[2, 1]:3e088889,B[2, 20]:3f6147ae,C[2, 20]:3e71a9fd
A[2, 2]:3e4cccce,B[2, 20]:3f428f5c,C[2, 20]:3eed9169
A[2, 3]:3e888889,B[2, 20]:3f23d70a,C[2, 20]:3f3851ec
A[2, 4]:3eaaaaab,B[2, 20]:3f051eb8,C[2, 20]:3f7ae148
A[2, 5]:3eccccce,B[2, 20]:3ecccccc,C[2, 20]:3f9c28f6
A[2, 6]:3eeeeef0,B[2, 20]:3e8f5c29,C[2, 20]:3fb53f7d
A[2, 7]:3f088889,B[2, 20]:3e23d70a,C[2, 20]:3fc5a1cb
A[2, 8]:3f19999a,B[2, 20]:3d23d70a,C[2, 20]:3fca3d71
A[2, 9]:3f2aaaab,B[2, 20]:3f6b851e,C[2, 20]:40200000
A[2, 10]:3f3bbbbc,B[2, 20]:3f4ccccc,C[2, 20]:405851ec
A[2, 11]:3f4cccce,B[2, 20]:3f2e147b,C[2, 20]:408645a2
A[2, 12]:3f5ddddf,B[2, 20]:3f0f5c29,C[2, 20]:409d9169
A[2, 13]:3f6eeef0,B[2, 20]:3ee147ae,C[2, 20]:40b147af
A[2, 14]:0,B[2, 20]:3ea3d70a,C[2, 20]:40b147af
A[2, 15]:3d888889,B[2, 20]:3e4ccccc,C[2, 20]:40b1eb86
A[2, 16]:3e088889,B[2, 20]:3da3d70a,C[2, 20]:40b26e98
A[2, 17]:3e4cccce,B[2, 20]:3f75c28f,C[2, 20]:40bba5e4
A[2, 18]:3e888889,B[2, 20]:3f570a3d,C[2, 20]:40c66667
A[2, 19]:3eaaaaab,B[2, 20]:3f3851eb,C[2, 20]:40d1eb86
A[2, 20]:3eccccce,B[2, 20]:3f199999,C[2, 20]:40dd70a5
A[2, 21]:3eeeeef0,B[2, 20]:3ef5c28f,C[2, 20]:40e83128
A[2, 22]:3f088889,B[2, 20]:3eb851eb,C[2, 20]:40f16874
A[2, 23]:3f19999a,B[2, 20]:3e75c28f,C[2, 20]:40f851ed
A[2, 24]:3f2aaaab,B[2, 20]:3df5c28f,C[2, 20]:40fc28f7
A[2, 25]:3f3bbbbc,B[2, 20]:0,C[2, 20]:40fc28f7
A[2, 26]:3f4cccce,B[2, 20]:3f6147ae,C[2, 20]:410ef9dc
A[2, 27]:3f5ddddf,B[2, 20]:3f428f5c,C[2, 20]:411ec8b5
A[2, 28]:3f6eeef0,B[2, 20]:3f23d70a,C[2, 20]:412d1eb9
A[2, 29]:0,B[2, 20]:3f051eb8,C[2, 20]:412d1eb9
A[2, 0]:3d888889,B[2, 21]:0,C[2, 21]:3e3851ec
A[2, 1]:3e088889,B[2, 21]:3f6b851e,C[2, 21]:3eba5e36
A[2, 2]:3e4cccce,B[2, 21]:3f570a3d,C[2, 21]:3f1db22e
A[2, 3]:3e888889,B[2, 21]:3f428f5c,C[2, 21]:3f6b8520
A[2, 4]:3eaaaaab,B[2, 21]:3f2e147b,C[2, 21]:3fa147af
A[2, 5]:3eccccce,B[2, 21]:3f199999,C[2, 21]:3fcf5c2a
A[2, 6]:3eeeeef0,B[2, 21]:3f051eb8,C[2, 21]:3ffdf3b8
A[2, 7]:3f088889,B[2, 21]:3ee147ae,C[2, 21]:40158107
A[2, 8]:3f19999a,B[2, 21]:3eb851eb,C[2, 21]:402a3d72
A[2, 9]:3f2aaaab,B[2, 21]:3e8f5c29,C[2, 21]:403c28f7
A[2, 10]:3f3bbbbc,B[2, 21]:3e4ccccc,C[2, 21]:404a3d72
A[2, 11]:3f4cccce,B[2, 21]:3df5c28f,C[2, 21]:405374be
A[2, 12]:3f5ddddf,B[2, 21]:3d23d70a,C[2, 21]:4056c8b6
A[2, 13]:3f6eeef0,B[2, 21]:3f75c28f,C[2, 21]:40966668
A[2, 14]:0,B[2, 21]:3f6147ae,C[2, 21]:40966668
A[2, 15]:3d888889,B[2, 21]:3f4ccccc,C[2, 21]:4098f5c4
A[2, 16]:3e088889,B[2, 21]:3f3851eb,C[2, 21]:409d916a
A[2, 17]:3e4cccce,B[2, 21]:3f23d70a,C[2, 21]:40a3b647
A[2, 18]:3e888889,B[2, 21]:3f0f5c29,C[2, 21]:40aae149
A[2, 19]:3eaaaaab,B[2, 21]:3ef5c28f,C[2, 21]:40b28f5d
A[2, 20]:3eccccce,B[2, 21]:3ecccccc,C[2, 21]:40ba3d71
A[2, 21]:3eeeeef0,B[2, 21]:3ea3d70a,C[2, 21]:40c16873
A[2, 22]:3f088889,B[2, 21]:3e75c28f,C[2, 21]:40c78d50
A[2, 23]:3f19999a,B[2, 21]:3e23d70a,C[2, 21]:40cc28f6
A[2, 24]:3f2aaaab,B[2, 21]:3da3d70a,C[2, 21]:40ceb852
A[2, 25]:3f3bbbbc,B[2, 21]:0,C[2, 21]:40ceb852
A[2, 26]:3f4cccce,B[2, 21]:3f6b851e,C[2, 21]:40f20c4a
A[2, 27]:3f5ddddf,B[2, 21]:3f570a3d,C[2, 21]:410a7efa
A[2, 28]:3f6eeef0,B[2, 21]:3f428f5c,C[2, 21]:411b851f
A[2, 29]:0,B[2, 21]:3f2e147b,C[2, 21]:411b851f
A[2, 0]:3d888889,B[2, 22]:0,C[2, 22]:3e99999a
A[2, 1]:3e088889,B[2, 22]:3f75c28f,C[2, 22]:3efbe76e
A[2, 2]:3e4cccce,B[2, 22]:3f6b851e,C[2, 22]:3f449ba6
A[2, 3]:3e888889,B[2, 22]:3f6147ae,C[2, 22]:3f8f5c29
A[2, 4]:3eaaaaab,B[2, 22]:3f570a3d,C[2, 22]:3fc51eb8
A[2, 5]:3eccccce,B[2, 22]:3f4ccccc,C[2, 22]:400147ae
A[2, 6]:3eeeeef0,B[2, 22]:3f428f5c,C[2, 22]:402353f8
A[2, 7]:3f088889,B[2, 22]:3f3851eb,C[2, 22]:40483127
A[2, 8]:3f19999a,B[2, 22]:3f2e147b,C[2, 22]:406f5c29
A[2, 9]:3f2aaaab,B[2, 22]:3f23d70a,C[2, 22]:408c28f6
A[2, 10]:3f3bbbbc,B[2, 22]:3f199999,C[2, 22]:40a147ae
A[2, 11]:3f4cccce,B[2, 22]:3f0f5c29,C[2, 22]:40b6c8b4
A[2, 12]:3f5ddddf,B[2, 22]:3f051eb8,C[2, 22]:40cc6a7f
A[2, 13]:3f6eeef0,B[2, 22]:3ef5c28f,C[2, 22]:40e1eb85
A[2, 14]:0,B[2, 22]:3ee147ae,C[2, 22]:40e1eb85
A[2, 15]:3d888889,B[2, 22]:3ecccccc,C[2, 22]:40e33333
A[2, 16]:3e088889,B[2, 22]:3eb851eb,C[2, 22]:40e58106
A[2, 17]:3e4cccce,B[2, 22]:3ea3d70a,C[2, 22]:40e89375
A[2, 18]:3e888889,B[2, 22]:3e8f5c29,C[2, 22]:40ec28f6
A[2, 19]:3eaaaaab,B[2, 22]:3e75c28f,C[2, 22]:40f00000
A[2, 20]:3eccccce,B[2, 22]:3e4ccccc,C[2, 22]:40f3d70a
A[2, 21]:3eeeeef0,B[2, 22]:3e23d70a,C[2, 22]:40f76c8b
A[2, 22]:3f088889,B[2, 22]:3df5c28f,C[2, 22]:40fa7efa
A[2, 23]:3f19999a,B[2, 22]:3da3d70a,C[2, 22]:40fccccd
A[2, 24]:3f2aaaab,B[2, 22]:3d23d70a,C[2, 22]:40fe147b
A[2, 25]:3f3bbbbc,B[2, 22]:0,C[2, 22]:40fe147b
A[2, 26]:3f4cccce,B[2, 22]:3f75c28f,C[2, 22]:411178d5
A[2, 27]:3f5ddddf,B[2, 22]:3f6b851e,C[2, 22]:41249ba6
A[2, 28]:3f6eeef0,B[2, 22]:3f6147ae,C[2, 22]:413851ec
A[2, 29]:0,B[2, 22]:3f570a3d,C[2, 22]:413851ec
A[2, 0]:3d888889,B[2, 23]:0,C[2, 23]:3ed70a3e
A[2, 1]:3e088889,B[2, 23]:0,C[2, 23]:3ed70a3e
A[2, 2]:3e4cccce,B[2, 23]:0,C[2, 23]:3ed70a3e
A[2, 3]:3e888889,B[2, 23]:0,C[2, 23]:3ed70a3e
A[2, 4]:3eaaaaab,B[2, 23]:0,C[2, 23]:3ed70a3e
A[2, 5]:3eccccce,B[2, 23]:0,C[2, 23]:3ed70a3e
A[2, 6]:3eeeeef0,B[2, 23]:0,C[2, 23]:3ed70a3e
A[2, 7]:3f088889,B[2, 23]:0,C[2, 23]:3ed70a3e
A[2, 8]:3f19999a,B[2, 23]:0,C[2, 23]:3ed70a3e
A[2, 9]:3f2aaaab,B[2, 23]:0,C[2, 23]:3ed70a3e
A[2, 10]:3f3bbbbc,B[2, 23]:0,C[2, 23]:3ed70a3e
A[2, 11]:3f4cccce,B[2, 23]:0,C[2, 23]:3ed70a3e
A[2, 12]:3f5ddddf,B[2, 23]:0,C[2, 23]:3ed70a3e
A[2, 13]:3f6eeef0,B[2, 23]:0,C[2, 23]:3ed70a3e
A[2, 14]:0,B[2, 23]:0,C[2, 23]:3ed70a3e
A[2, 15]:3d888889,B[2, 23]:0,C[2, 23]:3ed70a3e
A[2, 16]:3e088889,B[2, 23]:0,C[2, 23]:3ed70a3e
A[2, 17]:3e4cccce,B[2, 23]:0,C[2, 23]:3ed70a3e
A[2, 18]:3e888889,B[2, 23]:0,C[2, 23]:3ed70a3e
A[2, 19]:3eaaaaab,B[2, 23]:0,C[2, 23]:3ed70a3e
A[2, 20]:3eccccce,B[2, 23]:0,C[2, 23]:3ed70a3e
A[2, 21]:3eeeeef0,B[2, 23]:0,C[2, 23]:3ed70a3e
A[2, 22]:3f088889,B[2, 23]:0,C[2, 23]:3ed70a3e
A[2, 23]:3f19999a,B[2, 23]:0,C[2, 23]:3ed70a3e
A[2, 24]:3f2aaaab,B[2, 23]:0,C[2, 23]:3ed70a3e
A[2, 25]:3f3bbbbc,B[2, 23]:0,C[2, 23]:3ed70a3e
A[2, 26]:3f4cccce,B[2, 23]:0,C[2, 23]:3ed70a3e
A[2, 27]:3f5ddddf,B[2, 23]:0,C[2, 23]:3ed70a3e
A[2, 28]:3f6eeef0,B[2, 23]:0,C[2, 23]:3ed70a3e
A[2, 29]:0,B[2, 23]:0,C[2, 23]:3ed70a3e
A[2, 0]:3d888889,B[2, 24]:0,C[2, 24]:3f0a3d71
A[2, 1]:3e088889,B[2, 24]:3d23d70a,C[2, 24]:3f0c49bb
A[2, 2]:3e4cccce,B[2, 24]:3da3d70a,C[2, 24]:3f126e98
A[2, 3]:3e888889,B[2, 24]:3df5c28f,C[2, 24]:3f1eb852
A[2, 4]:3eaaaaab,B[2, 24]:3e23d70a,C[2, 24]:3f333333
A[2, 5]:3eccccce,B[2, 24]:3e4ccccc,C[2, 24]:3f51eb85
A[2, 6]:3eeeeef0,B[2, 24]:3e75c28f,C[2, 24]:3f7ced92
A[2, 7]:3f088889,B[2, 24]:3e8f5c29,C[2, 24]:3f9b22d1
A[2, 8]:3f19999a,B[2, 24]:3ea3d70a,C[2, 24]:3fc00000
A[2, 9]:3f2aaaab,B[2, 24]:3eb851eb,C[2, 24]:3fee147b
A[2, 10]:3f3bbbbc,B[2, 24]:3ecccccc,C[2, 24]:40133333
A[2, 11]:3f4cccce,B[2, 24]:3ee147ae,C[2, 24]:4034fdf4
A[2, 12]:3f5ddddf,B[2, 24]:3ef5c28f,C[2, 24]:405ced92
A[2, 13]:3f6eeef0,B[2, 24]:3f051eb8,C[2, 24]:4085c290
A[2, 14]:0,B[2, 24]:3f0f5c29,C[2, 24]:4085c290
A[2, 15]:3d888889,B[2, 24]:3f199999,C[2, 24]:4087ae15
A[2, 16]:3e088889,B[2, 24]:3f23d70a,C[2, 24]:408bc6a8
A[2, 17]:3e4cccce,B[2, 24]:3f2e147b,C[2, 24]:40924dd3
A[2, 18]:3e888889,B[2, 24]:3f3851eb,C[2, 24]:409b851f
A[2, 19]:3eaaaaab,B[2, 24]:3f428f5c,C[2, 24]:40a7ae15
A[2, 20]:3eccccce,B[2, 24]:3f4ccccc,C[2, 24]:40b70a3e
A[2, 21]:3eeeeef0,B[2, 24]:3f570a3d,C[2, 24]:40c9db23
A[2, 22]:3f088889,B[2, 24]:3f6147ae,C[2, 24]:40e0624e
A[2, 23]:3f19999a,B[2, 24]:3f6b851e,C[2, 24]:40fae148
A[2, 24]:3f2aaaab,B[2, 24]:3f75c28f,C[2, 24]:410ccccd
A[2, 25]:3f3bbbbc,B[2, 24]:0,C[2, 24]:410ccccd
A[2, 26]:3f4cccce,B[2, 24]:3d23d70a,C[2, 24]:410d9169
A[2, 27]:3f5ddddf,B[2, 24]:3da3d70a,C[2, 24]:410f3b65
A[2, 28]:3f6eeef0,B[2, 24]:3df5c28f,C[2, 24]:4111eb86
A[2, 29]:0,B[2, 24]:3e23d70a,C[2, 24]:4111eb86

done computing: 2, print C
C[2, 0]:41251eb9,C[2, 1]:4113851e,C[2, 2]:412051ec,C[2, 3]:410d1eb7,C[2, 4]:412851ec,C[2, 5]:412d1eb8,C[2, 6]:4133851e,C[2, 7]:4131eb85,C[2, 8]:4116b852,C[2, 9]:4139eb84,C[2, 10]:4123851f,C[2, 11]:411d1eb8,C[2, 12]:4119eb86,C[2, 13]:4116b852,C[2, 14]:4121eb86,C[2, 15]:412051ed,C[2, 16]:4126b853,C[2, 17]:412b851e,C[2, 18]:412051eb,C[2, 19]:4133851f,C[2, 20]:412d1eb9,C[2, 21]:411b851f,C[2, 22]:413851ec,C[2, 23]:3ed70a3e,C[2, 24]:4111eb86,

//========================

Init I: 3
C[3, 0]:3d4ccccd->3d75c290,C[3, 1]:3e4ccccd->3e75c290,C[3, 2]:3eb33333->3ed70a3e,C[3, 3]:3f000000->3f19999a,C[3, 4]:3f266667->3f47ae16,C[3, 5]:3f4ccccd->3f75c290,C[3, 6]:3f733333->3f91eb85,C[3, 7]:3dcccccd->3df5c290,C[3, 8]:3e800000->3e99999a,C[3, 9]:3ecccccd->3ef5c290,C[3, 10]:3f0ccccd->3f28f5c3,C[3, 11]:3f333333->3f570a3e,C[3, 12]:3f59999a->3f828f5d,C[3, 13]:0->0,C[3, 14]:3e19999a->3e3851ec,C[3, 15]:3e99999a->3eb851ec,C[3, 16]:3ee66667->3f0a3d71,C[3, 17]:3f19999a->3f3851ec,C[3, 18]:3f400000->3f666667,C[3, 19]:3f666667->3f8a3d71,C[3, 20]:3d4ccccd->3d75c290,C[3, 21]:3e4ccccd->3e75c290,C[3, 22]:3eb33333->3ed70a3e,C[3, 23]:3f000000->3f19999a,C[3, 24]:3f266667->3f47ae16,
Start computing: 3
A[3, 0]:3dccccce,B[3, 0]:0,C[3, 0]:3d75c290
A[3, 1]:3e4cccce,B[3, 0]:3da3d70a,C[3, 0]:3dac0832
A[3, 2]:3e99999a,B[3, 0]:3e23d70a,C[3, 0]:3e1fbe78
A[3, 3]:3eccccce,B[3, 0]:3e75c28f,C[3, 0]:3e99999a
A[3, 4]:3f000000,B[3, 0]:3ea3d70a,C[3, 0]:3f0a3d71
A[3, 5]:3f19999a,B[3, 0]:3ecccccc,C[3, 0]:3f666666
A[3, 6]:3f333334,B[3, 0]:3ef5c28f,C[3, 0]:3fb3b646
A[3, 7]:3f4cccce,B[3, 0]:3f0f5c29,C[3, 0]:4004dd30
A[3, 8]:3f666667,B[3, 0]:3f23d70a,C[3, 0]:403c28f7
A[3, 9]:0,B[3, 0]:3f3851eb,C[3, 0]:403c28f7
A[3, 10]:3dccccce,B[3, 0]:3f4ccccc,C[3, 0]:4043d70b
A[3, 11]:3e4cccce,B[3, 0]:3f6147ae,C[3, 0]:4054bc6b
A[3, 12]:3e99999a,B[3, 0]:3f75c28f,C[3, 0]:4070624e
A[3, 13]:3eccccce,B[3, 0]:3d23d70a,C[3, 0]:4071eb85
A[3, 14]:3f000000,B[3, 0]:3df5c28f,C[3, 0]:4077ae14
A[3, 15]:3f19999a,B[3, 0]:3e4ccccc,C[3, 0]:40819999
A[3, 16]:3f333334,B[3, 0]:3e8f5c29,C[3, 0]:408b020c
A[3, 17]:3f4cccce,B[3, 0]:3eb851eb,C[3, 0]:4098d4fe
A[3, 18]:3f666667,B[3, 0]:3ee147ae,C[3, 0]:40abd70a
A[3, 19]:0,B[3, 0]:3f051eb8,C[3, 0]:40abd70a
A[3, 20]:3dccccce,B[3, 0]:3f199999,C[3, 0]:40aeb852
A[3, 21]:3e4cccce,B[3, 0]:3f2e147b,C[3, 0]:40b53f7d
A[3, 22]:3e99999a,B[3, 0]:3f428f5c,C[3, 0]:40c03127
A[3, 23]:3eccccce,B[3, 0]:3f570a3d,C[3, 0]:40d051ec
A[3, 24]:3f000000,B[3, 0]:3f6b851e,C[3, 0]:40e66667
A[3, 25]:3f19999a,B[3, 0]:0,C[3, 0]:40e66667
A[3, 26]:3f333334,B[3, 0]:3da3d70a,C[3, 0]:40e91688
A[3, 27]:3f4cccce,B[3, 0]:3e23d70a,C[3, 0]:40ef3b65
A[3, 28]:3f666667,B[3, 0]:3e75c28f,C[3, 0]:40f9999a
A[3, 29]:0,B[3, 0]:3ea3d70a,C[3, 0]:40f9999a
A[3, 0]:3dccccce,B[3, 1]:0,C[3, 1]:3e75c290
A[3, 1]:3e4cccce,B[3, 1]:3df5c28f,C[3, 1]:3e8d4fe0
A[3, 2]:3e99999a,B[3, 1]:3e75c28f,C[3, 1]:3ec49ba7
A[3, 3]:3eccccce,B[3, 1]:3eb851eb,C[3, 1]:3f19999a
A[3, 4]:3f000000,B[3, 1]:3ef5c28f,C[3, 1]:3f75c290
A[3, 5]:3f19999a,B[3, 1]:3f199999,C[3, 1]:3fc00000
A[3, 6]:3f333334,B[3, 1]:3f3851eb,C[3, 1]:4010624e
A[3, 7]:3f4cccce,B[3, 1]:3f570a3d,C[3, 1]:4050e560
A[3, 8]:3f666667,B[3, 1]:3f75c28f,C[3, 1]:4091eb85
A[3, 9]:0,B[3, 1]:3da3d70a,C[3, 1]:4091eb85
A[3, 10]:3dccccce,B[3, 1]:3e4ccccc,C[3, 1]:4092e148
A[3, 11]:3e4cccce,B[3, 1]:3ea3d70a,C[3, 1]:4095f3b7
A[3, 12]:3e99999a,B[3, 1]:3ee147ae,C[3, 1]:409c49bb
A[3, 13]:3eccccce,B[3, 1]:3f0f5c29,C[3, 1]:40a70a3e
A[3, 14]:3f000000,B[3, 1]:3f2e147b,C[3, 1]:40b75c2a
A[3, 15]:3f19999a,B[3, 1]:3f4ccccc,C[3, 1]:40ce6667
A[3, 16]:3f333334,B[3, 1]:3f6b851e,C[3, 1]:40ed4fe0
A[3, 17]:3f4cccce,B[3, 1]:3d23d70a,C[3, 1]:40eed917
A[3, 18]:3f666667,B[3, 1]:3e23d70a,C[3, 1]:40f5c290
A[3, 19]:0,B[3, 1]:3e8f5c29,C[3, 1]:40f5c290
A[3, 20]:3dccccce,B[3, 1]:3ecccccc,C[3, 1]:40f7ae15
A[3, 21]:3e4cccce,B[3, 1]:3f051eb8,C[3, 1]:40fcac09
A[3, 22]:3e99999a,B[3, 1]:3f23d70a,C[3, 1]:4102f1aa
A[3, 23]:3eccccce,B[3, 1]:3f428f5c,C[3, 1]:410a3d71
A[3, 24]:3f000000,B[3, 1]:3f6147ae,C[3, 1]:4114cccd
A[3, 25]:3f19999a,B[3, 1]:0,C[3, 1]:4114cccd
A[3, 26]:3f333334,B[3, 1]:3df5c28f,C[3, 1]:4116d0e6
A[3, 27]:3f4cccce,B[3, 1]:3e75c28f,C[3, 1]:411b6c8c
A[3, 28]:3f666667,B[3, 1]:3eb851eb,C[3, 1]:41233334
A[3, 29]:0,B[3, 1]:3ef5c28f,C[3, 1]:41233334
A[3, 0]:3dccccce,B[3, 2]:0,C[3, 2]:3ed70a3e
A[3, 1]:3e4cccce,B[3, 2]:3e23d70a,C[3, 2]:3eef9db3
A[3, 2]:3e99999a,B[3, 2]:3ea3d70a,C[3, 2]:3f1cac09
A[3, 3]:3eccccce,B[3, 2]:3ef5c28f,C[3, 2]:3f666668
A[3, 4]:3f000000,B[3, 2]:3f23d70a,C[3, 2]:3fb0a3d8
A[3, 5]:3f19999a,B[3, 2]:3f4ccccc,C[3, 2]:40066667
A[3, 6]:3f333334,B[3, 2]:3f75c28f,C[3, 2]:4046e97a
A[3, 7]:3f4cccce,B[3, 2]:3df5c28f,C[3, 2]:405020c6
A[3, 8]:3f666667,B[3, 2]:3e8f5c29,C[3, 2]:406851ed
A[3, 9]:0,B[3, 2]:3ee147ae,C[3, 2]:406851ed
A[3, 10]:3dccccce,B[3, 2]:3f199999,C[3, 2]:406e147c
A[3, 11]:3e4cccce,B[3, 2]:3f428f5c,C[3, 2]:407cac09
A[3, 12]:3e99999a,B[3, 2]:3f6b851e,C[3, 2]:408b9581
A[3, 13]:3eccccce,B[3, 2]:3da3d70a,C[3, 2]:408d1eb8
A[3, 14]:3f000000,B[3, 2]:3e75c28f,C[3, 2]:4092e147
A[3, 15]:3f19999a,B[3, 2]:3ecccccc,C[3, 2]:409e6666
A[3, 16]:3f333334,B[3, 2]:3f0f5c29,C[3, 2]:40b1374c
A[3, 17]:3f4cccce,B[3, 2]:3f3851eb,C[3, 2]:40ccdd2f
A[3, 18]:3f666667,B[3, 2]:3f6147ae,C[3, 2]:40f2e148
A[3, 19]:0,B[3, 2]:3d23d70a,C[3, 2]:40f2e148
A[3, 20]:3dccccce,B[3, 2]:3e4ccccc,C[3, 2]:40f3d70b
A[3, 21]:3e4cccce,B[3, 2]:3eb851eb,C[3, 2]:40f74bc7
A[3, 22]:3e99999a,B[3, 2]:3f051eb8,C[3, 2]:40fec8b5
A[3, 23]:3eccccce,B[3, 2]:3f2e147b,C[3, 2]:4105eb86
A[3, 24]:3f000000,B[3, 2]:3f570a3d,C[3, 2]:41100001
A[3, 25]:3f19999a,B[3, 2]:0,C[3, 2]:41100001
A[3, 26]:3f333334,B[3, 2]:3e23d70a,C[3, 2]:4112b022
A[3, 27]:3f4cccce,B[3, 2]:3ea3d70a,C[3, 2]:4118d4ff
A[3, 28]:3f666667,B[3, 2]:3ef5c28f,C[3, 2]:41233334
A[3, 29]:0,B[3, 2]:3f23d70a,C[3, 2]:41233334
A[3, 0]:3dccccce,B[3, 3]:0,C[3, 3]:3f19999a
A[3, 1]:3e4cccce,B[3, 3]:3e4ccccc,C[3, 3]:3f28f5c3
A[3, 2]:3e99999a,B[3, 3]:3ecccccc,C[3, 3]:3f570a3e
A[3, 3]:3eccccce,B[3, 3]:3f199999,C[3, 3]:3f99999a
A[3, 4]:3f000000,B[3, 3]:3f4ccccc,C[3, 3]:3fe66666
A[3, 5]:3f19999a,B[3, 3]:0,C[3, 3]:3fe66666
A[3, 6]:3f333334,B[3, 3]:3e4ccccc,C[3, 3]:4000a3d7
A[3, 7]:3f4cccce,B[3, 3]:3ecccccc,C[3, 3]:401f5c29
A[3, 8]:3f666667,B[3, 3]:3f199999,C[3, 3]:40533333
A[3, 9]:0,B[3, 3]:3f4ccccc,C[3, 3]:40533333
A[3, 10]:3dccccce,B[3, 3]:0,C[3, 3]:40533333
A[3, 11]:3e4cccce,B[3, 3]:3e4ccccc,C[3, 3]:40570a3d
A[3, 12]:3e99999a,B[3, 3]:3ecccccc,C[3, 3]:40628f5c
A[3, 13]:3eccccce,B[3, 3]:3f199999,C[3, 3]:40799999
A[3, 14]:3f000000,B[3, 3]:3f4ccccc,C[3, 3]:40900000
A[3, 15]:3f19999a,B[3, 3]:0,C[3, 3]:40900000
A[3, 16]:3f333334,B[3, 3]:3e4ccccc,C[3, 3]:4096b852
A[3, 17]:3f4cccce,B[3, 3]:3ecccccc,C[3, 3]:40a6147b
A[3, 18]:3f666667,B[3, 3]:3f199999,C[3, 3]:40c00000
A[3, 19]:0,B[3, 3]:3f4ccccc,C[3, 3]:40c00000
A[3, 20]:3dccccce,B[3, 3]:0,C[3, 3]:40c00000
A[3, 21]:3e4cccce,B[3, 3]:3e4ccccc,C[3, 3]:40c1eb85
A[3, 22]:3e99999a,B[3, 3]:3ecccccc,C[3, 3]:40c7ae14
A[3, 23]:3eccccce,B[3, 3]:3f199999,C[3, 3]:40d33333
A[3, 24]:3f000000,B[3, 3]:3f4ccccc,C[3, 3]:40e66666
A[3, 25]:3f19999a,B[3, 3]:0,C[3, 3]:40e66666
A[3, 26]:3f333334,B[3, 3]:3e4ccccc,C[3, 3]:40ed1eb8
A[3, 27]:3f4cccce,B[3, 3]:3ecccccc,C[3, 3]:40fc7ae1
A[3, 28]:3f666667,B[3, 3]:3f199999,C[3, 3]:410b3333
A[3, 29]:0,B[3, 3]:3f4ccccc,C[3, 3]:410b3333
A[3, 0]:3dccccce,B[3, 4]:0,C[3, 4]:3f47ae16
A[3, 1]:3e4cccce,B[3, 4]:3e75c28f,C[3, 4]:3f5a1cae
A[3, 2]:3e99999a,B[3, 4]:3ef5c28f,C[3, 4]:3f88b43a
A[3, 3]:3eccccce,B[3, 4]:3f3851eb,C[3, 4]:3fc00001
A[3, 4]:3f000000,B[3, 4]:3f75c28f,C[3, 4]:400e147b
A[3, 5]:3f19999a,B[3, 4]:3e4ccccc,C[3, 4]:4019999a
A[3, 6]:3f333334,B[3, 4]:3ee147ae,C[3, 4]:40372b03
A[3, 7]:3f4cccce,B[3, 4]:3f2e147b,C[3, 4]:406b645b
A[3, 8]:3f666667,B[3, 4]:3f6b851e,C[3, 4]:409d70a4
A[3, 9]:0,B[3, 4]:3e23d70a,C[3, 4]:409d70a4
A[3, 10]:3dccccce,B[3, 4]:3ecccccc,C[3, 4]:409f5c29
A[3, 11]:3e4cccce,B[3, 4]:3f23d70a,C[3, 4]:40a58106
A[3, 12]:3e99999a,B[3, 4]:3f6147ae,C[3, 4]:40b22d0e
A[3, 13]:3eccccce,B[3, 4]:3df5c28f,C[3, 4]:40b47ae1
A[3, 14]:3f000000,B[3, 4]:3eb851eb,C[3, 4]:40bd1eb8
A[3, 15]:3f19999a,B[3, 4]:3f199999,C[3, 4]:40ce6666
A[3, 16]:3f333334,B[3, 4]:3f570a3d,C[3, 4]:40ea9fbe
A[3, 17]:3f4cccce,B[3, 4]:3da3d70a,C[3, 4]:40edb22d
A[3, 18]:3f666667,B[3, 4]:3ea3d70a,C[3, 4]:40fb851f
A[3, 19]:0,B[3, 4]:3f0f5c29,C[3, 4]:40fb851f
A[3, 20]:3dccccce,B[3, 4]:3f4ccccc,C[3, 4]:40ff5c29
A[3, 21]:3e4cccce,B[3, 4]:3d23d70a,C[3, 4]:40ffbe77
A[3, 22]:3e99999a,B[3, 4]:3e8f5c29,C[3, 4]:4101e354
A[3, 23]:3eccccce,B[3, 4]:3f051eb8,C[3, 4]:4106e148
A[3, 24]:3f000000,B[3, 4]:3f428f5c,C[3, 4]:41100000
A[3, 25]:3f19999a,B[3, 4]:0,C[3, 4]:41100000
A[3, 26]:3f333334,B[3, 4]:3e75c28f,C[3, 4]:41140831
A[3, 27]:3f4cccce,B[3, 4]:3ef5c28f,C[3, 4]:411d3f7d
A[3, 28]:3f666667,B[3, 4]:3f3851eb,C[3, 4]:412ccccd
A[3, 29]:0,B[3, 4]:3f75c28f,C[3, 4]:412ccccd
A[3, 0]:3dccccce,B[3, 5]:0,C[3, 5]:3f75c290
A[3, 1]:3e4cccce,B[3, 5]:3e8f5c29,C[3, 5]:3f85a1cb
A[3, 2]:3e99999a,B[3, 5]:3f0f5c29,C[3, 5]:3fa5e354
A[3, 3]:3eccccce,B[3, 5]:3f570a3d,C[3, 5]:3fe66666
A[3, 4]:3f000000,B[3, 5]:3df5c28f,C[3, 5]:3ff1eb85
A[3, 5]:3f19999a,B[3, 5]:3ecccccc,C[3, 5]:40100000
A[3, 6]:3f333334,B[3, 5]:3f2e147b,C[3, 5]:403db22d
A[3, 7]:3f4cccce,B[3, 5]:3f75c28f,C[3, 5]:4083b646
A[3, 8]:3f666667,B[3, 5]:3e75c28f,C[3, 5]:408e147b
A[3, 9]:0,B[3, 5]:3f051eb8,C[3, 5]:408e147b
A[3, 10]:3dccccce,B[3, 5]:3f4ccccc,C[3, 5]:4091eb85
A[3, 11]:3e4cccce,B[3, 5]:3da3d70a,C[3, 5]:4092b021
A[3, 12]:3e99999a,B[3, 5]:3eb851eb,C[3, 5]:4097df3c
A[3, 13]:3eccccce,B[3, 5]:3f23d70a,C[3, 5]:40a428f6
A[3, 14]:3f000000,B[3, 5]:3f6b851e,C[3, 5]:40ba3d71
A[3, 15]:3f19999a,B[3, 5]:3e4ccccc,C[3, 5]:40c00000
A[3, 16]:3f333334,B[3, 5]:3ef5c28f,C[3, 5]:40d020c5
A[3, 17]:3f4cccce,B[3, 5]:3f428f5c,C[3, 5]:40ed4fe0
A[3, 18]:3f666667,B[3, 5]:3d23d70a,C[3, 5]:40ef0a3e
A[3, 19]:0,B[3, 5]:3ea3d70a,C[3, 5]:40ef0a3e
A[3, 20]:3dccccce,B[3, 5]:3f199999,C[3, 5]:40f1eb86
A[3, 21]:3e4cccce,B[3, 5]:3f6147ae,C[3, 5]:40fa5e36
A[3, 22]:3e99999a,B[3, 5]:3e23d70a,C[3, 5]:40fcac09
A[3, 23]:3eccccce,B[3, 5]:3ee147ae,C[3, 5]:41028f5d
A[3, 24]:3f000000,B[3, 5]:3f3851eb,C[3, 5]:410b3334
A[3, 25]:3f19999a,B[3, 5]:0,C[3, 5]:410b3334
A[3, 26]:3f333334,B[3, 5]:3e8f5c29,C[3, 5]:410fe76d
A[3, 27]:3f4cccce,B[3, 5]:3f0f5c29,C[3, 5]:411aa7f0
A[3, 28]:3f666667,B[3, 5]:3f570a3d,C[3, 5]:412ccccd
A[3, 29]:0,B[3, 5]:3df5c28f,C[3, 5]:412ccccd
A[3, 0]:3dccccce,B[3, 6]:0,C[3, 6]:3f91eb85
A[3, 1]:3e4cccce,B[3, 6]:3ea3d70a,C[3, 6]:3f9e353f
A[3, 2]:3e99999a,B[3, 6]:3f23d70a,C[3, 6]:3fc3126e
A[3, 3]:3eccccce,B[3, 6]:3f75c28f,C[3, 6]:40066666
A[3, 4]:3f000000,B[3, 6]:3e8f5c29,C[3, 6]:4013d70a
A[3, 5]:3f19999a,B[3, 6]:3f199999,C[3, 6]:40366666
A[3, 6]:3f333334,B[3, 6]:3f6b851e,C[3, 6]:40743958
A[3, 7]:3f4cccce,B[3, 6]:3e75c28f,C[3, 6]:408353f8
A[3, 8]:3f666667,B[3, 6]:3f0f5c29,C[3, 6]:409b851f
A[3, 9]:0,B[3, 6]:3f6147ae,C[3, 6]:409b851f
A[3, 10]:3dccccce,B[3, 6]:3e4ccccc,C[3, 6]:409c7ae2
A[3, 11]:3e4cccce,B[3, 6]:3f051eb8,C[3, 6]:40a178d6
A[3, 12]:3e99999a,B[3, 6]:3f570a3d,C[3, 6]:40ad9169
A[3, 13]:3eccccce,B[3, 6]:3e23d70a,C[3, 6]:40b0a3d8
A[3, 14]:3f000000,B[3, 6]:3ef5c28f,C[3, 6]:40bc28f7
A[3, 15]:3f19999a,B[3, 6]:3f4ccccc,C[3, 6]:40d33334
A[3, 16]:3f333334,B[3, 6]:3df5c28f,C[3, 6]:40d73b65
A[3, 17]:3f4cccce,B[3, 6]:3ee147ae,C[3, 6]:40e820c5
A[3, 18]:3f666667,B[3, 6]:3f428f5c,C[3, 6]:41047ae2
A[3, 19]:0,B[3, 6]:3da3d70a,C[3, 6]:41047ae2
A[3, 20]:3dccccce,B[3, 6]:3ecccccc,C[3, 6]:410570a5
A[3, 21]:3e4cccce,B[3, 6]:3f3851eb,C[3, 6]:4108e561
A[3, 22]:3e99999a,B[3, 6]:3d23d70a,C[3, 6]:41092f1b
A[3, 23]:3eccccce,B[3, 6]:3eb851eb,C[3, 6]:410ca3d7
A[3, 24]:3f000000,B[3, 6]:3f2e147b,C[3, 6]:4114cccd
A[3, 25]:3f19999a,B[3, 6]:0,C[3, 6]:4114cccd
A[3, 26]:3f333334,B[3, 6]:3ea3d70a,C[3, 6]:411a2d0f
A[3, 27]:3f4cccce,B[3, 6]:3f23d70a,C[3, 6]:412676c9
A[3, 28]:3f666667,B[3, 6]:3f75c28f,C[3, 6]:413b3334
A[3, 29]:0,B[3, 6]:3e8f5c29,C[3, 6]:413b3334
A[3, 0]:3dccccce,B[3, 7]:0,C[3, 7]:3df5c290
A[3, 1]:3e4cccce,B[3, 7]:3eb851eb,C[3, 7]:3e6978d6
A[3, 2]:3e99999a,B[3, 7]:3f3851eb,C[3, 7]:3f0d4fe0
A[3, 3]:3eccccce,B[3, 7]:3da3d70a,C[3, 7]:3f19999a
A[3, 4]:3f000000,B[3, 7]:3ee147ae,C[3, 7]:3f6e147b
A[3, 5]:3f19999a,B[3, 7]:3f4ccccc,C[3, 7]:3fd33333
A[3, 6]:3f333334,B[3, 7]:3e23d70a,C[3, 7]:3fe8b439
A[3, 7]:3f4cccce,B[3, 7]:3f051eb8,C[3, 7]:401c49ba
A[3, 8]:3f666667,B[3, 7]:3f6147ae,C[3, 7]:406851eb
A[3, 9]:0,B[3, 7]:3e75c28f,C[3, 7]:406851eb
A[3, 10]:3dccccce,B[3, 7]:3f199999,C[3, 7]:406e147a
A[3, 11]:3e4cccce,B[3, 7]:3f75c28f,C[3, 7]:40804189
A[3, 12]:3e99999a,B[3, 7]:3ea3d70a,C[3, 7]:4084dd2f
A[3, 13]:3eccccce,B[3, 7]:3f2e147b,C[3, 7]:4091eb85
A[3, 14]:3f000000,B[3, 7]:3d23d70a,C[3, 7]:4092e148
A[3, 15]:3f19999a,B[3, 7]:3ecccccc,C[3, 7]:409e6667
A[3, 16]:3f333334,B[3, 7]:3f428f5c,C[3, 7]:40b7ef9e
A[3, 17]:3f4cccce,B[3, 7]:3df5c28f,C[3, 7]:40bc8b44
A[3, 18]:3f666667,B[3, 7]:3ef5c28f,C[3, 7]:40d147ae
A[3, 19]:0,B[3, 7]:3f570a3d,C[3, 7]:40d147ae
A[3, 20]:3dccccce,B[3, 7]:3e4ccccc,C[3, 7]:40d23d71
A[3, 21]:3e4cccce,B[3, 7]:3f0f5c29,C[3, 7]:40d79db3
A[3, 22]:3e99999a,B[3, 7]:3f6b851e,C[3, 7]:40e4dd30
A[3, 23]:3eccccce,B[3, 7]:3e8f5c29,C[3, 7]:40ea3d72
A[3, 24]:3f000000,B[3, 7]:3f23d70a,C[3, 7]:40f9999b
A[3, 25]:3f19999a,B[3, 7]:0,C[3, 7]:40f9999b
A[3, 26]:3f333334,B[3, 7]:3eb851eb,C[3, 7]:4102d917
A[3, 27]:3f4cccce,B[3, 7]:3f3851eb,C[3, 7]:4110ac09
A[3, 28]:3f666667,B[3, 7]:3da3d70a,C[3, 7]:41126667
A[3, 29]:0,B[3, 7]:3ee147ae,C[3, 7]:41126667
A[3, 0]:3dccccce,B[3, 8]:0,C[3, 8]:3e99999a
A[3, 1]:3e4cccce,B[3, 8]:3ecccccc,C[3, 8]:3ed70a3e
A[3, 2]:3e99999a,B[3, 8]:3f4ccccc,C[3, 8]:3f47ae14
A[3, 3]:3eccccce,B[3, 8]:3e4ccccc,C[3, 8]:3f666666
A[3, 4]:3f000000,B[3, 8]:3f199999,C[3, 8]:3faccccc
A[3, 5]:3f19999a,B[3, 8]:0,C[3, 8]:3faccccc
A[3, 6]:3f333334,B[3, 8]:3ecccccc,C[3, 8]:3fe28f5c
A[3, 7]:3f4cccce,B[3, 8]:3f4ccccc,C[3, 8]:402eb852
A[3, 8]:3f666667,B[3, 8]:3e4ccccc,C[3, 8]:40400000
A[3, 9]:0,B[3, 8]:3f199999,C[3, 8]:40400000
A[3, 10]:3dccccce,B[3, 8]:0,C[3, 8]:40400000
A[3, 11]:3e4cccce,B[3, 8]:3ecccccc,C[3, 8]:4047ae14
A[3, 12]:3e99999a,B[3, 8]:3f4ccccc,C[3, 8]:405eb851
A[3, 13]:3eccccce,B[3, 8]:3e4ccccc,C[3, 8]:40666665
A[3, 14]:3f000000,B[3, 8]:3f199999,C[3, 8]:40819999
A[3, 15]:3f19999a,B[3, 8]:0,C[3, 8]:40819999
A[3, 16]:3f333334,B[3, 8]:3ecccccc,C[3, 8]:408f0a3d
A[3, 17]:3f4cccce,B[3, 8]:3f4ccccc,C[3, 8]:40adc28f
A[3, 18]:3f666667,B[3, 8]:3e4ccccc,C[3, 8]:40b66666
A[3, 19]:0,B[3, 8]:3f199999,C[3, 8]:40b66666
A[3, 20]:3dccccce,B[3, 8]:0,C[3, 8]:40b66666
A[3, 21]:3e4cccce,B[3, 8]:3ecccccc,C[3, 8]:40ba3d70
A[3, 22]:3e99999a,B[3, 8]:3f4ccccc,C[3, 8]:40c5c28f
A[3, 23]:3eccccce,B[3, 8]:3e4ccccc,C[3, 8]:40c99999
A[3, 24]:3f000000,B[3, 8]:3f199999,C[3, 8]:40d7ffff
A[3, 25]:3f19999a,B[3, 8]:0,C[3, 8]:40d7ffff
A[3, 26]:3f333334,B[3, 8]:3ecccccc,C[3, 8]:40e570a3
A[3, 27]:3f4cccce,B[3, 8]:3f4ccccc,C[3, 8]:4102147a
A[3, 28]:3f666667,B[3, 8]:3e4ccccc,C[3, 8]:41066666
A[3, 29]:0,B[3, 8]:3f199999,C[3, 8]:41066666
A[3, 0]:3dccccce,B[3, 9]:0,C[3, 9]:3ef5c290
A[3, 1]:3e4cccce,B[3, 9]:3ee147ae,C[3, 9]:3f1cac08
A[3, 2]:3e99999a,B[3, 9]:3f6147ae,C[3, 9]:3f810625
A[3, 3]:3eccccce,B[3, 9]:3ea3d70a,C[3, 9]:3f99999a
A[3, 4]:3f000000,B[3, 9]:3f428f5c,C[3, 9]:3fe28f5c
A[3, 5]:3f19999a,B[3, 9]:3e4ccccc,C[3, 9]:3ff99999
A[3, 6]:3f333334,B[3, 9]:3f23d70a,C[3, 9]:4027ced9
A[3, 7]:3f4cccce,B[3, 9]:3da3d70a,C[3, 9]:402df3b6
A[3, 8]:3f666667,B[3, 9]:3f051eb8,C[3, 9]:405ae147
A[3, 9]:0,B[3, 9]:3f75c28f,C[3, 9]:405ae147
A[3, 10]:3dccccce,B[3, 9]:3ecccccc,C[3, 9]:405eb851
A[3, 11]:3e4cccce,B[3, 9]:3f570a3d,C[3, 9]:406ed916
A[3, 12]:3e99999a,B[3, 9]:3e8f5c29,C[3, 9]:4076e978
A[3, 13]:3eccccce,B[3, 9]:3f3851eb,C[3, 9]:408947ae
A[3, 14]:3f000000,B[3, 9]:3e23d70a,C[3, 9]:408d1eb8
A[3, 15]:3f19999a,B[3, 9]:3f199999,C[3, 9]:409e6666
A[3, 16]:3f333334,B[3, 9]:3d23d70a,C[3, 9]:409fbe76
A[3, 17]:3f4cccce,B[3, 9]:3ef5c28f,C[3, 9]:40b22d0e
A[3, 18]:3f666667,B[3, 9]:3f6b851e,C[3, 9]:40d9eb85
A[3, 19]:0,B[3, 9]:3eb851eb,C[3, 9]:40d9eb85
A[3, 20]:3dccccce,B[3, 9]:3f4ccccc,C[3, 9]:40ddc28f
A[3, 21]:3e4cccce,B[3, 9]:3e75c28f,C[3, 9]:40e01062
A[3, 22]:3e99999a,B[3, 9]:3f2e147b,C[3, 9]:40e9db23
A[3, 23]:3eccccce,B[3, 9]:3df5c28f,C[3, 9]:40ec28f6
A[3, 24]:3f000000,B[3, 9]:3f0f5c29,C[3, 9]:40f9999a
A[3, 25]:3f19999a,B[3, 9]:0,C[3, 9]:40f9999a
A[3, 26]:3f333334,B[3, 9]:3ee147ae,C[3, 9]:41043127
A[3, 27]:3f4cccce,B[3, 9]:3f6147ae,C[3, 9]:41151687
A[3, 28]:3f666667,B[3, 9]:3ea3d70a,C[3, 9]:411c0000
A[3, 29]:0,B[3, 9]:3f428f5c,C[3, 9]:411c0000
A[3, 0]:3dccccce,B[3, 10]:0,C[3, 10]:3f28f5c3
A[3, 1]:3e4cccce,B[3, 10]:3ef5c28f,C[3, 10]:3f4dd2f2
A[3, 2]:3e99999a,B[3, 10]:3f75c28f,C[3, 10]:3f9e3540
A[3, 3]:3eccccce,B[3, 10]:3ee147ae,C[3, 10]:3fc00000
A[3, 4]:3f000000,B[3, 10]:3f6b851e,C[3, 10]:400c28f6
A[3, 5]:3f19999a,B[3, 10]:3ecccccc,C[3, 10]:40233333
A[3, 6]:3f333334,B[3, 10]:3f6147ae,C[3, 10]:405e5604
A[3, 7]:3f4cccce,B[3, 10]:3eb851eb,C[3, 10]:4079fbe7
A[3, 8]:3f666667,B[3, 10]:3f570a3d,C[3, 10]:40a147ae
A[3, 9]:0,B[3, 10]:3ea3d70a,C[3, 10]:40a147ae
A[3, 10]:3dccccce,B[3, 10]:3f4ccccc,C[3, 10]:40a51eb8
A[3, 11]:3e4cccce,B[3, 10]:3e8f5c29,C[3, 10]:40a7ced9
A[3, 12]:3e99999a,B[3, 10]:3f428f5c,C[3, 10]:40b2c083
A[3, 13]:3eccccce,B[3, 10]:3e75c28f,C[3, 10]:40b75c29
A[3, 14]:3f000000,B[3, 10]:3f3851eb,C[3, 10]:40c8a3d7
A[3, 15]:3f19999a,B[3, 10]:3e4ccccc,C[3, 10]:40ce6666
A[3, 16]:3f333334,B[3, 10]:3f2e147b,C[3, 10]:40e53f7d
A[3, 17]:3f4cccce,B[3, 10]:3e23d70a,C[3, 10]:40eb645a
A[3, 18]:3f666667,B[3, 10]:3f23d70a,C[3, 10]:4103851f
A[3, 19]:0,B[3, 10]:3df5c28f,C[3, 10]:4103851f
A[3, 20]:3dccccce,B[3, 10]:3f199999,C[3, 10]:4104f5c3
A[3, 21]:3e4cccce,B[3, 10]:3da3d70a,C[3, 10]:41055811
A[3, 22]:3e99999a,B[3, 10]:3f0f5c29,C[3, 10]:41096042
A[3, 23]:3eccccce,B[3, 10]:3d23d70a,C[3, 10]:4109c290
A[3, 24]:3f000000,B[3, 10]:3f051eb8,C[3, 10]:41100001
A[3, 25]:3f19999a,B[3, 10]:0,C[3, 10]:41100001
A[3, 26]:3f333334,B[3, 10]:3ef5c28f,C[3, 10]:41181063
A[3, 27]:3f4cccce,B[3, 10]:3f75c28f,C[3, 10]:412a7efb
A[3, 28]:3f666667,B[3, 10]:3ee147ae,C[3, 10]:41340001
A[3, 29]:0,B[3, 10]:3f6b851e,C[3, 10]:41340001
A[3, 0]:3dccccce,B[3, 11]:0,C[3, 11]:3f570a3e
A[3, 1]:3e4cccce,B[3, 11]:3f051eb8,C[3, 11]:3f7ef9dc
A[3, 2]:3e99999a,B[3, 11]:3d23d70a,C[3, 11]:3f81cac1
A[3, 3]:3eccccce,B[3, 11]:3f0f5c29,C[3, 11]:3facccce
A[3, 4]:3f000000,B[3, 11]:3da3d70a,C[3, 11]:3fb47ae2
A[3, 5]:3f19999a,B[3, 11]:3f199999,C[3, 11]:3ff9999a
A[3, 6]:3f333334,B[3, 11]:3df5c28f,C[3, 11]:4004dd2f
A[3, 7]:3f4cccce,B[3, 11]:3f23d70a,C[3, 11]:40360418
A[3, 8]:3f666667,B[3, 11]:3e23d70a,C[3, 11]:4043d70a
A[3, 9]:0,B[3, 11]:3f2e147b,C[3, 11]:4043d70a
A[3, 10]:3dccccce,B[3, 11]:3e4ccccc,C[3, 11]:4045c28f
A[3, 11]:3e4cccce,B[3, 11]:3f3851eb,C[3, 11]:40539581
A[3, 12]:3e99999a,B[3, 11]:3e75c28f,C[3, 11]:405a7efa
A[3, 13]:3eccccce,B[3, 11]:3f428f5c,C[3, 11]:4077ae15
A[3, 14]:3f000000,B[3, 11]:3e8f5c29,C[3, 11]:40828f5c
A[3, 15]:3f19999a,B[3, 11]:3f4ccccc,C[3, 11]:40999999
A[3, 16]:3f333334,B[3, 11]:3ea3d70a,C[3, 11]:40a45a1c
A[3, 17]:3f4cccce,B[3, 11]:3f570a3d,C[3, 11]:40c49ba5
A[3, 18]:3f666667,B[3, 11]:3eb851eb,C[3, 11]:40d428f5
A[3, 19]:0,B[3, 11]:3f6147ae,C[3, 11]:40d428f5
A[3, 20]:3dccccce,B[3, 11]:3ecccccc,C[3, 11]:40d6147a
A[3, 21]:3e4cccce,B[3, 11]:3f6b851e,C[3, 11]:40dee978
A[3, 22]:3e99999a,B[3, 11]:3ee147ae,C[3, 11]:40e53f7c
A[3, 23]:3eccccce,B[3, 11]:3f75c28f,C[3, 11]:40f7ae14
A[3, 24]:3f000000,B[3, 11]:3ef5c28f,C[3, 11]:41019999
A[3, 25]:3f19999a,B[3, 11]:0,C[3, 11]:41019999
A[3, 26]:3f333334,B[3, 11]:3f051eb8,C[3, 11]:410a5604
A[3, 27]:3f4cccce,B[3, 11]:3d23d70a,C[3, 11]:410b1aa0
A[3, 28]:3f666667,B[3, 11]:3f0f5c29,C[3, 11]:41173334
A[3, 29]:0,B[3, 11]:3da3d70a,C[3, 11]:41173334
A[3, 0]:3dccccce,B[3, 12]:0,C[3, 12]:3f828f5d
A[3, 1]:3e4cccce,B[3, 12]:3f0f5c29,C[3, 12]:3f981063
A[3, 2]:3e99999a,B[3, 12]:3df5c28f,C[3, 12]:3f9ef9dc
A[3, 3]:3eccccce,B[3, 12]:3f2e147b,C[3, 12]:3fd33334
A[3, 4]:3f000000,B[3, 12]:3e75c28f,C[3, 12]:3fea3d71
A[3, 5]:3f19999a,B[3, 12]:3f4ccccc,C[3, 12]:40233333
A[3, 6]:3f333334,B[3, 12]:3eb851eb,C[3, 12]:403b645a
A[3, 7]:3f4cccce,B[3, 12]:3f6b851e,C[3, 12]:40810625
A[3, 8]:3f666667,B[3, 12]:3ef5c28f,C[3, 12]:4095c290
A[3, 9]:0,B[3, 12]:3d23d70a,C[3, 12]:4095c290
A[3, 10]:3dccccce,B[3, 12]:3f199999,C[3, 12]:4098a3d8
A[3, 11]:3e4cccce,B[3, 12]:3e23d70a,C[3, 12]:409a2d0f
A[3, 12]:3e99999a,B[3, 12]:3f3851eb,C[3, 12]:40a48b44
A[3, 13]:3eccccce,B[3, 12]:3e8f5c29,C[3, 12]:40a9eb86
A[3, 14]:3f000000,B[3, 12]:3f570a3d,C[3, 12]:40be147c
A[3, 15]:3f19999a,B[3, 12]:3ecccccc,C[3, 12]:40c9999b
A[3, 16]:3f333334,B[3, 12]:3f75c28f,C[3, 12]:40e9db24
A[3, 17]:3f4cccce,B[3, 12]:3f051eb8,C[3, 12]:40fdd2f3
A[3, 18]:3f666667,B[3, 12]:3da3d70a,C[3, 12]:4100a3d8
A[3, 19]:0,B[3, 12]:3f23d70a,C[3, 12]:4100a3d8
A[3, 20]:3dccccce,B[3, 12]:3e4ccccc,C[3, 12]:41011eb9
A[3, 21]:3e4cccce,B[3, 12]:3f428f5c,C[3, 12]:4104c49c
A[3, 22]:3e99999a,B[3, 12]:3ea3d70a,C[3, 12]:4107126f
A[3, 23]:3eccccce,B[3, 12]:3f6147ae,C[3, 12]:410f851f
A[3, 24]:3f000000,B[3, 12]:3ee147ae,C[3, 12]:4114cccd
A[3, 25]:3f19999a,B[3, 12]:0,C[3, 12]:4114cccd
A[3, 26]:3f333334,B[3, 12]:3f0f5c29,C[3, 12]:411e3540
A[3, 27]:3f4cccce,B[3, 12]:3df5c28f,C[3, 12]:41208313
A[3, 28]:3f666667,B[3, 12]:3f2e147b,C[3, 12]:412f3334
A[3, 29]:0,B[3, 12]:3e75c28f,C[3, 12]:412f3334
A[3, 0]:3dccccce,B[3, 13]:0,C[3, 13]:0
A[3, 1]:3e4cccce,B[3, 13]:3f199999,C[3, 13]:3e3851eb
A[3, 2]:3e99999a,B[3, 13]:3e4ccccc,C[3, 13]:3e8a3d70
A[3, 3]:3eccccce,B[3, 13]:3f4ccccc,C[3, 13]:3f400000
A[3, 4]:3f000000,B[3, 13]:3ecccccc,C[3, 13]:3f866666
A[3, 5]:3f19999a,B[3, 13]:0,C[3, 13]:3f866666
A[3, 6]:3f333334,B[3, 13]:3f199999,C[3, 13]:3fd70a3d
A[3, 7]:3f4cccce,B[3, 13]:3e4ccccc,C[3, 13]:3ff5c28f
A[3, 8]:3f666667,B[3, 13]:3f4ccccc,C[3, 13]:40400000
A[3, 9]:0,B[3, 13]:3ecccccc,C[3, 13]:40400000
A[3, 10]:3dccccce,B[3, 13]:0,C[3, 13]:40400000
A[3, 11]:3e4cccce,B[3, 13]:3f199999,C[3, 13]:404b851f
A[3, 12]:3e99999a,B[3, 13]:3e4ccccc,C[3, 13]:405147ae
A[3, 13]:3eccccce,B[3, 13]:3f4ccccc,C[3, 13]:40700000
A[3, 14]:3f000000,B[3, 13]:3ecccccc,C[3, 13]:4081999a
A[3, 15]:3f19999a,B[3, 13]:0,C[3, 13]:4081999a
A[3, 16]:3f333334,B[3, 13]:3f199999,C[3, 13]:4095c290
A[3, 17]:3f4cccce,B[3, 13]:3e4ccccc,C[3, 13]:409d70a4
A[3, 18]:3f666667,B[3, 13]:3f4ccccc,C[3, 13]:40c00000
A[3, 19]:0,B[3, 13]:3ecccccc,C[3, 13]:40c00000
A[3, 20]:3dccccce,B[3, 13]:0,C[3, 13]:40c00000
A[3, 21]:3e4cccce,B[3, 13]:3f199999,C[3, 13]:40c5c28f
A[3, 22]:3e99999a,B[3, 13]:3e4ccccc,C[3, 13]:40c8a3d7
A[3, 23]:3eccccce,B[3, 13]:3f4ccccc,C[3, 13]:40d80000
A[3, 24]:3f000000,B[3, 13]:3ecccccc,C[3, 13]:40e1999a
A[3, 25]:3f19999a,B[3, 13]:0,C[3, 13]:40e1999a
A[3, 26]:3f333334,B[3, 13]:3f199999,C[3, 13]:40f5c290
A[3, 27]:3f4cccce,B[3, 13]:3e4ccccc,C[3, 13]:40fd70a4
A[3, 28]:3f666667,B[3, 13]:3f4ccccc,C[3, 13]:41100000
A[3, 29]:0,B[3, 13]:3ecccccc,C[3, 13]:41100000
A[3, 0]:3dccccce,B[3, 14]:0,C[3, 14]:3e3851ec
A[3, 1]:3e4cccce,B[3, 14]:3f23d70a,C[3, 14]:3ebe76c9
A[3, 2]:3e99999a,B[3, 14]:3e8f5c29,C[3, 14]:3efef9dc
A[3, 3]:3eccccce,B[3, 14]:3f6b851e,C[3, 14]:3f866666
A[3, 4]:3f000000,B[3, 14]:3f0f5c29,C[3, 14]:3fbc28f6
A[3, 5]:3f19999a,B[3, 14]:3e4ccccc,C[3, 14]:3fd33333
A[3, 6]:3f333334,B[3, 14]:3f570a3d,C[3, 14]:40220c4a
A[3, 7]:3f4cccce,B[3, 14]:3ef5c28f,C[3, 14]:4046e979
A[3, 8]:3f666667,B[3, 14]:3df5c28f,C[3, 14]:405147ae
A[3, 9]:0,B[3, 14]:3f428f5c,C[3, 14]:405147ae
A[3, 10]:3dccccce,B[3, 14]:3ecccccc,C[3, 14]:40551eb8
A[3, 11]:3e4cccce,B[3, 14]:3d23d70a,C[3, 14]:4055e354
A[3, 12]:3e99999a,B[3, 14]:3f2e147b,C[3, 14]:406978d5
A[3, 13]:3eccccce,B[3, 14]:3ea3d70a,C[3, 14]:4075c28f
A[3, 14]:3f000000,B[3, 14]:3f75c28f,C[3, 14]:4091eb85
A[3, 15]:3f19999a,B[3, 14]:3f199999,C[3, 14]:40a33333
A[3, 16]:3f333334,B[3, 14]:3e75c28f,C[3, 14]:40ab4395
A[3, 17]:3f4cccce,B[3, 14]:3f6147ae,C[3, 14]:40cd0e56
A[3, 18]:3f666667,B[3, 14]:3f051eb8,C[3, 14]:40e3851f
A[3, 19]:0,B[3, 14]:3e23d70a,C[3, 14]:40e3851f
A[3, 20]:3dccccce,B[3, 14]:3f4ccccc,C[3, 14]:40e75c29
A[3, 21]:3e4cccce,B[3, 14]:3ee147ae,C[3, 14]:40eb9581
A[3, 22]:3e99999a,B[3, 14]:3da3d70a,C[3, 14]:40ecbc6a
A[3, 23]:3eccccce,B[3, 14]:3f3851eb,C[3, 14]:40fa8f5c
A[3, 24]:3f000000,B[3, 14]:3eb851eb,C[3, 14]:4101999a
A[3, 25]:3f19999a,B[3, 14]:0,C[3, 14]:4101999a
A[3, 26]:3f333334,B[3, 14]:3f23d70a,C[3, 14]:410c5a1d
A[3, 27]:3f4cccce,B[3, 14]:3e8f5c29,C[3, 14]:4111ba5f
A[3, 28]:3f666667,B[3, 14]:3f6b851e,C[3, 14]:4125999a
A[3, 29]:0,B[3, 14]:3f0f5c29,C[3, 14]:4125999a
A[3, 0]:3dccccce,B[3, 15]:0,C[3, 15]:3eb851ec
A[3, 1]:3e4cccce,B[3, 15]:3f2e147b,C[3, 15]:3f10624e
A[3, 2]:3e99999a,B[3, 15]:3eb851eb,C[3, 15]:3f39db23
A[3, 3]:3eccccce,B[3, 15]:3d23d70a,C[3, 15]:3f400000
A[3, 4]:3f000000,B[3, 15]:3f3851eb,C[3, 15]:3fa51eb8
A[3, 5]:3f19999a,B[3, 15]:3ecccccc,C[3, 15]:3fd33333
A[3, 6]:3f333334,B[3, 15]:3da3d70a,C[3, 15]:3fddf3b6
A[3, 7]:3f4cccce,B[3, 15]:3f428f5c,C[3, 15]:40295810
A[3, 8]:3f666667,B[3, 15]:3ee147ae,C[3, 15]:404f5c28
A[3, 9]:0,B[3, 15]:3df5c28f,C[3, 15]:404f5c28
A[3, 10]:3dccccce,B[3, 15]:3f4ccccc,C[3, 15]:40570a3c
A[3, 11]:3e4cccce,B[3, 15]:3ef5c28f,C[3, 15]:40604188
A[3, 12]:3e99999a,B[3, 15]:3e23d70a,C[3, 15]:4064dd2e
A[3, 13]:3eccccce,B[3, 15]:3f570a3d,C[3, 15]:40828f5c
A[3, 14]:3f000000,B[3, 15]:3f051eb8,C[3, 15]:408f0a3d
A[3, 15]:3f19999a,B[3, 15]:3e4ccccc,C[3, 15]:4094cccc
A[3, 16]:3f333334,B[3, 15]:3f6147ae,C[3, 15]:40b25e35
A[3, 17]:3f4cccce,B[3, 15]:3f0f5c29,C[3, 15]:40c7df3b
A[3, 18]:3f666667,B[3, 15]:3e75c28f,C[3, 15]:40d23d70
A[3, 19]:0,B[3, 15]:3f6b851e,C[3, 15]:40d23d70
A[3, 20]:3dccccce,B[3, 15]:3f199999,C[3, 15]:40d51eb8
A[3, 21]:3e4cccce,B[3, 15]:3e8f5c29,C[3, 15]:40d7ced9
A[3, 22]:3e99999a,B[3, 15]:3f75c28f,C[3, 15]:40e5a1cb
A[3, 23]:3eccccce,B[3, 15]:3f23d70a,C[3, 15]:40f1eb85
A[3, 24]:3f000000,B[3, 15]:3ea3d70a,C[3, 15]:40f99999
A[3, 25]:3f19999a,B[3, 15]:0,C[3, 15]:40f99999
A[3, 26]:3f333334,B[3, 15]:3f2e147b,C[3, 15]:41083958
A[3, 27]:3f4cccce,B[3, 15]:3eb851eb,C[3, 15]:410f22d1
A[3, 28]:3f666667,B[3, 15]:3d23d70a,C[3, 15]:41100000
A[3, 29]:0,B[3, 15]:3f3851eb,C[3, 15]:41100000
A[3, 0]:3dccccce,B[3, 16]:0,C[3, 16]:3f0a3d71
A[3, 1]:3e4cccce,B[3, 16]:3f3851eb,C[3, 16]:3f418938
A[3, 2]:3e99999a,B[3, 16]:3ee147ae,C[3, 16]:3f743959
A[3, 3]:3eccccce,B[3, 16]:3e23d70a,C[3, 16]:3f866667
A[3, 4]:3f000000,B[3, 16]:3f6147ae,C[3, 16]:3fdae148
A[3, 5]:3f19999a,B[3, 16]:3f199999,C[3, 16]:40100000
A[3, 6]:3f333334,B[3, 16]:3ea3d70a,C[3, 16]:40258106
A[3, 7]:3f4cccce,B[3, 16]:3d23d70a,C[3, 16]:40289375
A[3, 8]:3f666667,B[3, 16]:3f428f5c,C[3, 16]:406a3d71
A[3, 9]:0,B[3, 16]:3ef5c28f,C[3, 16]:406a3d71
A[3, 10]:3dccccce,B[3, 16]:3e4ccccc,C[3, 16]:406c28f6
A[3, 11]:3e4cccce,B[3, 16]:3f6b851e,C[3, 16]:407dd2f2
A[3, 12]:3e99999a,B[3, 16]:3f23d70a,C[3, 16]:408820c5
A[3, 13]:3eccccce,B[3, 16]:3eb851eb,C[3, 16]:408f0a3e
A[3, 14]:3f000000,B[3, 16]:3da3d70a,C[3, 16]:4090f5c3
A[3, 15]:3f19999a,B[3, 16]:3f4ccccc,C[3, 16]:40a80000
A[3, 16]:3f333334,B[3, 16]:3f051eb8,C[3, 16]:40b978d5
A[3, 17]:3f4cccce,B[3, 16]:3e75c28f,C[3, 16]:40c2b021
A[3, 18]:3f666667,B[3, 16]:3f75c28f,C[3, 16]:40ec28f6
A[3, 19]:0,B[3, 16]:3f2e147b,C[3, 16]:40ec28f6
A[3, 20]:3dccccce,B[3, 16]:3ecccccc,C[3, 16]:40ee147b
A[3, 21]:3e4cccce,B[3, 16]:3df5c28f,C[3, 16]:40ef3b64
A[3, 22]:3e99999a,B[3, 16]:3f570a3d,C[3, 16]:40fb53f7
A[3, 23]:3eccccce,B[3, 16]:3f0f5c29,C[3, 16]:41030a3d
A[3, 24]:3f000000,B[3, 16]:3e8f5c29,C[3, 16]:41066666
A[3, 25]:3f19999a,B[3, 16]:0,C[3, 16]:41066666
A[3, 26]:3f333334,B[3, 16]:3f3851eb,C[3, 16]:41127efa
A[3, 27]:3f4cccce,B[3, 16]:3ee147ae,C[3, 16]:411af1aa
A[3, 28]:3f666667,B[3, 16]:3e23d70a,C[3, 16]:411e6666
A[3, 29]:0,B[3, 16]:3f6147ae,C[3, 16]:411e6666
A[3, 0]:3dccccce,B[3, 17]:0,C[3, 17]:3f3851ec
A[3, 1]:3e4cccce,B[3, 17]:3f428f5c,C[3, 17]:3f72b021
A[3, 2]:3e99999a,B[3, 17]:3f051eb8,C[3, 17]:3f974bc7
A[3, 3]:3eccccce,B[3, 17]:3e8f5c29,C[3, 17]:3faccccd
A[3, 4]:3f000000,B[3, 17]:3d23d70a,C[3, 17]:3fb0a3d7
A[3, 5]:3f19999a,B[3, 17]:3f4ccccc,C[3, 17]:40066666
A[3, 6]:3f333334,B[3, 17]:3f0f5c29,C[3, 17]:402c0831
A[3, 7]:3f4cccce,B[3, 17]:3ea3d70a,C[3, 17]:40449ba6
A[3, 8]:3f666667,B[3, 17]:3da3d70a,C[3, 17]:404b851f
A[3, 9]:0,B[3, 17]:3f570a3d,C[3, 17]:404b851f
A[3, 10]:3dccccce,B[3, 17]:3f199999,C[3, 17]:405147ae
A[3, 11]:3e4cccce,B[3, 17]:3eb851eb,C[3, 17]:40583127
A[3, 12]:3e99999a,B[3, 17]:3df5c28f,C[3, 17]:405ba5e3
A[3, 13]:3eccccce,B[3, 17]:3f6147ae,C[3, 17]:407d70a4
A[3, 14]:3f000000,B[3, 17]:3f23d70a,C[3, 17]:408e147b
A[3, 15]:3f19999a,B[3, 17]:3ecccccc,C[3, 17]:4099999a
A[3, 16]:3f333334,B[3, 17]:3e23d70a,C[3, 17]:409ef9dc
A[3, 17]:3f4cccce,B[3, 17]:3f6b851e,C[3, 17]:40c24dd4
A[3, 18]:3f666667,B[3, 17]:3f2e147b,C[3, 17]:40dfae16
A[3, 19]:0,B[3, 17]:3ee147ae,C[3, 17]:40dfae16
A[3, 20]:3dccccce,B[3, 17]:3e4ccccc,C[3, 17]:40e0a3d9
A[3, 21]:3e4cccce,B[3, 17]:3f75c28f,C[3, 17]:40e9db25
A[3, 22]:3e99999a,B[3, 17]:3f3851eb,C[3, 17]:40f4395a
A[3, 23]:3eccccce,B[3, 17]:3ef5c28f,C[3, 17]:40fd70a6
A[3, 24]:3f000000,B[3, 17]:3e75c28f,C[3, 17]:4101999b
A[3, 25]:3f19999a,B[3, 17]:0,C[3, 17]:4101999b
A[3, 26]:3f333334,B[3, 17]:3f428f5c,C[3, 17]:410e5e37
A[3, 27]:3f4cccce,B[3, 17]:3f051eb8,C[3, 17]:41185a1e
A[3, 28]:3f666667,B[3, 17]:3e8f5c29,C[3, 17]:411e6668
A[3, 29]:0,B[3, 17]:3d23d70a,C[3, 17]:411e6668
A[3, 0]:3dccccce,B[3, 18]:0,C[3, 18]:3f666667
A[3, 1]:3e4cccce,B[3, 18]:3f4ccccc,C[3, 18]:3f91eb85
A[3, 2]:3e99999a,B[3, 18]:3f199999,C[3, 18]:3fb47ae1
A[3, 3]:3eccccce,B[3, 18]:3ecccccc,C[3, 18]:3fd33333
A[3, 4]:3f000000,B[3, 18]:3e4ccccc,C[3, 18]:3fe66666
A[3, 5]:3f19999a,B[3, 18]:0,C[3, 18]:3fe66666
A[3, 6]:3f333334,B[3, 18]:3f4ccccc,C[3, 18]:4028f5c2
A[3, 7]:3f4cccce,B[3, 18]:3f199999,C[3, 18]:40570a3d
A[3, 8]:3f666667,B[3, 18]:3ecccccc,C[3, 18]:40799999
A[3, 9]:0,B[3, 18]:3e4ccccc,C[3, 18]:40799999
A[3, 10]:3dccccce,B[3, 18]:0,C[3, 18]:40799999
A[3, 11]:3e4cccce,B[3, 18]:3f4ccccc,C[3, 18]:40847ae1
A[3, 12]:3e99999a,B[3, 18]:3f199999,C[3, 18]:408d1eb8
A[3, 13]:3eccccce,B[3, 18]:3ecccccc,C[3, 18]:4094cccc
A[3, 14]:3f000000,B[3, 18]:3e4ccccc,C[3, 18]:40999999
A[3, 15]:3f19999a,B[3, 18]:0,C[3, 18]:40999999
A[3, 16]:3f333334,B[3, 18]:3f4ccccc,C[3, 18]:40b47ae1
A[3, 17]:3f4cccce,B[3, 18]:3f199999,C[3, 18]:40cb851e
A[3, 18]:3f666667,B[3, 18]:3ecccccc,C[3, 18]:40dccccc
A[3, 19]:0,B[3, 18]:3e4ccccc,C[3, 18]:40dccccc
A[3, 20]:3dccccce,B[3, 18]:0,C[3, 18]:40dccccc
A[3, 21]:3e4cccce,B[3, 18]:3f4ccccc,C[3, 18]:40e47ae0
A[3, 22]:3e99999a,B[3, 18]:3f199999,C[3, 18]:40ed1eb7
A[3, 23]:3eccccce,B[3, 18]:3ecccccc,C[3, 18]:40f4cccb
A[3, 24]:3f000000,B[3, 18]:3e4ccccc,C[3, 18]:40f99998
A[3, 25]:3f19999a,B[3, 18]:0,C[3, 18]:40f99998
A[3, 26]:3f333334,B[3, 18]:3f4ccccc,C[3, 18]:410a3d70
A[3, 27]:3f4cccce,B[3, 18]:3f199999,C[3, 18]:4115c28f
A[3, 28]:3f666667,B[3, 18]:3ecccccc,C[3, 18]:411e6666
A[3, 29]:0,B[3, 18]:3e4ccccc,C[3, 18]:411e6666
A[3, 0]:3dccccce,B[3, 19]:0,C[3, 19]:3f8a3d71
A[3, 1]:3e4cccce,B[3, 19]:3f570a3d,C[3, 19]:3faa7efa
A[3, 2]:3e99999a,B[3, 19]:3f2e147b,C[3, 19]:3fd1a9fc
A[3, 3]:3eccccce,B[3, 19]:3f051eb8,C[3, 19]:3ff9999a
A[3, 4]:3f000000,B[3, 19]:3eb851eb,C[3, 19]:400e147b
A[3, 5]:3f19999a,B[3, 19]:3e4ccccc,C[3, 19]:4019999a
A[3, 6]:3f333334,B[3, 19]:3d23d70a,C[3, 19]:401c49bb
A[3, 7]:3f4cccce,B[3, 19]:3f6147ae,C[3, 19]:405fdf3c
A[3, 8]:3f666667,B[3, 19]:3f3851eb,C[3, 19]:408f0a3e
A[3, 9]:0,B[3, 19]:3f0f5c29,C[3, 19]:408f0a3e
A[3, 10]:3dccccce,B[3, 19]:3ecccccc,C[3, 19]:4090f5c3
A[3, 11]:3e4cccce,B[3, 19]:3e75c28f,C[3, 19]:40934396
A[3, 12]:3e99999a,B[3, 19]:3da3d70a,C[3, 19]:40946a7f
A[3, 13]:3eccccce,B[3, 19]:3f6b851e,C[3, 19]:40a6147b
A[3, 14]:3f000000,B[3, 19]:3f428f5c,C[3, 19]:40b851ec
A[3, 15]:3f19999a,B[3, 19]:3f199999,C[3, 19]:40c9999a
A[3, 16]:3f333334,B[3, 19]:3ee147ae,C[3, 19]:40d8624e
A[3, 17]:3f4cccce,B[3, 19]:3e8f5c29,C[3, 19]:40e322d1
A[3, 18]:3f666667,B[3, 19]:3df5c28f,C[3, 19]:40e851ec
A[3, 19]:0,B[3, 19]:3f75c28f,C[3, 19]:40e851ec
A[3, 20]:3dccccce,B[3, 19]:3f4ccccc,C[3, 19]:40ec28f6
A[3, 21]:3e4cccce,B[3, 19]:3f23d70a,C[3, 19]:40f24dd3
A[3, 22]:3e99999a,B[3, 19]:3ef5c28f,C[3, 19]:40f9374c
A[3, 23]:3eccccce,B[3, 19]:3ea3d70a,C[3, 19]:40ff5c29
A[3, 24]:3f000000,B[3, 19]:3e23d70a,C[3, 19]:4101999a
A[3, 25]:3f19999a,B[3, 19]:0,C[3, 19]:4101999a
A[3, 26]:3f333334,B[3, 19]:3f570a3d,C[3, 19]:410fb646
A[3, 27]:3f4cccce,B[3, 19]:3f2e147b,C[3, 19]:411cc49c
A[3, 28]:3f666667,B[3, 19]:3f051eb8,C[3, 19]:41280000
A[3, 29]:0,B[3, 19]:3eb851eb,C[3, 19]:41280000
A[3, 0]:3dccccce,B[3, 20]:0,C[3, 20]:3d75c290
A[3, 1]:3e4cccce,B[3, 20]:3f6147ae,C[3, 20]:3ea5e354
A[3, 2]:3e99999a,B[3, 20]:3f428f5c,C[3, 20]:3f2a7efa
A[3, 3]:3eccccce,B[3, 20]:3f23d70a,C[3, 20]:3f866666
A[3, 4]:3f000000,B[3, 20]:3f051eb8,C[3, 20]:3fb851eb
A[3, 5]:3f19999a,B[3, 20]:3ecccccc,C[3, 20]:3fe66666
A[3, 6]:3f333334,B[3, 20]:3e8f5c29,C[3, 20]:40060418
A[3, 7]:3f4cccce,B[3, 20]:3e23d70a,C[3, 20]:40124dd2
A[3, 8]:3f666667,B[3, 20]:3d23d70a,C[3, 20]:4015c28e
A[3, 9]:0,B[3, 20]:3f6b851e,C[3, 20]:4015c28e
A[3, 10]:3dccccce,B[3, 20]:3f4ccccc,C[3, 20]:401d70a2
A[3, 11]:3e4cccce,B[3, 20]:3f2e147b,C[3, 20]:402a7ef8
A[3, 12]:3e99999a,B[3, 20]:3f0f5c29,C[3, 20]:403a9fbd
A[3, 13]:3eccccce,B[3, 20]:3ee147ae,C[3, 20]:404b851d
A[3, 14]:3f000000,B[3, 20]:3ea3d70a,C[3, 20]:405ae146
A[3, 15]:3f19999a,B[3, 20]:3e4ccccc,C[3, 20]:40666665
A[3, 16]:3f333334,B[3, 20]:3da3d70a,C[3, 20]:406bc6a7
A[3, 17]:3f4cccce,B[3, 20]:3f75c28f,C[3, 20]:409ac083
A[3, 18]:3f666667,B[3, 20]:3f570a3d,C[3, 20]:40bf0a3d
A[3, 19]:0,B[3, 20]:3f3851eb,C[3, 20]:40bf0a3d
A[3, 20]:3dccccce,B[3, 20]:3f199999,C[3, 20]:40c1eb85
A[3, 21]:3e4cccce,B[3, 20]:3ef5c28f,C[3, 20]:40c6872b
A[3, 22]:3e99999a,B[3, 20]:3eb851eb,C[3, 20]:40cbb646
A[3, 23]:3eccccce,B[3, 20]:3e75c28f,C[3, 20]:40d051ec
A[3, 24]:3f000000,B[3, 20]:3df5c28f,C[3, 20]:40d33334
A[3, 25]:3f19999a,B[3, 20]:0,C[3, 20]:40d33334
A[3, 26]:3f333334,B[3, 20]:3f6147ae,C[3, 20]:40f0c49d
A[3, 27]:3f4cccce,B[3, 20]:3f428f5c,C[3, 20]:4106f9dc
A[3, 28]:3f666667,B[3, 20]:3f23d70a,C[3, 20]:4114ccce
A[3, 29]:0,B[3, 20]:3f051eb8,C[3, 20]:4114ccce
A[3, 0]:3dccccce,B[3, 21]:0,C[3, 21]:3e75c290
A[3, 1]:3e4cccce,B[3, 21]:3f6b851e,C[3, 21]:3f041894
A[3, 2]:3e99999a,B[3, 21]:3f570a3d,C[3, 21]:3f64dd30
A[3, 3]:3eccccce,B[3, 21]:3f428f5c,C[3, 21]:3faccccd
A[3, 4]:3f000000,B[3, 21]:3f2e147b,C[3, 21]:3fee147b
A[3, 5]:3f19999a,B[3, 21]:3f199999,C[3, 21]:4019999a
A[3, 6]:3f333334,B[3, 21]:3f051eb8,C[3, 21]:403c8b44
A[3, 7]:3f4cccce,B[3, 21]:3ee147ae,C[3, 21]:405e5604
A[3, 8]:3f666667,B[3, 21]:3eb851eb,C[3, 21]:407d70a4
A[3, 9]:0,B[3, 21]:3e8f5c29,C[3, 21]:407d70a4
A[3, 10]:3dccccce,B[3, 21]:3e4ccccc,C[3, 21]:407f5c29
A[3, 11]:3e4cccce,B[3, 21]:3df5c28f,C[3, 21]:4080d4fe
A[3, 12]:3e99999a,B[3, 21]:3d23d70a,C[3, 21]:40816873
A[3, 13]:3eccccce,B[3, 21]:3f75c28f,C[3, 21]:4093d70b
A[3, 14]:3f000000,B[3, 21]:3f6147ae,C[3, 21]:40a8f5c3
A[3, 15]:3f19999a,B[3, 21]:3f4ccccc,C[3, 21]:40c00000
A[3, 16]:3f333334,B[3, 21]:3f3851eb,C[3, 21]:40d83127
A[3, 17]:3f4cccce,B[3, 21]:3f23d70a,C[3, 21]:40f0c49c
A[3, 18]:3f666667,B[3, 21]:3f0f5c29,C[3, 21]:41047ae2
A[3, 19]:0,B[3, 21]:3ef5c28f,C[3, 21]:41047ae2
A[3, 20]:3dccccce,B[3, 21]:3ecccccc,C[3, 21]:410570a5
A[3, 21]:3e4cccce,B[3, 21]:3ea3d70a,C[3, 21]:4106f9dc
A[3, 22]:3e99999a,B[3, 21]:3e75c28f,C[3, 21]:4108b43a
A[3, 23]:3eccccce,B[3, 21]:3e23d70a,C[3, 21]:410a3d71
A[3, 24]:3f000000,B[3, 21]:3da3d70a,C[3, 21]:410b3334
A[3, 25]:3f19999a,B[3, 21]:0,C[3, 21]:410b3334
A[3, 26]:3f333334,B[3, 21]:3f6b851e,C[3, 21]:411aa7f0
A[3, 27]:3f4cccce,B[3, 21]:3f570a3d,C[3, 21]:412ac8b5
A[3, 28]:3f666667,B[3, 21]:3f428f5c,C[3, 21]:413b3334
A[3, 29]:0,B[3, 21]:3f2e147b,C[3, 21]:413b3334
A[3, 0]:3dccccce,B[3, 22]:0,C[3, 22]:3ed70a3e
A[3, 1]:3e4cccce,B[3, 22]:3f75c28f,C[3, 22]:3f353f7e
A[3, 2]:3e99999a,B[3, 22]:3f6b851e,C[3, 22]:3f8f9db3
A[3, 3]:3eccccce,B[3, 22]:3f6147ae,C[3, 22]:3fd33334
A[3, 4]:3f000000,B[3, 22]:3f570a3d,C[3, 22]:4011eb86
A[3, 5]:3f19999a,B[3, 22]:3f4ccccc,C[3, 22]:40400001
A[3, 6]:3f333334,B[3, 22]:3f428f5c,C[3, 22]:40731270
A[3, 7]:3f4cccce,B[3, 22]:3f3851eb,C[3, 22]:40952f1b
A[3, 8]:3f666667,B[3, 22]:3f2e147b,C[3, 22]:40b28f5d
A[3, 9]:0,B[3, 22]:3f23d70a,C[3, 22]:40b28f5d
A[3, 10]:3dccccce,B[3, 22]:3f199999,C[3, 22]:40b570a5
A[3, 11]:3e4cccce,B[3, 22]:3f0f5c29,C[3, 22]:40bad0e7
A[3, 12]:3e99999a,B[3, 22]:3f051eb8,C[3, 22]:40c24dd5
A[3, 13]:3eccccce,B[3, 22]:3ef5c28f,C[3, 22]:40cb8521
A[3, 14]:3f000000,B[3, 22]:3ee147ae,C[3, 22]:40d6147d
A[3, 15]:3f19999a,B[3, 22]:3ecccccc,C[3, 22]:40e1999c
A[3, 16]:3f333334,B[3, 22]:3eb851eb,C[3, 22]:40edb230
A[3, 17]:3f4cccce,B[3, 22]:3ea3d70a,C[3, 22]:40f9fbea
A[3, 18]:3f666667,B[3, 22]:3e8f5c29,C[3, 22]:41030a3f
A[3, 19]:0,B[3, 22]:3e75c28f,C[3, 22]:41030a3f
A[3, 20]:3dccccce,B[3, 22]:3e4ccccc,C[3, 22]:41038520
A[3, 21]:3e4cccce,B[3, 22]:3e23d70a,C[3, 22]:410449bc
A[3, 22]:3e99999a,B[3, 22]:3df5c28f,C[3, 22]:410526eb
A[3, 23]:3eccccce,B[3, 22]:3da3d70a,C[3, 22]:4105eb87
A[3, 24]:3f000000,B[3, 22]:3d23d70a,C[3, 22]:41066668
A[3, 25]:3f19999a,B[3, 22]:0,C[3, 22]:41066668
A[3, 26]:3f333334,B[3, 22]:3f75c28f,C[3, 22]:4116872d
A[3, 27]:3f4cccce,B[3, 22]:3f6b851e,C[3, 22]:41283129
A[3, 28]:3f666667,B[3, 22]:3f6147ae,C[3, 22]:413b3335
A[3, 29]:0,B[3, 22]:3f570a3d,C[3, 22]:413b3335
A[3, 0]:3dccccce,B[3, 23]:0,C[3, 23]:3f19999a
A[3, 1]:3e4cccce,B[3, 23]:0,C[3, 23]:3f19999a
A[3, 2]:3e99999a,B[3, 23]:0,C[3, 23]:3f19999a
A[3, 3]:3eccccce,B[3, 23]:0,C[3, 23]:3f19999a
A[3, 4]:3f000000,B[3, 23]:0,C[3, 23]:3f19999a
A[3, 5]:3f19999a,B[3, 23]:0,C[3, 23]:3f19999a
A[3, 6]:3f333334,B[3, 23]:0,C[3, 23]:3f19999a
A[3, 7]:3f4cccce,B[3, 23]:0,C[3, 23]:3f19999a
A[3, 8]:3f666667,B[3, 23]:0,C[3, 23]:3f19999a
A[3, 9]:0,B[3, 23]:0,C[3, 23]:3f19999a
A[3, 10]:3dccccce,B[3, 23]:0,C[3, 23]:3f19999a
A[3, 11]:3e4cccce,B[3, 23]:0,C[3, 23]:3f19999a
A[3, 12]:3e99999a,B[3, 23]:0,C[3, 23]:3f19999a
A[3, 13]:3eccccce,B[3, 23]:0,C[3, 23]:3f19999a
A[3, 14]:3f000000,B[3, 23]:0,C[3, 23]:3f19999a
A[3, 15]:3f19999a,B[3, 23]:0,C[3, 23]:3f19999a
A[3, 16]:3f333334,B[3, 23]:0,C[3, 23]:3f19999a
A[3, 17]:3f4cccce,B[3, 23]:0,C[3, 23]:3f19999a
A[3, 18]:3f666667,B[3, 23]:0,C[3, 23]:3f19999a
A[3, 19]:0,B[3, 23]:0,C[3, 23]:3f19999a
A[3, 20]:3dccccce,B[3, 23]:0,C[3, 23]:3f19999a
A[3, 21]:3e4cccce,B[3, 23]:0,C[3, 23]:3f19999a
A[3, 22]:3e99999a,B[3, 23]:0,C[3, 23]:3f19999a
A[3, 23]:3eccccce,B[3, 23]:0,C[3, 23]:3f19999a
A[3, 24]:3f000000,B[3, 23]:0,C[3, 23]:3f19999a
A[3, 25]:3f19999a,B[3, 23]:0,C[3, 23]:3f19999a
A[3, 26]:3f333334,B[3, 23]:0,C[3, 23]:3f19999a
A[3, 27]:3f4cccce,B[3, 23]:0,C[3, 23]:3f19999a
A[3, 28]:3f666667,B[3, 23]:0,C[3, 23]:3f19999a
A[3, 29]:0,B[3, 23]:0,C[3, 23]:3f19999a
A[3, 0]:3dccccce,B[3, 24]:0,C[3, 24]:3f47ae16
A[3, 1]:3e4cccce,B[3, 24]:3d23d70a,C[3, 24]:3f4ac085
A[3, 2]:3e99999a,B[3, 24]:3da3d70a,C[3, 24]:3f53f7d1
A[3, 3]:3eccccce,B[3, 24]:3df5c28f,C[3, 24]:3f666669
A[3, 4]:3f000000,B[3, 24]:3e23d70a,C[3, 24]:3f828f5d
A[3, 5]:3f19999a,B[3, 24]:3e4ccccc,C[3, 24]:3f99999a
A[3, 6]:3f333334,B[3, 24]:3e75c28f,C[3, 24]:3fb9db23
A[3, 7]:3f4cccce,B[3, 24]:3e8f5c29,C[3, 24]:3fe4dd30
A[3, 8]:3f666667,B[3, 24]:3ea3d70a,C[3, 24]:400e147b
A[3, 9]:0,B[3, 24]:3eb851eb,C[3, 24]:400e147b
A[3, 10]:3dccccce,B[3, 24]:3ecccccc,C[3, 24]:4011eb85
A[3, 11]:3e4cccce,B[3, 24]:3ee147ae,C[3, 24]:401a5e35
A[3, 12]:3e99999a,B[3, 24]:3ef5c28f,C[3, 24]:40283127
A[3, 13]:3eccccce,B[3, 24]:3f051eb8,C[3, 24]:403c28f6
A[3, 14]:3f000000,B[3, 24]:3f0f5c29,C[3, 24]:40570a3e
A[3, 15]:3f19999a,B[3, 24]:3f199999,C[3, 24]:4079999a
A[3, 16]:3f333334,B[3, 24]:3f23d70a,C[3, 24]:40924dd3
A[3, 17]:3f4cccce,B[3, 24]:3f2e147b,C[3, 24]:40ac6a7f
A[3, 18]:3f666667,B[3, 24]:3f3851eb,C[3, 24]:40cb851f
A[3, 19]:0,B[3, 24]:3f428f5c,C[3, 24]:40cb851f
A[3, 20]:3dccccce,B[3, 24]:3f4ccccc,C[3, 24]:40cf5c29
A[3, 21]:3e4cccce,B[3, 24]:3f570a3d,C[3, 24]:40d76c8b
A[3, 22]:3e99999a,B[3, 24]:3f6147ae,C[3, 24]:40e41893
A[3, 23]:3eccccce,B[3, 24]:3f6b851e,C[3, 24]:40f5c28f
A[3, 24]:3f000000,B[3, 24]:3f75c28f,C[3, 24]:41066666
A[3, 25]:3f19999a,B[3, 24]:0,C[3, 24]:41066666
A[3, 26]:3f333334,B[3, 24]:3d23d70a,C[3, 24]:4107126e
A[3, 27]:3f4cccce,B[3, 24]:3da3d70a,C[3, 24]:41089ba5
A[3, 28]:3f666667,B[3, 24]:3df5c28f,C[3, 24]:410b3332
A[3, 29]:0,B[3, 24]:3e23d70a,C[3, 24]:410b3332

done computing: 3, print C
C[3, 0]:40f9999a,C[3, 1]:41233334,C[3, 2]:41233334,C[3, 3]:410b3333,C[3, 4]:412ccccd,C[3, 5]:412ccccd,C[3, 6]:413b3334,C[3, 7]:41126667,C[3, 8]:41066666,C[3, 9]:411c0000,C[3, 10]:41340001,C[3, 11]:41173334,C[3, 12]:412f3334,C[3, 13]:41100000,C[3, 14]:4125999a,C[3, 15]:41100000,C[3, 16]:411e6666,C[3, 17]:411e6668,C[3, 18]:411e6666,C[3, 19]:41280000,C[3, 20]:4114ccce,C[3, 21]:413b3334,C[3, 22]:413b3335,C[3, 23]:3f19999a,C[3, 24]:410b3332,

//========================

Init I: 4
C[4, 0]:3d4ccccd->3d75c290,C[4, 1]:3e800000->3e99999a,C[4, 2]:3ee66667->3f0a3d71,C[4, 3]:3f266667->3f47ae16,C[4, 4]:3f59999a->3f828f5d,C[4, 5]:3d4ccccd->3d75c290,C[4, 6]:3e800000->3e99999a,C[4, 7]:3ee66667->3f0a3d71,C[4, 8]:3f266667->3f47ae16,C[4, 9]:3f59999a->3f828f5d,C[4, 10]:3d4ccccd->3d75c290,C[4, 11]:3e800000->3e99999a,C[4, 12]:3ee66667->3f0a3d71,C[4, 13]:3f266667->3f47ae16,C[4, 14]:3f59999a->3f828f5d,C[4, 15]:3d4ccccd->3d75c290,C[4, 16]:3e800000->3e99999a,C[4, 17]:3ee66667->3f0a3d71,C[4, 18]:3f266667->3f47ae16,C[4, 19]:3f59999a->3f828f5d,C[4, 20]:3d4ccccd->3d75c290,C[4, 21]:3e800000->3e99999a,C[4, 22]:3ee66667->3f0a3d71,C[4, 23]:3f266667->3f47ae16,C[4, 24]:3f59999a->3f828f5d,
Start computing: 4
A[4, 0]:3e088889,B[4, 0]:0,C[4, 0]:3d75c290
A[4, 1]:3e888889,B[4, 0]:3da3d70a,C[4, 0]:3dbc6a80
A[4, 2]:3eccccce,B[4, 0]:3e23d70a,C[4, 0]:3e408313
A[4, 3]:3f088889,B[4, 0]:3e75c28f,C[4, 0]:3ec28f5d
A[4, 4]:3f2aaaab,B[4, 0]:3ea3d70a,C[4, 0]:3f333334
A[4, 5]:3f4cccce,B[4, 0]:3ecccccc,C[4, 0]:3f970a3e
A[4, 6]:3f6eeef0,B[4, 0]:3ef5c28f,C[4, 0]:3fed0e57
A[4, 7]:3d888889,B[4, 0]:3f0f5c29,C[4, 0]:3ff43959
A[4, 8]:3e4cccce,B[4, 0]:3f23d70a,C[4, 0]:40066667
A[4, 9]:3eaaaaab,B[4, 0]:3f3851eb,C[4, 0]:401d70a4
A[4, 10]:3eeeeef0,B[4, 0]:3f4ccccc,C[4, 0]:404147ae
A[4, 11]:3f19999a,B[4, 0]:3f6147ae,C[4, 0]:4073f7cf
A[4, 12]:3f3bbbbc,B[4, 0]:3f75c28f,C[4, 0]:409bc6a8
A[4, 13]:3f5ddddf,B[4, 0]:3d23d70a,C[4, 0]:409d70a4
A[4, 14]:0,B[4, 0]:3df5c28f,C[4, 0]:409d70a4
A[4, 15]:3e088889,B[4, 0]:3e4ccccc,C[4, 0]:409eb852
A[4, 16]:3e888889,B[4, 0]:3e8f5c29,C[4, 0]:40a24dd3
A[4, 17]:3eccccce,B[4, 0]:3eb851eb,C[4, 0]:40a9374c
A[4, 18]:3f088889,B[4, 0]:3ee147ae,C[4, 0]:40b47ae2
A[4, 19]:3f2aaaab,B[4, 0]:3f051eb8,C[4, 0]:40c51eb9
A[4, 20]:3f4cccce,B[4, 0]:3f199999,C[4, 0]:40dc28f6
A[4, 21]:3f6eeef0,B[4, 0]:3f2e147b,C[4, 0]:40fa9fbf
A[4, 22]:3d888889,B[4, 0]:3f428f5c,C[4, 0]:40fd0e57
A[4, 23]:3e4cccce,B[4, 0]:3f570a3d,C[4, 0]:41028f5d
A[4, 24]:3eaaaaab,B[4, 0]:3f6b851e,C[4, 0]:4109eb86
A[4, 25]:3eeeeef0,B[4, 0]:0,C[4, 0]:4109eb86
A[4, 26]:3f19999a,B[4, 0]:3da3d70a,C[4, 0]:410b126f
A[4, 27]:3f3bbbbc,B[4, 0]:3e23d70a,C[4, 0]:410de354
A[4, 28]:3f5ddddf,B[4, 0]:3e75c28f,C[4, 0]:4112e148
A[4, 29]:0,B[4, 0]:3ea3d70a,C[4, 0]:4112e148
A[4, 0]:3e088889,B[4, 1]:0,C[4, 1]:3e99999a
A[4, 1]:3e888889,B[4, 1]:3df5c28f,C[4, 1]:3eb22d0f
A[4, 2]:3eccccce,B[4, 1]:3e75c28f,C[4, 1]:3efbe76e
A[4, 3]:3f088889,B[4, 1]:3eb851eb,C[4, 1]:3f47ae16
A[4, 4]:3f2aaaab,B[4, 1]:3ef5c28f,C[4, 1]:3fa147af
A[4, 5]:3f4cccce,B[4, 1]:3f199999,C[4, 1]:3ffd70a4
A[4, 6]:3f6eeef0,B[4, 1]:3f3851eb,C[4, 1]:403f3b64
A[4, 7]:3d888889,B[4, 1]:3f570a3d,C[4, 1]:40449ba6
A[4, 8]:3e4cccce,B[4, 1]:3f75c28f,C[4, 1]:40570a3e
A[4, 9]:3eaaaaab,B[4, 1]:3da3d70a,C[4, 1]:4059999a
A[4, 10]:3eeeeef0,B[4, 1]:3e4ccccc,C[4, 1]:40628f5d
A[4, 11]:3f19999a,B[4, 1]:3ea3d70a,C[4, 1]:4074fdf5
A[4, 12]:3f3bbbbc,B[4, 1]:3ee147ae,C[4, 1]:4089fbe8
A[4, 13]:3f5ddddf,B[4, 1]:3f0f5c29,C[4, 1]:40a147af
A[4, 14]:0,B[4, 1]:3f2e147b,C[4, 1]:40a147af
A[4, 15]:3e088889,B[4, 1]:3f4ccccc,C[4, 1]:40a66667
A[4, 16]:3e888889,B[4, 1]:3f6b851e,C[4, 1]:40b22d0f
A[4, 17]:3eccccce,B[4, 1]:3d23d70a,C[4, 1]:40b2f1ab
A[4, 18]:3f088889,B[4, 1]:3e23d70a,C[4, 1]:40b70a3e
A[4, 19]:3f2aaaab,B[4, 1]:3e8f5c29,C[4, 1]:40c00001
A[4, 20]:3f4cccce,B[4, 1]:3ecccccc,C[4, 1]:40cf5c2a
A[4, 21]:3f6eeef0,B[4, 1]:3f051eb8,C[4, 1]:40e6a7f1
A[4, 22]:3d888889,B[4, 1]:3f23d70a,C[4, 1]:40e8b43b
A[4, 23]:3e4cccce,B[4, 1]:3f428f5c,C[4, 1]:40f00002
A[4, 24]:3eaaaaab,B[4, 1]:3f6147ae,C[4, 1]:40fe147d
A[4, 25]:3eeeeef0,B[4, 1]:0,C[4, 1]:40fe147d
A[4, 26]:3f19999a,B[4, 1]:3df5c28f,C[4, 1]:4100c49d
A[4, 27]:3f3bbbbc,B[4, 1]:3e75c28f,C[4, 1]:4104fdf5
A[4, 28]:3f5ddddf,B[4, 1]:3eb851eb,C[4, 1]:410c7ae3
A[4, 29]:0,B[4, 1]:3ef5c28f,C[4, 1]:410c7ae3
A[4, 0]:3e088889,B[4, 2]:0,C[4, 2]:3f0a3d71
A[4, 1]:3e888889,B[4, 2]:3e23d70a,C[4, 2]:3f1a9fbf
A[4, 2]:3eccccce,B[4, 2]:3ea3d70a,C[4, 2]:3f4bc6a8
A[4, 3]:3f088889,B[4, 2]:3ef5c28f,C[4, 2]:3f970a3e
A[4, 4]:3f2aaaab,B[4, 2]:3f23d70a,C[4, 2]:3fe8f5c3
A[4, 5]:3f4cccce,B[4, 2]:3f4ccccc,C[4, 2]:4031eb85
A[4, 6]:3f6eeef0,B[4, 2]:3f75c28f,C[4, 2]:4083f7cf
A[4, 7]:3d888889,B[4, 2]:3df5c28f,C[4, 2]:40845a1d
A[4, 8]:3e4cccce,B[4, 2]:3e8f5c29,C[4, 2]:40870a3e
A[4, 9]:3eaaaaab,B[4, 2]:3ee147ae,C[4, 2]:408e147b
A[4, 10]:3eeeeef0,B[4, 2]:3f199999,C[4, 2]:409b851f
A[4, 11]:3f19999a,B[4, 2]:3f428f5c,C[4, 2]:40b16873
A[4, 12]:3f3bbbbc,B[4, 2]:3f6b851e,C[4, 2]:40d1cac1
A[4, 13]:3f5ddddf,B[4, 2]:3da3d70a,C[4, 2]:40d51eb9
A[4, 14]:0,B[4, 2]:3e75c28f,C[4, 2]:40d51eb9
A[4, 15]:3e088889,B[4, 2]:3ecccccc,C[4, 2]:40d7ae15
A[4, 16]:3e888889,B[4, 2]:3f0f5c29,C[4, 2]:40ded917
A[4, 17]:3eccccce,B[4, 2]:3f3851eb,C[4, 2]:40ecac09
A[4, 18]:3f088889,B[4, 2]:3f6147ae,C[4, 2]:4101999a
A[4, 19]:3f2aaaab,B[4, 2]:3d23d70a,C[4, 2]:41023d71
A[4, 20]:3f4cccce,B[4, 2]:3e4ccccc,C[4, 2]:4106147b
A[4, 21]:3f6eeef0,B[4, 2]:3eb851eb,C[4, 2]:410e24dd
A[4, 22]:3d888889,B[4, 2]:3f051eb8,C[4, 2]:410ef9db
A[4, 23]:3e4cccce,B[4, 2]:3f2e147b,C[4, 2]:41123d71
A[4, 24]:3eaaaaab,B[4, 2]:3f570a3d,C[4, 2]:4118f5c3
A[4, 25]:3eeeeef0,B[4, 2]:0,C[4, 2]:4118f5c3
A[4, 26]:3f19999a,B[4, 2]:3e23d70a,C[4, 2]:411b4396
A[4, 27]:3f3bbbbc,B[4, 2]:3ea3d70a,C[4, 2]:4120e561
A[4, 28]:3f5ddddf,B[4, 2]:3ef5c28f,C[4, 2]:412ae148
A[4, 29]:0,B[4, 2]:3f23d70a,C[4, 2]:412ae148
A[4, 0]:3e088889,B[4, 3]:0,C[4, 3]:3f47ae16
A[4, 1]:3e888889,B[4, 3]:3e4ccccc,C[4, 3]:3f5c28f7
A[4, 2]:3eccccce,B[4, 3]:3ecccccc,C[4, 3]:3f8ccccd
A[4, 3]:3f088889,B[4, 3]:3f199999,C[4, 3]:3fca3d71
A[4, 4]:3f2aaaab,B[4, 3]:3f4ccccc,C[4, 3]:401851ec
A[4, 5]:3f4cccce,B[4, 3]:0,C[4, 3]:401851ec
A[4, 6]:3f6eeef0,B[4, 3]:3e4ccccc,C[4, 3]:402a3d71
A[4, 7]:3d888889,B[4, 3]:3ecccccc,C[4, 3]:402ccccd
A[4, 8]:3e4cccce,B[4, 3]:3f199999,C[4, 3]:403851ec
A[4, 9]:3eaaaaab,B[4, 3]:3f4ccccc,C[4, 3]:4051eb86
A[4, 10]:3eeeeef0,B[4, 3]:0,C[4, 3]:4051eb86
A[4, 11]:3f19999a,B[4, 3]:3e4ccccc,C[4, 3]:405d70a5
A[4, 12]:3f3bbbbc,B[4, 3]:3ecccccc,C[4, 3]:4079999b
A[4, 13]:3f5ddddf,B[4, 3]:3f199999,C[4, 3]:4095c290
A[4, 14]:0,B[4, 3]:3f4ccccc,C[4, 3]:4095c290
A[4, 15]:3e088889,B[4, 3]:0,C[4, 3]:4095c290
A[4, 16]:3e888889,B[4, 3]:3e4ccccc,C[4, 3]:409851ec
A[4, 17]:3eccccce,B[4, 3]:3ecccccc,C[4, 3]:40a00000
A[4, 18]:3f088889,B[4, 3]:3f199999,C[4, 3]:40af5c29
A[4, 19]:3f2aaaab,B[4, 3]:3f4ccccc,C[4, 3]:40c8f5c2
A[4, 20]:3f4cccce,B[4, 3]:0,C[4, 3]:40c8f5c2
A[4, 21]:3f6eeef0,B[4, 3]:3e4ccccc,C[4, 3]:40d1eb85
A[4, 22]:3d888889,B[4, 3]:3ecccccc,C[4, 3]:40d33333
A[4, 23]:3e4cccce,B[4, 3]:3f199999,C[4, 3]:40d8f5c2
A[4, 24]:3eaaaaab,B[4, 3]:3f4ccccc,C[4, 3]:40e5c28f
A[4, 25]:3eeeeef0,B[4, 3]:0,C[4, 3]:40e5c28f
A[4, 26]:3f19999a,B[4, 3]:3e4ccccc,C[4, 3]:40eb851e
A[4, 27]:3f3bbbbc,B[4, 3]:3ecccccc,C[4, 3]:40f99999
A[4, 28]:3f5ddddf,B[4, 3]:3f199999,C[4, 3]:410947ae
A[4, 29]:0,B[4, 3]:3f4ccccc,C[4, 3]:410947ae
A[4, 0]:3e088889,B[4, 4]:0,C[4, 4]:3f828f5d
A[4, 1]:3e888889,B[4, 4]:3e75c28f,C[4, 4]:3f8ed917
A[4, 2]:3eccccce,B[4, 4]:3ef5c28f,C[4, 4]:3fb3b646
A[4, 3]:3f088889,B[4, 4]:3f3851eb,C[4, 4]:3ffd70a4
A[4, 4]:3f2aaaab,B[4, 4]:3f75c28f,C[4, 4]:403c28f6
A[4, 5]:3f4cccce,B[4, 4]:3e4ccccc,C[4, 4]:404b851f
A[4, 6]:3f6eeef0,B[4, 4]:3ee147ae,C[4, 4]:4072f1aa
A[4, 7]:3d888889,B[4, 4]:3f2e147b,C[4, 4]:40774bc7
A[4, 8]:3e4cccce,B[4, 4]:3f6b851e,C[4, 4]:40847ae1
A[4, 9]:3eaaaaab,B[4, 4]:3e23d70a,C[4, 4]:40870a3d
A[4, 10]:3eeeeef0,B[4, 4]:3ecccccc,C[4, 4]:40900000
A[4, 11]:3f19999a,B[4, 4]:3f23d70a,C[4, 4]:40a26e98
A[4, 12]:3f3bbbbc,B[4, 4]:3f6147ae,C[4, 4]:40c16873
A[4, 13]:3f5ddddf,B[4, 4]:3df5c28f,C[4, 4]:40c66667
A[4, 14]:0,B[4, 4]:3eb851eb,C[4, 4]:40c66667
A[4, 15]:3e088889,B[4, 4]:3f199999,C[4, 4]:40ca3d71
A[4, 16]:3e888889,B[4, 4]:3f570a3d,C[4, 4]:40d4fdf4
A[4, 17]:3eccccce,B[4, 4]:3da3d70a,C[4, 4]:40d6872b
A[4, 18]:3f088889,B[4, 4]:3ea3d70a,C[4, 4]:40deb852
A[4, 19]:3f2aaaab,B[4, 4]:3f0f5c29,C[4, 4]:40f0a3d7
A[4, 20]:3f4cccce,B[4, 4]:3f4ccccc,C[4, 4]:4107ae14
A[4, 21]:3f6eeef0,B[4, 4]:3d23d70a,C[4, 4]:41089374
A[4, 22]:3d888889,B[4, 4]:3e8f5c29,C[4, 4]:41090624
A[4, 23]:3e4cccce,B[4, 4]:3f051eb8,C[4, 4]:410b851e
A[4, 24]:3eaaaaab,B[4, 4]:3f428f5c,C[4, 4]:41119999
A[4, 25]:3eeeeef0,B[4, 4]:0,C[4, 4]:41119999
A[4, 26]:3f19999a,B[4, 4]:3e75c28f,C[4, 4]:41150e55
A[4, 27]:3f3bbbbc,B[4, 4]:3ef5c28f,C[4, 4]:411d8105
A[4, 28]:3f5ddddf,B[4, 4]:3f3851eb,C[4, 4]:412c7ae0
A[4, 29]:0,B[4, 4]:3f75c28f,C[4, 4]:412c7ae0
A[4, 0]:3e088889,B[4, 5]:0,C[4, 5]:3d75c290
A[4, 1]:3e888889,B[4, 5]:3e8f5c29,C[4, 5]:3e3020c6
A[4, 2]:3eccccce,B[4, 5]:3f0f5c29,C[4, 5]:3f020c4a
A[4, 3]:3f088889,B[4, 5]:3f570a3d,C[4, 5]:3f970a3e
A[4, 4]:3f2aaaab,B[4, 5]:3df5c28f,C[4, 5]:3fa66667
A[4, 5]:3f4cccce,B[4, 5]:3ecccccc,C[4, 5]:3fe3d70b
A[4, 6]:3f6eeef0,B[4, 5]:3f2e147b,C[4, 5]:402ed917
A[4, 7]:3d888889,B[4, 5]:3f75c28f,C[4, 5]:4034fdf4
A[4, 8]:3e4cccce,B[4, 5]:3e75c28f,C[4, 5]:4039999a
A[4, 9]:3eaaaaab,B[4, 5]:3f051eb8,C[4, 5]:404a3d71
A[4, 10]:3eeeeef0,B[4, 5]:3f4ccccc,C[4, 5]:406e147b
A[4, 11]:3f19999a,B[4, 5]:3da3d70a,C[4, 5]:4072b021
A[4, 12]:3f3bbbbc,B[4, 5]:3eb851eb,C[4, 5]:40860419
A[4, 13]:3f5ddddf,B[4, 5]:3f23d70a,C[4, 5]:40a0a3d8
A[4, 14]:0,B[4, 5]:3f6b851e,C[4, 5]:40a0a3d8
A[4, 15]:3e088889,B[4, 5]:3e4ccccc,C[4, 5]:40a1eb86
A[4, 16]:3e888889,B[4, 5]:3ef5c28f,C[4, 5]:40a81063
A[4, 17]:3eccccce,B[4, 5]:3f428f5c,C[4, 5]:40b6a7f0
A[4, 18]:3f088889,B[4, 5]:3d23d70a,C[4, 5]:40b7ae15
A[4, 19]:3f2aaaab,B[4, 5]:3ea3d70a,C[4, 5]:40c1eb86
A[4, 20]:3f4cccce,B[4, 5]:3f199999,C[4, 5]:40d8f5c3
A[4, 21]:3f6eeef0,B[4, 5]:3f6147ae,C[4, 5]:41003127
A[4, 22]:3d888889,B[4, 5]:3e23d70a,C[4, 5]:410072b0
A[4, 23]:3e4cccce,B[4, 5]:3ee147ae,C[4, 5]:41028f5c
A[4, 24]:3eaaaaab,B[4, 5]:3f3851eb,C[4, 5]:410851eb
A[4, 25]:3eeeeef0,B[4, 5]:0,C[4, 5]:410851eb
A[4, 26]:3f19999a,B[4, 5]:3e8f5c29,C[4, 5]:410c5a1c
A[4, 27]:3f3bbbbc,B[4, 5]:3f0f5c29,C[4, 5]:4116353f
A[4, 28]:3f5ddddf,B[4, 5]:3f570a3d,C[4, 5]:4127ae14
A[4, 29]:0,B[4, 5]:3df5c28f,C[4, 5]:4127ae14
A[4, 0]:3e088889,B[4, 6]:0,C[4, 6]:3e99999a
A[4, 1]:3e888889,B[4, 6]:3ea3d70a,C[4, 6]:3edb22d2
A[4, 2]:3eccccce,B[4, 6]:3f23d70a,C[4, 6]:3f4fdf3c
A[4, 3]:3f088889,B[4, 6]:3f75c28f,C[4, 6]:3fca3d72
A[4, 4]:3f2aaaab,B[4, 6]:3e8f5c29,C[4, 6]:3fee147c
A[4, 5]:3f4cccce,B[4, 6]:3f199999,C[4, 6]:40251eb9
A[4, 6]:3f6eeef0,B[4, 6]:3f6b851e,C[4, 6]:40778d50
A[4, 7]:3d888889,B[4, 6]:3e75c28f,C[4, 6]:40791687
A[4, 8]:3e4cccce,B[4, 6]:3f0f5c29,C[4, 6]:4081eb85
A[4, 9]:3eaaaaab,B[4, 6]:3f6147ae,C[4, 6]:40900000
A[4, 10]:3eeeeef0,B[4, 6]:3e4ccccc,C[4, 6]:40947ae1
A[4, 11]:3f19999a,B[4, 6]:3f051eb8,C[4, 6]:40a374bc
A[4, 12]:3f3bbbbc,B[4, 6]:3f570a3d,C[4, 6]:40c10624
A[4, 13]:3f5ddddf,B[4, 6]:3e23d70a,C[4, 6]:40c7ae14
A[4, 14]:0,B[4, 6]:3ef5c28f,C[4, 6]:40c7ae14
A[4, 15]:3e088889,B[4, 6]:3f4ccccc,C[4, 6]:40cccccc
A[4, 16]:3e888889,B[4, 6]:3df5c28f,C[4, 6]:40ce5603
A[4, 17]:3eccccce,B[4, 6]:3ee147ae,C[4, 6]:40d6c8b3
A[4, 18]:3f088889,B[4, 6]:3f428f5c,C[4, 6]:40ea3d70
A[4, 19]:3f2aaaab,B[4, 6]:3da3d70a,C[4, 6]:40eccccc
A[4, 20]:3f4cccce,B[4, 6]:3ecccccc,C[4, 6]:40fc28f5
A[4, 21]:3f6eeef0,B[4, 6]:3f3851eb,C[4, 6]:410e353f
A[4, 22]:3d888889,B[4, 6]:3d23d70a,C[4, 6]:410e45a1
A[4, 23]:3e4cccce,B[4, 6]:3eb851eb,C[4, 6]:410fffff
A[4, 24]:3eaaaaab,B[4, 6]:3f2e147b,C[4, 6]:411570a3
A[4, 25]:3eeeeef0,B[4, 6]:0,C[4, 6]:411570a3
A[4, 26]:3f19999a,B[4, 6]:3ea3d70a,C[4, 6]:411a0c49
A[4, 27]:3f3bbbbc,B[4, 6]:3f23d70a,C[4, 6]:41254fde
A[4, 28]:3f5ddddf,B[4, 6]:3f75c28f,C[4, 6]:413947ad
A[4, 29]:0,B[4, 6]:3e8f5c29,C[4, 6]:413947ad
A[4, 0]:3e088889,B[4, 7]:0,C[4, 7]:3f0a3d71
A[4, 1]:3e888889,B[4, 7]:3eb851eb,C[4, 7]:3f2f1aa0
A[4, 2]:3eccccce,B[4, 7]:3f3851eb,C[4, 7]:3f8ed917
A[4, 3]:3f088889,B[4, 7]:3da3d70a,C[4, 7]:3f970a3e
A[4, 4]:3f2aaaab,B[4, 7]:3ee147ae,C[4, 7]:3fcf5c2a
A[4, 5]:3f4cccce,B[4, 7]:3f4ccccc,C[4, 7]:40251eb9
A[4, 6]:3f6eeef0,B[4, 7]:3e23d70a,C[4, 7]:403374bd
A[4, 7]:3d888889,B[4, 7]:3f051eb8,C[4, 7]:4036c8b5
A[4, 8]:3e4cccce,B[4, 7]:3f6147ae,C[4, 7]:4047ae15
A[4, 9]:3eaaaaab,B[4, 7]:3e75c28f,C[4, 7]:404f5c29
A[4, 10]:3eeeeef0,B[4, 7]:3f199999,C[4, 7]:406a3d71
A[4, 11]:3f19999a,B[4, 7]:3f75c28f,C[4, 7]:4090c49c
A[4, 12]:3f3bbbbc,B[4, 7]:3ea3d70a,C[4, 7]:409c0832
A[4, 13]:3f5ddddf,B[4, 7]:3f2e147b,C[4, 7]:40b851ec
A[4, 14]:0,B[4, 7]:3d23d70a,C[4, 7]:40b851ec
A[4, 15]:3e088889,B[4, 7]:3ecccccc,C[4, 7]:40bae148
A[4, 16]:3e888889,B[4, 7]:3f428f5c,C[4, 7]:40c49ba6
A[4, 17]:3eccccce,B[4, 7]:3df5c28f,C[4, 7]:40c6e979
A[4, 18]:3f088889,B[4, 7]:3ef5c28f,C[4, 7]:40d33333
A[4, 19]:3f2aaaab,B[4, 7]:3f570a3d,C[4, 7]:40ee147b
A[4, 20]:3f4cccce,B[4, 7]:3e4ccccc,C[4, 7]:40f5c28f
A[4, 21]:3f6eeef0,B[4, 7]:3f0f5c29,C[4, 7]:41076c8b
A[4, 22]:3d888889,B[4, 7]:3f6b851e,C[4, 7]:4108e560
A[4, 23]:3e4cccce,B[4, 7]:3e8f5c29,C[4, 7]:410a3d70
A[4, 24]:3eaaaaab,B[4, 7]:3f23d70a,C[4, 7]:410f5c28
A[4, 25]:3eeeeef0,B[4, 7]:0,C[4, 7]:410f5c28
A[4, 26]:3f19999a,B[4, 7]:3eb851eb,C[4, 7]:41148b43
A[4, 27]:3f3bbbbc,B[4, 7]:3f3851eb,C[4, 7]:4121374b
A[4, 28]:3f5ddddf,B[4, 7]:3da3d70a,C[4, 7]:4122e147
A[4, 29]:0,B[4, 7]:3ee147ae,C[4, 7]:4122e147
A[4, 0]:3e088889,B[4, 8]:0,C[4, 8]:3f47ae16
A[4, 1]:3e888889,B[4, 8]:3ecccccc,C[4, 8]:3f70a3d9
A[4, 2]:3eccccce,B[4, 8]:3f4ccccc,C[4, 8]:3fb5c290
A[4, 3]:3f088889,B[4, 8]:3e4ccccc,C[4, 8]:3fca3d71
A[4, 4]:3f2aaaab,B[4, 8]:3f199999,C[4, 8]:400b851f
A[4, 5]:3f4cccce,B[4, 8]:0,C[4, 8]:400b851f
A[4, 6]:3f6eeef0,B[4, 8]:3ecccccc,C[4, 8]:402f5c29
A[4, 7]:3d888889,B[4, 8]:3f4ccccc,C[4, 8]:40347ae1
A[4, 8]:3e4cccce,B[4, 8]:3e4ccccc,C[4, 8]:403851eb
A[4, 9]:3eaaaaab,B[4, 8]:3f199999,C[4, 8]:404b851e
A[4, 10]:3eeeeef0,B[4, 8]:0,C[4, 8]:404b851e
A[4, 11]:3f19999a,B[4, 8]:3ecccccc,C[4, 8]:40628f5b
A[4, 12]:3f3bbbbc,B[4, 8]:3f4ccccc,C[4, 8]:408d70a3
A[4, 13]:3f5ddddf,B[4, 8]:3e4ccccc,C[4, 8]:4095c28e
A[4, 14]:0,B[4, 8]:3f199999,C[4, 8]:4095c28e
A[4, 15]:3e088889,B[4, 8]:0,C[4, 8]:4095c28e
A[4, 16]:3e888889,B[4, 8]:3ecccccc,C[4, 8]:409ae146
A[4, 17]:3eccccce,B[4, 8]:3f4ccccc,C[4, 8]:40aa3d6f
A[4, 18]:3f088889,B[4, 8]:3e4ccccc,C[4, 8]:40af5c27
A[4, 19]:3f2aaaab,B[4, 8]:3f199999,C[4, 8]:40c28f5a
A[4, 20]:3f4cccce,B[4, 8]:0,C[4, 8]:40c28f5a
A[4, 21]:3f6eeef0,B[4, 8]:3ecccccc,C[4, 8]:40d47adf
A[4, 22]:3d888889,B[4, 8]:3f4ccccc,C[4, 8]:40d70a3b
A[4, 23]:3e4cccce,B[4, 8]:3e4ccccc,C[4, 8]:40d8f5c0
A[4, 24]:3eaaaaab,B[4, 8]:3f199999,C[4, 8]:40e28f5a
A[4, 25]:3eeeeef0,B[4, 8]:0,C[4, 8]:40e28f5a
A[4, 26]:3f19999a,B[4, 8]:3ecccccc,C[4, 8]:40ee1479
A[4, 27]:3f3bbbbc,B[4, 8]:3f4ccccc,C[4, 8]:41051eb7
A[4, 28]:3f5ddddf,B[4, 8]:3e4ccccc,C[4, 8]:410947ad
A[4, 29]:0,B[4, 8]:3f199999,C[4, 8]:410947ad
A[4, 0]:3e088889,B[4, 9]:0,C[4, 9]:3f828f5d
A[4, 1]:3e888889,B[4, 9]:3ee147ae,C[4, 9]:3f991688
A[4, 2]:3eccccce,B[4, 9]:3f6147ae,C[4, 9]:3fdcac09
A[4, 3]:3f088889,B[4, 9]:3ea3d70a,C[4, 9]:3ffd70a5
A[4, 4]:3f2aaaab,B[4, 9]:3f428f5c,C[4, 9]:402f5c2a
A[4, 5]:3f4cccce,B[4, 9]:3e4ccccc,C[4, 9]:403eb853
A[4, 6]:3f6eeef0,B[4, 9]:3f23d70a,C[4, 9]:40781064
A[4, 7]:3d888889,B[4, 9]:3da3d70a,C[4, 9]:40789376
A[4, 8]:3e4cccce,B[4, 9]:3f051eb8,C[4, 9]:408147af
A[4, 9]:3eaaaaab,B[4, 9]:3f75c28f,C[4, 9]:4090a3d8
A[4, 10]:3eeeeef0,B[4, 9]:3ecccccc,C[4, 9]:4099999b
A[4, 11]:3f19999a,B[4, 9]:3f570a3d,C[4, 9]:40b1cac2
A[4, 12]:3f3bbbbc,B[4, 9]:3e8f5c29,C[4, 9]:40bba5e5
A[4, 13]:3f5ddddf,B[4, 9]:3f3851eb,C[4, 9]:40d9999b
A[4, 14]:0,B[4, 9]:3e23d70a,C[4, 9]:40d9999b
A[4, 15]:3e088889,B[4, 9]:3f199999,C[4, 9]:40dd70a5
A[4, 16]:3e888889,B[4, 9]:3d23d70a,C[4, 9]:40ddf3b7
A[4, 17]:3eccccce,B[4, 9]:3ef5c28f,C[4, 9]:40e72b03
A[4, 18]:3f088889,B[4, 9]:3f6b851e,C[4, 9]:40feb853
A[4, 19]:3f2aaaab,B[4, 9]:3eb851eb,C[4, 9]:41051eb9
A[4, 20]:3f4cccce,B[4, 9]:3f4ccccc,C[4, 9]:41147ae2
A[4, 21]:3f6eeef0,B[4, 9]:3e75c28f,C[4, 9]:4119db24
A[4, 22]:3d888889,B[4, 9]:3f2e147b,C[4, 9]:411af1ab
A[4, 23]:3e4cccce,B[4, 9]:3df5c28f,C[4, 9]:411b8520
A[4, 24]:3eaaaaab,B[4, 9]:3f0f5c29,C[4, 9]:41200001
A[4, 25]:3eeeeef0,B[4, 9]:0,C[4, 9]:41200001
A[4, 26]:3f19999a,B[4, 9]:3ee147ae,C[4, 9]:41265605
A[4, 27]:3f3bbbbc,B[4, 9]:3f6147ae,C[4, 9]:4135d2f3
A[4, 28]:3f5ddddf,B[4, 9]:3ea3d70a,C[4, 9]:413c7ae3
A[4, 29]:0,B[4, 9]:3f428f5c,C[4, 9]:413c7ae3
A[4, 0]:3e088889,B[4, 10]:0,C[4, 10]:3d75c290
A[4, 1]:3e888889,B[4, 10]:3ef5c28f,C[4, 10]:3e810626
A[4, 2]:3eccccce,B[4, 10]:3f75c28f,C[4, 10]:3f53f7d0
A[4, 3]:3f088889,B[4, 10]:3ee147ae,C[4, 10]:3f970a3e
A[4, 4]:3f2aaaab,B[4, 10]:3f6b851e,C[4, 10]:40066666
A[4, 5]:3f4cccce,B[4, 10]:3ecccccc,C[4, 10]:40251eb8
A[4, 6]:3f6eeef0,B[4, 10]:3f6147ae,C[4, 10]:4073f7cf
A[4, 7]:3d888889,B[4, 10]:3eb851eb,C[4, 10]:407645a2
A[4, 8]:3e4cccce,B[4, 10]:3f570a3d,C[4, 10]:40833333
A[4, 9]:3eaaaaab,B[4, 10]:3ea3d70a,C[4, 10]:408851eb
A[4, 10]:3eeeeef0,B[4, 10]:3f4ccccc,C[4, 10]:409a3d70
A[4, 11]:3f19999a,B[4, 10]:3e8f5c29,C[4, 10]:40a24dd2
A[4, 12]:3f3bbbbc,B[4, 10]:3f428f5c,C[4, 10]:40bd0e55
A[4, 13]:3f5ddddf,B[4, 10]:3e75c28f,C[4, 10]:40c70a3c
A[4, 14]:0,B[4, 10]:3f3851eb,C[4, 10]:40c70a3c
A[4, 15]:3e088889,B[4, 10]:3e4ccccc,C[4, 10]:40c851ea
A[4, 16]:3e888889,B[4, 10]:3f2e147b,C[4, 10]:40d10623
A[4, 17]:3eccccce,B[4, 10]:3e23d70a,C[4, 10]:40d41892
A[4, 18]:3f088889,B[4, 10]:3f23d70a,C[4, 10]:40e47ae0
A[4, 19]:3f2aaaab,B[4, 10]:3df5c28f,C[4, 10]:40e851ea
A[4, 20]:3f4cccce,B[4, 10]:3f199999,C[4, 10]:40ff5c27
A[4, 21]:3f6eeef0,B[4, 10]:3da3d70a,C[4, 10]:410178d4
A[4, 22]:3d888889,B[4, 10]:3f0f5c29,C[4, 10]:41025e34
A[4, 23]:3e4cccce,B[4, 10]:3d23d70a,C[4, 10]:41028f5b
A[4, 24]:3eaaaaab,B[4, 10]:3f051eb8,C[4, 10]:4106b851
A[4, 25]:3eeeeef0,B[4, 10]:0,C[4, 10]:4106b851
A[4, 26]:3f19999a,B[4, 10]:3ef5c28f,C[4, 10]:410da1ca
A[4, 27]:3f3bbbbc,B[4, 10]:3f75c28f,C[4, 10]:411e872a
A[4, 28]:3f5ddddf,B[4, 10]:3ee147ae,C[4, 10]:4127ae14
A[4, 29]:0,B[4, 10]:3f6b851e,C[4, 10]:4127ae14
A[4, 0]:3e088889,B[4, 11]:0,C[4, 11]:3e99999a
A[4, 1]:3e888889,B[4, 11]:3f051eb8,C[4, 11]:3f020c4a
A[4, 2]:3eccccce,B[4, 11]:3d23d70a,C[4, 11]:3f083127
A[4, 3]:3f088889,B[4, 11]:3f0f5c29,C[4, 11]:3f7ae148
A[4, 4]:3f2aaaab,B[4, 11]:3da3d70a,C[4, 11]:3f87ae15
A[4, 5]:3f4cccce,B[4, 11]:3f199999,C[4, 11]:3fe3d70a
A[4, 6]:3f6eeef0,B[4, 11]:3df5c28f,C[4, 11]:3ff95810
A[4, 7]:3d888889,B[4, 11]:3f23d70a,C[4, 11]:4000c49b
A[4, 8]:3e4cccce,B[4, 11]:3e23d70a,C[4, 11]:4003d70a
A[4, 9]:3eaaaaab,B[4, 11]:3f2e147b,C[4, 11]:40199999
A[4, 10]:3eeeeef0,B[4, 11]:3e4ccccc,C[4, 11]:40228f5c
A[4, 11]:3f19999a,B[4, 11]:3f3851eb,C[4, 11]:404c0831
A[4, 12]:3f3bbbbc,B[4, 11]:3e75c28f,C[4, 11]:405ced91
A[4, 13]:3f5ddddf,B[4, 11]:3f428f5c,C[4, 11]:408e147b
A[4, 14]:0,B[4, 11]:3e8f5c29,C[4, 11]:408e147b
A[4, 15]:3e088889,B[4, 11]:3f4ccccc,C[4, 11]:40933333
A[4, 16]:3e888889,B[4, 11]:3ea3d70a,C[4, 11]:40974bc6
A[4, 17]:3eccccce,B[4, 11]:3f570a3d,C[4, 11]:40a76c8b
A[4, 18]:3f088889,B[4, 11]:3eb851eb,C[4, 11]:40b0a3d7
A[4, 19]:3f2aaaab,B[4, 11]:3f6147ae,C[4, 11]:40cccccd
A[4, 20]:3f4cccce,B[4, 11]:3ecccccc,C[4, 11]:40dc28f6
A[4, 21]:3f6eeef0,B[4, 11]:3f6b851e,C[4, 11]:4102b021
A[4, 22]:3d888889,B[4, 11]:3ee147ae,C[4, 11]:4103645a
A[4, 23]:3e4cccce,B[4, 11]:3f75c28f,C[4, 11]:41080000
A[4, 24]:3eaaaaab,B[4, 11]:3ef5c28f,C[4, 11]:410bd70a
A[4, 25]:3eeeeef0,B[4, 11]:0,C[4, 11]:410bd70a
A[4, 26]:3f19999a,B[4, 11]:3f051eb8,C[4, 11]:411353f8
A[4, 27]:3f3bbbbc,B[4, 11]:3d23d70a,C[4, 11]:41140831
A[4, 28]:3f5ddddf,B[4, 11]:3f0f5c29,C[4, 11]:411fae14
A[4, 29]:0,B[4, 11]:3da3d70a,C[4, 11]:411fae14
A[4, 0]:3e088889,B[4, 12]:0,C[4, 12]:3f0a3d71
A[4, 1]:3e888889,B[4, 12]:3f0f5c29,C[4, 12]:3f439582
A[4, 2]:3eccccce,B[4, 12]:3df5c28f,C[4, 12]:3f56041a
A[4, 3]:3f088889,B[4, 12]:3f2e147b,C[4, 12]:3fb0a3d8
A[4, 4]:3f2aaaab,B[4, 12]:3e75c28f,C[4, 12]:3fcf5c2a
A[4, 5]:3f4cccce,B[4, 12]:3f4ccccc,C[4, 12]:40251eb9
A[4, 6]:3f6eeef0,B[4, 12]:3eb851eb,C[4, 12]:40456042
A[4, 7]:3d888889,B[4, 12]:3f6b851e,C[4, 12]:404b4396
A[4, 8]:3e4cccce,B[4, 12]:3ef5c28f,C[4, 12]:40547ae2
A[4, 9]:3eaaaaab,B[4, 12]:3d23d70a,C[4, 12]:4055c290
A[4, 10]:3eeeeef0,B[4, 12]:3f199999,C[4, 12]:4070a3d8
A[4, 11]:3f19999a,B[4, 12]:3e23d70a,C[4, 12]:4079db24
A[4, 12]:3f3bbbbc,B[4, 12]:3f3851eb,C[4, 12]:409645a2
A[4, 13]:3f5ddddf,B[4, 12]:3e8f5c29,C[4, 12]:40a1eb85
A[4, 14]:0,B[4, 12]:3f570a3d,C[4, 12]:40a1eb85
A[4, 15]:3e088889,B[4, 12]:3ecccccc,C[4, 12]:40a47ae1
A[4, 16]:3e888889,B[4, 12]:3f75c28f,C[4, 12]:40b0c49b
A[4, 17]:3eccccce,B[4, 12]:3f051eb8,C[4, 12]:40bac082
A[4, 18]:3f088889,B[4, 12]:3da3d70a,C[4, 12]:40bccccc
A[4, 19]:3f2aaaab,B[4, 12]:3f23d70a,C[4, 12]:40d147ad
A[4, 20]:3f4cccce,B[4, 12]:3e4ccccc,C[4, 12]:40d8f5c1
A[4, 21]:3f6eeef0,B[4, 12]:3f428f5c,C[4, 12]:40fb020b
A[4, 22]:3d888889,B[4, 12]:3ea3d70a,C[4, 12]:40fc0830
A[4, 23]:3e4cccce,B[4, 12]:3f6147ae,C[4, 12]:41023d70
A[4, 24]:3eaaaaab,B[4, 12]:3ee147ae,C[4, 12]:4105c28f
A[4, 25]:3eeeeef0,B[4, 12]:0,C[4, 12]:4105c28f
A[4, 26]:3f19999a,B[4, 12]:3f0f5c29,C[4, 12]:410dd2f1
A[4, 27]:3f3bbbbc,B[4, 12]:3df5c28f,C[4, 12]:410fef9d
A[4, 28]:3f5ddddf,B[4, 12]:3f2e147b,C[4, 12]:411e147a
A[4, 29]:0,B[4, 12]:3e75c28f,C[4, 12]:411e147a
A[4, 0]:3e088889,B[4, 13]:0,C[4, 13]:3f47ae16
A[4, 1]:3e888889,B[4, 13]:3f199999,C[4, 13]:3f828f5d
A[4, 2]:3eccccce,B[4, 13]:3e4ccccc,C[4, 13]:3f91eb86
A[4, 3]:3f088889,B[4, 13]:3f4ccccc,C[4, 13]:3fe3d70c
A[4, 4]:3f2aaaab,B[4, 13]:3ecccccc,C[4, 13]:400b8520
A[4, 5]:3f4cccce,B[4, 13]:0,C[4, 13]:400b8520
A[4, 6]:3f6eeef0,B[4, 13]:3f199999,C[4, 13]:404147b0
A[4, 7]:3d888889,B[4, 13]:3e4ccccc,C[4, 13]:40428f5e
A[4, 8]:3e4cccce,B[4, 13]:3f4ccccc,C[4, 13]:4051eb87
A[4, 9]:3eaaaaab,B[4, 13]:3ecccccc,C[4, 13]:405eb854
A[4, 10]:3eeeeef0,B[4, 13]:0,C[4, 13]:405eb854
A[4, 11]:3f19999a,B[4, 13]:3f199999,C[4, 13]:4080a3d8
A[4, 12]:3f3bbbbc,B[4, 13]:3e4ccccc,C[4, 13]:4087ae15
A[4, 13]:3f5ddddf,B[4, 13]:3f4ccccc,C[4, 13]:40a8f5c3
A[4, 14]:0,B[4, 13]:3ecccccc,C[4, 13]:40a8f5c3
A[4, 15]:3e088889,B[4, 13]:0,C[4, 13]:40a8f5c3
A[4, 16]:3e888889,B[4, 13]:3f199999,C[4, 13]:40b0a3d8
A[4, 17]:3eccccce,B[4, 13]:3e4ccccc,C[4, 13]:40b47ae2
A[4, 18]:3f088889,B[4, 13]:3f4ccccc,C[4, 13]:40c8f5c3
A[4, 19]:3f2aaaab,B[4, 13]:3ecccccc,C[4, 13]:40d5c290
A[4, 20]:3f4cccce,B[4, 13]:0,C[4, 13]:40d5c290
A[4, 21]:3f6eeef0,B[4, 13]:3f199999,C[4, 13]:40f0a3d8
A[4, 22]:3d888889,B[4, 13]:3e4ccccc,C[4, 13]:40f147af
A[4, 23]:3e4cccce,B[4, 13]:3f4ccccc,C[4, 13]:40f8f5c3
A[4, 24]:3eaaaaab,B[4, 13]:3ecccccc,C[4, 13]:40ff5c29
A[4, 25]:3eeeeef0,B[4, 13]:0,C[4, 13]:40ff5c29
A[4, 26]:3f19999a,B[4, 13]:3f199999,C[4, 13]:410851ec
A[4, 27]:3f3bbbbc,B[4, 13]:3e4ccccc,C[4, 13]:410bd70b
A[4, 28]:3f5ddddf,B[4, 13]:3f4ccccc,C[4, 13]:411c7ae2
A[4, 29]:0,B[4, 13]:3ecccccc,C[4, 13]:411c7ae2
A[4, 0]:3e088889,B[4, 14]:0,C[4, 14]:3f828f5d
A[4, 1]:3e888889,B[4, 14]:3f23d70a,C[4, 14]:3fa353f9
A[4, 2]:3eccccce,B[4, 14]:3e8f5c29,C[4, 14]:3fb8d4ff
A[4, 3]:3f088889,B[4, 14]:3f6b851e,C[4, 14]:400b8520
A[4, 4]:3f2aaaab,B[4, 14]:3f0f5c29,C[4, 14]:402f5c2a
A[4, 5]:3f4cccce,B[4, 14]:3e4ccccc,C[4, 14]:403eb853
A[4, 6]:3f6eeef0,B[4, 14]:3f570a3d,C[4, 14]:4084fdf4
A[4, 7]:3d888889,B[4, 14]:3ef5c28f,C[4, 14]:4086872b
A[4, 8]:3e4cccce,B[4, 14]:3df5c28f,C[4, 14]:4087ae14
A[4, 9]:3eaaaaab,B[4, 14]:3f428f5c,C[4, 14]:4093d70a
A[4, 10]:3eeeeef0,B[4, 14]:3ecccccc,C[4, 14]:409ccccd
A[4, 11]:3f19999a,B[4, 14]:3d23d70a,C[4, 14]:409df3b6
A[4, 12]:3f3bbbbc,B[4, 14]:3f2e147b,C[4, 14]:40b5e354
A[4, 13]:3f5ddddf,B[4, 14]:3ea3d70a,C[4, 14]:40c33333
A[4, 14]:0,B[4, 14]:3f75c28f,C[4, 14]:40c33333
A[4, 15]:3e088889,B[4, 14]:3f199999,C[4, 14]:40c70a3d
A[4, 16]:3e888889,B[4, 14]:3e75c28f,C[4, 14]:40ca1cac
A[4, 17]:3eccccce,B[4, 14]:3f6147ae,C[4, 14]:40db020c
A[4, 18]:3f088889,B[4, 14]:3f051eb8,C[4, 14]:40e851eb
A[4, 19]:3f2aaaab,B[4, 14]:3e23d70a,C[4, 14]:40ed70a3
A[4, 20]:3f4cccce,B[4, 14]:3f4ccccc,C[4, 14]:4106147a
A[4, 21]:3f6eeef0,B[4, 14]:3ee147ae,C[4, 14]:410fef9d
A[4, 22]:3d888889,B[4, 14]:3da3d70a,C[4, 14]:41101062
A[4, 23]:3e4cccce,B[4, 14]:3f3851eb,C[4, 14]:4113851e
A[4, 24]:3eaaaaab,B[4, 14]:3eb851eb,C[4, 14]:41166666
A[4, 25]:3eeeeef0,B[4, 14]:0,C[4, 14]:41166666
A[4, 26]:3f19999a,B[4, 14]:3f23d70a,C[4, 14]:411f9db2
A[4, 27]:3f3bbbbc,B[4, 14]:3e8f5c29,C[4, 14]:41248b43
A[4, 28]:3f5ddddf,B[4, 14]:3f6b851e,C[4, 14]:4137ae14
A[4, 29]:0,B[4, 14]:3f0f5c29,C[4, 14]:4137ae14
A[4, 0]:3e088889,B[4, 15]:0,C[4, 15]:3d75c290
A[4, 1]:3e888889,B[4, 15]:3f2e147b,C[4, 15]:3ea9fbe8
A[4, 2]:3eccccce,B[4, 15]:3eb851eb,C[4, 15]:3f0c49bb
A[4, 3]:3f088889,B[4, 15]:3d23d70a,C[4, 15]:3f147ae2
A[4, 4]:3f2aaaab,B[4, 15]:3f3851eb,C[4, 15]:3fa66666
A[4, 5]:3f4cccce,B[4, 15]:3ecccccc,C[4, 15]:3fe3d70a
A[4, 6]:3f6eeef0,B[4, 15]:3da3d70a,C[4, 15]:3ff22d0e
A[4, 7]:3d888889,B[4, 15]:3f428f5c,C[4, 15]:3ffbe76c
A[4, 8]:3e4cccce,B[4, 15]:3ee147ae,C[4, 15]:40066666
A[4, 9]:3eaaaaab,B[4, 15]:3df5c28f,C[4, 15]:400a3d70
A[4, 10]:3eeeeef0,B[4, 15]:3f4ccccc,C[4, 15]:402e147a
A[4, 11]:3f19999a,B[4, 15]:3ef5c28f,C[4, 15]:4049ba5d
A[4, 12]:3f3bbbbc,B[4, 15]:3e23d70a,C[4, 15]:4054fdf2
A[4, 13]:3f5ddddf,B[4, 15]:3f570a3d,C[4, 15]:408d70a3
A[4, 14]:0,B[4, 15]:3f051eb8,C[4, 15]:408d70a3
A[4, 15]:3e088889,B[4, 15]:3e4ccccc,C[4, 15]:408eb851
A[4, 16]:3e888889,B[4, 15]:3f6147ae,C[4, 15]:4099fbe7
A[4, 17]:3eccccce,B[4, 15]:3f0f5c29,C[4, 15]:40a4bc6a
A[4, 18]:3f088889,B[4, 15]:3e75c28f,C[4, 15]:40aae147
A[4, 19]:3f2aaaab,B[4, 15]:3f6b851e,C[4, 15]:40c851eb
A[4, 20]:3f4cccce,B[4, 15]:3f199999,C[4, 15]:40df5c28
A[4, 21]:3f6eeef0,B[4, 15]:3e8f5c29,C[4, 15]:40ebe76c
A[4, 22]:3d888889,B[4, 15]:3f75c28f,C[4, 15]:40eef9db
A[4, 23]:3e4cccce,B[4, 15]:3f23d70a,C[4, 15]:40f51eb8
A[4, 24]:3eaaaaab,B[4, 15]:3ea3d70a,C[4, 15]:40fa3d70
A[4, 25]:3eeeeef0,B[4, 15]:0,C[4, 15]:40fa3d70
A[4, 26]:3f19999a,B[4, 15]:3f2e147b,C[4, 15]:4106e979
A[4, 27]:3f3bbbbc,B[4, 15]:3eb851eb,C[4, 15]:410d3f7d
A[4, 28]:3f5ddddf,B[4, 15]:3d23d70a,C[4, 15]:410e147b
A[4, 29]:0,B[4, 15]:3f3851eb,C[4, 15]:410e147b
A[4, 0]:3e088889,B[4, 16]:0,C[4, 16]:3e99999a
A[4, 1]:3e888889,B[4, 16]:3f3851eb,C[4, 16]:3f16872c
A[4, 2]:3eccccce,B[4, 16]:3ee147ae,C[4, 16]:3f5a1cad
A[4, 3]:3f088889,B[4, 16]:3e23d70a,C[4, 16]:3f7ae149
A[4, 4]:3f2aaaab,B[4, 16]:3f6147ae,C[4, 16]:3fee147c
A[4, 5]:3f4cccce,B[4, 16]:3f199999,C[4, 16]:40251eb9
A[4, 6]:3f6eeef0,B[4, 16]:3ea3d70a,C[4, 16]:4041cac1
A[4, 7]:3d888889,B[4, 16]:3d23d70a,C[4, 16]:40420c4a
A[4, 8]:3e4cccce,B[4, 16]:3f428f5c,C[4, 16]:4050a3d7
A[4, 9]:3eaaaaab,B[4, 16]:3ef5c28f,C[4, 16]:40600000
A[4, 10]:3eeeeef0,B[4, 16]:3e4ccccc,C[4, 16]:4068f5c3
A[4, 11]:3f19999a,B[4, 16]:3f6b851e,C[4, 16]:408ef9db
A[4, 12]:3f3bbbbc,B[4, 16]:3f23d70a,C[4, 16]:40a58106
A[4, 13]:3f5ddddf,B[4, 16]:3eb851eb,C[4, 16]:40b47ae1
A[4, 14]:0,B[4, 16]:3da3d70a,C[4, 16]:40b47ae1
A[4, 15]:3e088889,B[4, 16]:3f4ccccc,C[4, 16]:40b99999
A[4, 16]:3e888889,B[4, 16]:3f051eb8,C[4, 16]:40c04189
A[4, 17]:3eccccce,B[4, 16]:3e75c28f,C[4, 16]:40c4dd2f
A[4, 18]:3f088889,B[4, 16]:3f75c28f,C[4, 16]:40dd70a4
A[4, 19]:3f2aaaab,B[4, 16]:3f2e147b,C[4, 16]:40f33333
A[4, 20]:3f4cccce,B[4, 16]:3ecccccc,C[4, 16]:410147ae
A[4, 21]:3f6eeef0,B[4, 16]:3df5c28f,C[4, 16]:4103f7cf
A[4, 22]:3d888889,B[4, 16]:3f570a3d,C[4, 16]:41054fdf
A[4, 23]:3e4cccce,B[4, 16]:3f0f5c29,C[4, 16]:41080000
A[4, 24]:3eaaaaab,B[4, 16]:3e8f5c29,C[4, 16]:410a3d71
A[4, 25]:3eeeeef0,B[4, 16]:0,C[4, 16]:410a3d71
A[4, 26]:3f19999a,B[4, 16]:3f3851eb,C[4, 16]:41149ba6
A[4, 27]:3f3bbbbc,B[4, 16]:3ee147ae,C[4, 16]:411c5a1d
A[4, 28]:3f5ddddf,B[4, 16]:3e23d70a,C[4, 16]:411fae15
A[4, 29]:0,B[4, 16]:3f6147ae,C[4, 16]:411fae15
A[4, 0]:3e088889,B[4, 17]:0,C[4, 17]:3f0a3d71
A[4, 1]:3e888889,B[4, 17]:3f428f5c,C[4, 17]:3f581063
A[4, 2]:3eccccce,B[4, 17]:3f051eb8,C[4, 17]:3f93f7cf
A[4, 3]:3f088889,B[4, 17]:3e8f5c29,C[4, 17]:3fb0a3d7
A[4, 4]:3f2aaaab,B[4, 17]:3d23d70a,C[4, 17]:3fb5c28f
A[4, 5]:3f4cccce,B[4, 17]:3f4ccccc,C[4, 17]:401851eb
A[4, 6]:3f6eeef0,B[4, 17]:3f0f5c29,C[4, 17]:404a7efa
A[4, 7]:3d888889,B[4, 17]:3ea3d70a,C[4, 17]:404c8b44
A[4, 8]:3e4cccce,B[4, 17]:3da3d70a,C[4, 17]:404e147b
A[4, 9]:3eaaaaab,B[4, 17]:3f570a3d,C[4, 17]:4068f5c3
A[4, 10]:3eeeeef0,B[4, 17]:3f199999,C[4, 17]:4081eb85
A[4, 11]:3f19999a,B[4, 17]:3eb851eb,C[4, 17]:408c49ba
A[4, 12]:3f3bbbbc,B[4, 17]:3df5c28f,C[4, 17]:40908312
A[4, 13]:3f5ddddf,B[4, 17]:3f6147ae,C[4, 17]:40b51eb8
A[4, 14]:0,B[4, 17]:3f23d70a,C[4, 17]:40b51eb8
A[4, 15]:3e088889,B[4, 17]:3ecccccc,C[4, 17]:40b7ae14
A[4, 16]:3e888889,B[4, 17]:3e23d70a,C[4, 17]:40b9ba5e
A[4, 17]:3eccccce,B[4, 17]:3f6b851e,C[4, 17]:40cb645a
A[4, 18]:3f088889,B[4, 17]:3f2e147b,C[4, 17]:40dccccd
A[4, 19]:3f2aaaab,B[4, 17]:3ee147ae,C[4, 17]:40eae148
A[4, 20]:3f4cccce,B[4, 17]:3e4ccccc,C[4, 17]:40f28f5c
A[4, 21]:3f6eeef0,B[4, 17]:3f75c28f,C[4, 17]:410ec8b4
A[4, 22]:3d888889,B[4, 17]:3f3851eb,C[4, 17]:410fef9d
A[4, 23]:3e4cccce,B[4, 17]:3ef5c28f,C[4, 17]:41123d70
A[4, 24]:3eaaaaab,B[4, 17]:3e75c28f,C[4, 17]:411428f5
A[4, 25]:3eeeeef0,B[4, 17]:0,C[4, 17]:411428f5
A[4, 26]:3f19999a,B[4, 17]:3f428f5c,C[4, 17]:411f1a9f
A[4, 27]:3f3bbbbc,B[4, 17]:3f051eb8,C[4, 17]:41284188
A[4, 28]:3f5ddddf,B[4, 17]:3e8f5c29,C[4, 17]:412e147a
A[4, 29]:0,B[4, 17]:3d23d70a,C[4, 17]:412e147a
A[4, 0]:3e088889,B[4, 18]:0,C[4, 18]:3f47ae16
A[4, 1]:3e888889,B[4, 18]:3f4ccccc,C[4, 18]:3f8cccce
A[4, 2]:3eccccce,B[4, 18]:3f199999,C[4, 18]:3fbae149
A[4, 3]:3f088889,B[4, 18]:3ecccccc,C[4, 18]:3fe3d70c
A[4, 4]:3f2aaaab,B[4, 18]:3e4ccccc,C[4, 18]:3ffd70a6
A[4, 5]:3f4cccce,B[4, 18]:0,C[4, 18]:3ffd70a6
A[4, 6]:3f6eeef0,B[4, 18]:3f4ccccc,C[4, 18]:40466668
A[4, 7]:3d888889,B[4, 18]:3f199999,C[4, 18]:404a3d72
A[4, 8]:3e4cccce,B[4, 18]:3ecccccc,C[4, 18]:4051eb86
A[4, 9]:3eaaaaab,B[4, 18]:3e4ccccc,C[4, 18]:405851ec
A[4, 10]:3eeeeef0,B[4, 18]:0,C[4, 18]:405851ec
A[4, 11]:3f19999a,B[4, 18]:3f4ccccc,C[4, 18]:40833333
A[4, 12]:3f3bbbbc,B[4, 18]:3f199999,C[4, 18]:409851eb
A[4, 13]:3f5ddddf,B[4, 18]:3ecccccc,C[4, 18]:40a8f5c2
A[4, 14]:0,B[4, 18]:3e4ccccc,C[4, 18]:40a8f5c2
A[4, 15]:3e088889,B[4, 18]:0,C[4, 18]:40a8f5c2
A[4, 16]:3e888889,B[4, 18]:3f4ccccc,C[4, 18]:40b33333
A[4, 17]:3eccccce,B[4, 18]:3f199999,C[4, 18]:40beb852
A[4, 18]:3f088889,B[4, 18]:3ecccccc,C[4, 18]:40c8f5c3
A[4, 19]:3f2aaaab,B[4, 18]:3e4ccccc,C[4, 18]:40cf5c29
A[4, 20]:3f4cccce,B[4, 18]:0,C[4, 18]:40cf5c29
A[4, 21]:3f6eeef0,B[4, 18]:3f4ccccc,C[4, 18]:40f33333
A[4, 22]:3d888889,B[4, 18]:3f199999,C[4, 18]:40f51eb8
A[4, 23]:3e4cccce,B[4, 18]:3ecccccc,C[4, 18]:40f8f5c2
A[4, 24]:3eaaaaab,B[4, 18]:3e4ccccc,C[4, 18]:40fc28f5
A[4, 25]:3eeeeef0,B[4, 18]:0,C[4, 18]:40fc28f5
A[4, 26]:3f19999a,B[4, 18]:3f4ccccc,C[4, 18]:41099999
A[4, 27]:3f3bbbbc,B[4, 18]:3f199999,C[4, 18]:411428f5
A[4, 28]:3f5ddddf,B[4, 18]:3ecccccc,C[4, 18]:411c7ae0
A[4, 29]:0,B[4, 18]:3e4ccccc,C[4, 18]:411c7ae0
A[4, 0]:3e088889,B[4, 19]:0,C[4, 19]:3f828f5d
A[4, 1]:3e888889,B[4, 19]:3f570a3d,C[4, 19]:3fad916a
A[4, 2]:3eccccce,B[4, 19]:3f2e147b,C[4, 19]:3fe1cac2
A[4, 3]:3f088889,B[4, 19]:3f051eb8,C[4, 19]:400b8520
A[4, 4]:3f2aaaab,B[4, 19]:3eb851eb,C[4, 19]:40228f5d
A[4, 5]:3f4cccce,B[4, 19]:3e4ccccc,C[4, 19]:4031eb86
A[4, 6]:3f6eeef0,B[4, 19]:3d23d70a,C[4, 19]:40358107
A[4, 7]:3d888889,B[4, 19]:3f6147ae,C[4, 19]:403b22d2
A[4, 8]:3e4cccce,B[4, 19]:3f3851eb,C[4, 19]:4048f5c4
A[4, 9]:3eaaaaab,B[4, 19]:3f0f5c29,C[4, 19]:405ae149
A[4, 10]:3eeeeef0,B[4, 19]:3ecccccc,C[4, 19]:406cccce
A[4, 11]:3f19999a,B[4, 19]:3e75c28f,C[4, 19]:407a9fc0
A[4, 12]:3f3bbbbc,B[4, 19]:3da3d70a,C[4, 19]:408020c5
A[4, 13]:3f5ddddf,B[4, 19]:3f6b851e,C[4, 19]:40a66667
A[4, 14]:0,B[4, 19]:3f428f5c,C[4, 19]:40a66667
A[4, 15]:3e088889,B[4, 19]:3f199999,C[4, 19]:40aa3d71
A[4, 16]:3e888889,B[4, 19]:3ee147ae,C[4, 19]:40afdf3c
A[4, 17]:3eccccce,B[4, 19]:3e8f5c29,C[4, 19]:40b53f7e
A[4, 18]:3f088889,B[4, 19]:3df5c28f,C[4, 19]:40b851ed
A[4, 19]:3f2aaaab,B[4, 19]:3f75c28f,C[4, 19]:40d70a3f
A[4, 20]:3f4cccce,B[4, 19]:3f4ccccc,C[4, 19]:40f5c291
A[4, 21]:3f6eeef0,B[4, 19]:3f23d70a,C[4, 19]:4109374d
A[4, 22]:3d888889,B[4, 19]:3ef5c28f,C[4, 19]:4109fbe9
A[4, 23]:3e4cccce,B[4, 19]:3ea3d70a,C[4, 19]:410b8520
A[4, 24]:3eaaaaab,B[4, 19]:3e23d70a,C[4, 19]:410cccce
A[4, 25]:3eeeeef0,B[4, 19]:0,C[4, 19]:410cccce
A[4, 26]:3f19999a,B[4, 19]:3f570a3d,C[4, 19]:4118e561
A[4, 27]:3f3bbbbc,B[4, 19]:3f2e147b,C[4, 19]:4124dd30
A[4, 28]:3f5ddddf,B[4, 19]:3f051eb8,C[4, 19]:412fae15
A[4, 29]:0,B[4, 19]:3eb851eb,C[4, 19]:412fae15
A[4, 0]:3e088889,B[4, 20]:0,C[4, 20]:3d75c290
A[4, 1]:3e888889,B[4, 20]:3f6147ae,C[4, 20]:3ed2f1ab
A[4, 2]:3eccccce,B[4, 20]:3f428f5c,C[4, 20]:3f5e3540
A[4, 3]:3f088889,B[4, 20]:3f23d70a,C[4, 20]:3fb0a3d8
A[4, 4]:3f2aaaab,B[4, 20]:3f051eb8,C[4, 20]:3ff33334
A[4, 5]:3f4cccce,B[4, 20]:3ecccccc,C[4, 20]:401851ec
A[4, 6]:3f6eeef0,B[4, 20]:3e8f5c29,C[4, 20]:40316873
A[4, 7]:3d888889,B[4, 20]:3e23d70a,C[4, 20]:40326e98
A[4, 8]:3e4cccce,B[4, 20]:3d23d70a,C[4, 20]:40333334
A[4, 9]:3eaaaaab,B[4, 20]:3f6b851e,C[4, 20]:4050a3d8
A[4, 10]:3eeeeef0,B[4, 20]:3f4ccccc,C[4, 20]:40747ae2
A[4, 11]:3f19999a,B[4, 20]:3f2e147b,C[4, 20]:408dd2f2
A[4, 12]:3f3bbbbc,B[4, 20]:3f0f5c29,C[4, 20]:40a18938
A[4, 13]:3f5ddddf,B[4, 20]:3ee147ae,C[4, 20]:40b3d70b
A[4, 14]:0,B[4, 20]:3ea3d70a,C[4, 20]:40b3d70b
A[4, 15]:3e088889,B[4, 20]:3e4ccccc,C[4, 20]:40b51eb9
A[4, 16]:3e888889,B[4, 20]:3da3d70a,C[4, 20]:40b624de
A[4, 17]:3eccccce,B[4, 20]:3f75c28f,C[4, 20]:40c89376
A[4, 18]:3f088889,B[4, 20]:3f570a3d,C[4, 20]:40de147c
A[4, 19]:3f2aaaab,B[4, 20]:3f3851eb,C[4, 20]:40f51eb9
A[4, 20]:3f4cccce,B[4, 20]:3f199999,C[4, 20]:4106147b
A[4, 21]:3f6eeef0,B[4, 20]:3ef5c28f,C[4, 20]:4110d4fe
A[4, 22]:3d888889,B[4, 20]:3eb851eb,C[4, 20]:41116873
A[4, 23]:3e4cccce,B[4, 20]:3e75c28f,C[4, 20]:41128f5c
A[4, 24]:3eaaaaab,B[4, 20]:3df5c28f,C[4, 20]:4113851f
A[4, 25]:3eeeeef0,B[4, 20]:0,C[4, 20]:4113851f
A[4, 26]:3f19999a,B[4, 20]:3f6147ae,C[4, 20]:41203127
A[4, 27]:3f3bbbbc,B[4, 20]:3f428f5c,C[4, 20]:412d9169
A[4, 28]:3f5ddddf,B[4, 20]:3f23d70a,C[4, 20]:413ae148
A[4, 29]:0,B[4, 20]:3f051eb8,C[4, 20]:413ae148
A[4, 0]:3e088889,B[4, 21]:0,C[4, 21]:3e99999a
A[4, 1]:3e888889,B[4, 21]:3f6b851e,C[4, 21]:3f2b020d
A[4, 2]:3eccccce,B[4, 21]:3f570a3d,C[4, 21]:3f960419
A[4, 3]:3f088889,B[4, 21]:3f428f5c,C[4, 21]:3fe3d70b
A[4, 4]:3f2aaaab,B[4, 21]:3f2e147b,C[4, 21]:401d70a4
A[4, 5]:3f4cccce,B[4, 21]:3f199999,C[4, 21]:404b851f
A[4, 6]:3f6eeef0,B[4, 21]:3f051eb8,C[4, 21]:407a1cac
A[4, 7]:3d888889,B[4, 21]:3ee147ae,C[4, 21]:407ced91
A[4, 8]:3e4cccce,B[4, 21]:3eb851eb,C[4, 21]:4081eb85
A[4, 9]:3eaaaaab,B[4, 21]:3e8f5c29,C[4, 21]:40866666
A[4, 10]:3eeeeef0,B[4, 21]:3e4ccccc,C[4, 21]:408ae147
A[4, 11]:3f19999a,B[4, 21]:3df5c28f,C[4, 21]:408e5603
A[4, 12]:3f3bbbbc,B[4, 21]:3d23d70a,C[4, 21]:408fbe76
A[4, 13]:3f5ddddf,B[4, 21]:3f75c28f,C[4, 21]:40b7ae14
A[4, 14]:0,B[4, 21]:3f6147ae,C[4, 21]:40b7ae14
A[4, 15]:3e088889,B[4, 21]:3f4ccccc,C[4, 21]:40bccccc
A[4, 16]:3e888889,B[4, 21]:3f3851eb,C[4, 21]:40c60418
A[4, 17]:3eccccce,B[4, 21]:3f23d70a,C[4, 21]:40d24dd2
A[4, 18]:3f088889,B[4, 21]:3f0f5c29,C[4, 21]:40e0a3d6
A[4, 19]:3f2aaaab,B[4, 21]:3ef5c28f,C[4, 21]:40efffff
A[4, 20]:3f4cccce,B[4, 21]:3ecccccc,C[4, 21]:40ff5c28
A[4, 21]:3f6eeef0,B[4, 21]:3ea3d70a,C[4, 21]:4106d916
A[4, 22]:3d888889,B[4, 21]:3e75c28f,C[4, 21]:41073b64
A[4, 23]:3e4cccce,B[4, 21]:3e23d70a,C[4, 21]:41080000
A[4, 24]:3eaaaaab,B[4, 21]:3da3d70a,C[4, 21]:4108a3d7
A[4, 25]:3eeeeef0,B[4, 21]:0,C[4, 21]:4108a3d7
A[4, 26]:3f19999a,B[4, 21]:3f6b851e,C[4, 21]:4115e354
A[4, 27]:3f3bbbbc,B[4, 21]:3f570a3d,C[4, 21]:4124ac08
A[4, 28]:3f5ddddf,B[4, 21]:3f428f5c,C[4, 21]:41347ae1
A[4, 29]:0,B[4, 21]:3f2e147b,C[4, 21]:41347ae1
A[4, 0]:3e088889,B[4, 22]:0,C[4, 22]:3f0a3d71
A[4, 1]:3e888889,B[4, 22]:3f75c28f,C[4, 22]:3f6c8b44
A[4, 2]:3eccccce,B[4, 22]:3f6b851e,C[4, 22]:3fbced92
A[4, 3]:3f088889,B[4, 22]:3f6147ae,C[4, 22]:400b851f
A[4, 4]:3f2aaaab,B[4, 22]:3f570a3d,C[4, 22]:404147ae
A[4, 5]:3f4cccce,B[4, 22]:3f4ccccc,C[4, 22]:407eb852
A[4, 6]:3f6eeef0,B[4, 22]:3f428f5c,C[4, 22]:40a16873
A[4, 7]:3d888889,B[4, 22]:3f3851eb,C[4, 22]:40a3b646
A[4, 8]:3e4cccce,B[4, 22]:3f2e147b,C[4, 22]:40aa3d71
A[4, 9]:3eaaaaab,B[4, 22]:3f23d70a,C[4, 22]:40b47ae2
A[4, 10]:3eeeeef0,B[4, 22]:3f199999,C[4, 22]:40c1eb86
A[4, 11]:3f19999a,B[4, 22]:3f0f5c29,C[4, 22]:40d20c4b
A[4, 12]:3f3bbbbc,B[4, 22]:3f051eb8,C[4, 22]:40e45a1e
A[4, 13]:3f5ddddf,B[4, 22]:3ef5c28f,C[4, 22]:40f851ed
A[4, 14]:0,B[4, 22]:3ee147ae,C[4, 22]:40f851ed
A[4, 15]:3e088889,B[4, 22]:3ecccccc,C[4, 22]:40fae149
A[4, 16]:3e888889,B[4, 22]:3eb851eb,C[4, 22]:40ff7cef
A[4, 17]:3eccccce,B[4, 22]:3ea3d70a,C[4, 22]:4102d0e6
A[4, 18]:3f088889,B[4, 22]:3e8f5c29,C[4, 22]:41066667
A[4, 19]:3f2aaaab,B[4, 22]:3e75c28f,C[4, 22]:410a3d71
A[4, 20]:3f4cccce,B[4, 22]:3e4ccccc,C[4, 22]:410e147b
A[4, 21]:3f6eeef0,B[4, 22]:3e23d70a,C[4, 22]:4111a9fc
A[4, 22]:3d888889,B[4, 22]:3df5c28f,C[4, 22]:4111db23
A[4, 23]:3e4cccce,B[4, 22]:3da3d70a,C[4, 22]:41123d71
A[4, 24]:3eaaaaab,B[4, 22]:3d23d70a,C[4, 22]:41128f5d
A[4, 25]:3eeeeef0,B[4, 22]:0,C[4, 22]:41128f5d
A[4, 26]:3f19999a,B[4, 22]:3f75c28f,C[4, 22]:4120624f
A[4, 27]:3f3bbbbc,B[4, 22]:3f6b851e,C[4, 22]:41309376
A[4, 28]:3f5ddddf,B[4, 22]:3f6147ae,C[4, 22]:4142e149
A[4, 29]:0,B[4, 22]:3f570a3d,C[4, 22]:4142e149
A[4, 0]:3e088889,B[4, 23]:0,C[4, 23]:3f47ae16
A[4, 1]:3e888889,B[4, 23]:0,C[4, 23]:3f47ae16
A[4, 2]:3eccccce,B[4, 23]:0,C[4, 23]:3f47ae16
A[4, 3]:3f088889,B[4, 23]:0,C[4, 23]:3f47ae16
A[4, 4]:3f2aaaab,B[4, 23]:0,C[4, 23]:3f47ae16
A[4, 5]:3f4cccce,B[4, 23]:0,C[4, 23]:3f47ae16
A[4, 6]:3f6eeef0,B[4, 23]:0,C[4, 23]:3f47ae16
A[4, 7]:3d888889,B[4, 23]:0,C[4, 23]:3f47ae16
A[4, 8]:3e4cccce,B[4, 23]:0,C[4, 23]:3f47ae16
A[4, 9]:3eaaaaab,B[4, 23]:0,C[4, 23]:3f47ae16
A[4, 10]:3eeeeef0,B[4, 23]:0,C[4, 23]:3f47ae16
A[4, 11]:3f19999a,B[4, 23]:0,C[4, 23]:3f47ae16
A[4, 12]:3f3bbbbc,B[4, 23]:0,C[4, 23]:3f47ae16
A[4, 13]:3f5ddddf,B[4, 23]:0,C[4, 23]:3f47ae16
A[4, 14]:0,B[4, 23]:0,C[4, 23]:3f47ae16
A[4, 15]:3e088889,B[4, 23]:0,C[4, 23]:3f47ae16
A[4, 16]:3e888889,B[4, 23]:0,C[4, 23]:3f47ae16
A[4, 17]:3eccccce,B[4, 23]:0,C[4, 23]:3f47ae16
A[4, 18]:3f088889,B[4, 23]:0,C[4, 23]:3f47ae16
A[4, 19]:3f2aaaab,B[4, 23]:0,C[4, 23]:3f47ae16
A[4, 20]:3f4cccce,B[4, 23]:0,C[4, 23]:3f47ae16
A[4, 21]:3f6eeef0,B[4, 23]:0,C[4, 23]:3f47ae16
A[4, 22]:3d888889,B[4, 23]:0,C[4, 23]:3f47ae16
A[4, 23]:3e4cccce,B[4, 23]:0,C[4, 23]:3f47ae16
A[4, 24]:3eaaaaab,B[4, 23]:0,C[4, 23]:3f47ae16
A[4, 25]:3eeeeef0,B[4, 23]:0,C[4, 23]:3f47ae16
A[4, 26]:3f19999a,B[4, 23]:0,C[4, 23]:3f47ae16
A[4, 27]:3f3bbbbc,B[4, 23]:0,C[4, 23]:3f47ae16
A[4, 28]:3f5ddddf,B[4, 23]:0,C[4, 23]:3f47ae16
A[4, 29]:0,B[4, 23]:0,C[4, 23]:3f47ae16
A[4, 0]:3e088889,B[4, 24]:0,C[4, 24]:3f828f5d
A[4, 1]:3e888889,B[4, 24]:3d23d70a,C[4, 24]:3f849ba7
A[4, 2]:3eccccce,B[4, 24]:3da3d70a,C[4, 24]:3f8ac084
A[4, 3]:3f088889,B[4, 24]:3df5c28f,C[4, 24]:3f970a3e
A[4, 4]:3f2aaaab,B[4, 24]:3e23d70a,C[4, 24]:3fab851f
A[4, 5]:3f4cccce,B[4, 24]:3e4ccccc,C[4, 24]:3fca3d71
A[4, 6]:3f6eeef0,B[4, 24]:3e75c28f,C[4, 24]:3ff53f7e
A[4, 7]:3d888889,B[4, 24]:3e8f5c29,C[4, 24]:3ff8d4ff
A[4, 8]:3e4cccce,B[4, 24]:3ea3d70a,C[4, 24]:40028f5d
A[4, 9]:3eaaaaab,B[4, 24]:3eb851eb,C[4, 24]:400e147c
A[4, 10]:3eeeeef0,B[4, 24]:3ecccccc,C[4, 24]:40200001
A[4, 11]:3f19999a,B[4, 24]:3ee147ae,C[4, 24]:40395812
A[4, 12]:3f3bbbbc,B[4, 24]:3ef5c28f,C[4, 24]:405b22d2
A[4, 13]:3f5ddddf,B[4, 24]:3f051eb8,C[4, 24]:40833334
A[4, 14]:0,B[4, 24]:3f0f5c29,C[4, 24]:40833334
A[4, 15]:3e088889,B[4, 24]:3f199999,C[4, 24]:40870a3e
A[4, 16]:3e888889,B[4, 24]:3f23d70a,C[4, 24]:408f3b65
A[4, 17]:3eccccce,B[4, 24]:3f2e147b,C[4, 24]:409c49bb
A[4, 18]:3f088889,B[4, 24]:3f3851eb,C[4, 24]:40aeb853
A[4, 19]:3f2aaaab,B[4, 24]:3f428f5c,C[4, 24]:40c70a3e
A[4, 20]:3f4cccce,B[4, 24]:3f4ccccc,C[4, 24]:40e5c290
A[4, 21]:3f6eeef0,B[4, 24]:3f570a3d,C[4, 24]:4105b22d
A[4, 22]:3d888889,B[4, 24]:3f6147ae,C[4, 24]:41071aa0
A[4, 23]:3e4cccce,B[4, 24]:3f6b851e,C[4, 24]:410b851f
A[4, 24]:3eaaaaab,B[4, 24]:3f75c28f,C[4, 24]:41133333
A[4, 25]:3eeeeef0,B[4, 24]:0,C[4, 24]:41133333
A[4, 26]:3f19999a,B[4, 24]:3d23d70a,C[4, 24]:4113c6a8
A[4, 27]:3f3bbbbc,B[4, 24]:3da3d70a,C[4, 24]:41152f1b
A[4, 28]:3f5ddddf,B[4, 24]:3df5c28f,C[4, 24]:4117ae15
A[4, 29]:0,B[4, 24]:3e23d70a,C[4, 24]:4117ae15

done computing: 4, print C
C[4, 0]:4112e148,C[4, 1]:410c7ae3,C[4, 2]:412ae148,C[4, 3]:410947ae,C[4, 4]:412c7ae0,C[4, 5]:4127ae14,C[4, 6]:413947ad,C[4, 7]:4122e147,C[4, 8]:410947ad,C[4, 9]:413c7ae3,C[4, 10]:4127ae14,C[4, 11]:411fae14,C[4, 12]:411e147a,C[4, 13]:411c7ae2,C[4, 14]:4137ae14,C[4, 15]:410e147b,C[4, 16]:411fae15,C[4, 17]:412e147a,C[4, 18]:411c7ae0,C[4, 19]:412fae15,C[4, 20]:413ae148,C[4, 21]:41347ae1,C[4, 22]:4142e149,C[4, 23]:3f47ae16,C[4, 24]:4117ae15,

//========================

Init I: 5
C[5, 0]:3d4ccccd->3d75c290,C[5, 1]:3e99999a->3eb851ec,C[5, 2]:3f0ccccd->3f28f5c3,C[5, 3]:3f4ccccd->3f75c290,C[5, 4]:3d4ccccd->3d75c290,C[5, 5]:3e99999a->3eb851ec,C[5, 6]:3f0ccccd->3f28f5c3,C[5, 7]:3f4ccccd->3f75c290,C[5, 8]:3d4ccccd->3d75c290,C[5, 9]:3e99999a->3eb851ec,C[5, 10]:3f0ccccd->3f28f5c3,C[5, 11]:3f4ccccd->3f75c290,C[5, 12]:3d4ccccd->3d75c290,C[5, 13]:3e99999a->3eb851ec,C[5, 14]:3f0ccccd->3f28f5c3,C[5, 15]:3f4ccccd->3f75c290,C[5, 16]:3d4ccccd->3d75c290,C[5, 17]:3e99999a->3eb851ec,C[5, 18]:3f0ccccd->3f28f5c3,C[5, 19]:3f4ccccd->3f75c290,C[5, 20]:3d4ccccd->3d75c290,C[5, 21]:3e99999a->3eb851ec,C[5, 22]:3f0ccccd->3f28f5c3,C[5, 23]:3f4ccccd->3f75c290,C[5, 24]:3d4ccccd->3d75c290,
Start computing: 5
A[5, 0]:3e2aaaab,B[5, 0]:0,C[5, 0]:3d75c290
A[5, 1]:3eaaaaab,B[5, 0]:3da3d70a,C[5, 0]:3dcccccd
A[5, 2]:3f000000,B[5, 0]:3e23d70a,C[5, 0]:3e6147ae
A[5, 3]:3f2aaaab,B[5, 0]:3e75c28f,C[5, 0]:3eeb851e
A[5, 4]:3f555556,B[5, 0]:3ea3d70a,C[5, 0]:3f5c28f5
A[5, 5]:0,B[5, 0]:3ecccccc,C[5, 0]:3f5c28f5
A[5, 6]:3e2aaaab,B[5, 0]:3ef5c28f,C[5, 0]:3f7ae147
A[5, 7]:3eaaaaab,B[5, 0]:3f0f5c29,C[5, 0]:3fa147ae
A[5, 8]:3f000000,B[5, 0]:3f23d70a,C[5, 0]:3fdeb852
A[5, 9]:3f2aaaab,B[5, 0]:3f3851eb,C[5, 0]:401d70a4
A[5, 10]:3f555556,B[5, 0]:3f4ccccc,C[5, 0]:405d70a4
A[5, 11]:0,B[5, 0]:3f6147ae,C[5, 0]:405d70a4
A[5, 12]:3e2aaaab,B[5, 0]:3f75c28f,C[5, 0]:406ccccd
A[5, 13]:3eaaaaab,B[5, 0]:3d23d70a,C[5, 0]:406e147b
A[5, 14]:3f000000,B[5, 0]:3df5c28f,C[5, 0]:4073d70a
A[5, 15]:3f2aaaab,B[5, 0]:3e4ccccc,C[5, 0]:408051eb
A[5, 16]:3f555556,B[5, 0]:3e8f5c29,C[5, 0]:408b851e
A[5, 17]:0,B[5, 0]:3eb851eb,C[5, 0]:408b851e
A[5, 18]:3e2aaaab,B[5, 0]:3ee147ae,C[5, 0]:408f0a3d
A[5, 19]:3eaaaaab,B[5, 0]:3f051eb8,C[5, 0]:40975c28
A[5, 20]:3f000000,B[5, 0]:3f199999,C[5, 0]:40a5c28e
A[5, 21]:3f2aaaab,B[5, 0]:3f2e147b,C[5, 0]:40bb851d
A[5, 22]:3f555556,B[5, 0]:3f428f5c,C[5, 0]:40d9eb83
A[5, 23]:0,B[5, 0]:3f570a3d,C[5, 0]:40d9eb83
A[5, 24]:3e2aaaab,B[5, 0]:3f6b851e,C[5, 0]:40e147ac
A[5, 25]:3eaaaaab,B[5, 0]:0,C[5, 0]:40e147ac
A[5, 26]:3f000000,B[5, 0]:3da3d70a,C[5, 0]:40e33331
A[5, 27]:3f2aaaab,B[5, 0]:3e23d70a,C[5, 0]:40e851e9
A[5, 28]:3f555556,B[5, 0]:3e75c28f,C[5, 0]:40f1eb83
A[5, 29]:0,B[5, 0]:3ea3d70a,C[5, 0]:40f1eb83
A[5, 0]:3e2aaaab,B[5, 1]:0,C[5, 1]:3eb851ec
A[5, 1]:3eaaaaab,B[5, 1]:3df5c28f,C[5, 1]:3ed70a3e
A[5, 2]:3f000000,B[5, 1]:3e75c28f,C[5, 1]:3f19999a
A[5, 3]:3f2aaaab,B[5, 1]:3eb851eb,C[5, 1]:3f75c290
A[5, 4]:3f555556,B[5, 1]:3ef5c28f,C[5, 1]:3fc7ae14
A[5, 5]:0,B[5, 1]:3f199999,C[5, 1]:3fc7ae14
A[5, 6]:3e2aaaab,B[5, 1]:3f3851eb,C[5, 1]:3fdeb851
A[5, 7]:3eaaaaab,B[5, 1]:3f570a3d,C[5, 1]:400a3d70
A[5, 8]:3f000000,B[5, 1]:3f75c28f,C[5, 1]:403851eb
A[5, 9]:3f2aaaab,B[5, 1]:3da3d70a,C[5, 1]:403d70a3
A[5, 10]:3f555556,B[5, 1]:3e4ccccc,C[5, 1]:404d70a3
A[5, 11]:0,B[5, 1]:3ea3d70a,C[5, 1]:404d70a3
A[5, 12]:3e2aaaab,B[5, 1]:3ee147ae,C[5, 1]:40547ae0
A[5, 13]:3eaaaaab,B[5, 1]:3f0f5c29,C[5, 1]:40666665
A[5, 14]:3f000000,B[5, 1]:3f2e147b,C[5, 1]:4083851e
A[5, 15]:3f2aaaab,B[5, 1]:3f4ccccc,C[5, 1]:409d1eb8
A[5, 16]:3f555556,B[5, 1]:3f6b851e,C[5, 1]:40c1eb85
A[5, 17]:0,B[5, 1]:3d23d70a,C[5, 1]:40c1eb85
A[5, 18]:3e2aaaab,B[5, 1]:3e23d70a,C[5, 1]:40c33333
A[5, 19]:3eaaaaab,B[5, 1]:3e8f5c29,C[5, 1]:40c7ae14
A[5, 20]:3f000000,B[5, 1]:3ecccccc,C[5, 1]:40d147ae
A[5, 21]:3f2aaaab,B[5, 1]:3f051eb8,C[5, 1]:40e1eb85
A[5, 22]:3f555556,B[5, 1]:3f23d70a,C[5, 1]:40fb851e
A[5, 23]:0,B[5, 1]:3f428f5c,C[5, 1]:40fb851e
A[5, 24]:3e2aaaab,B[5, 1]:3f6147ae,C[5, 1]:410147ae
A[5, 25]:3eaaaaab,B[5, 1]:0,C[5, 1]:410147ae
A[5, 26]:3f000000,B[5, 1]:3df5c28f,C[5, 1]:4102b852
A[5, 27]:3f2aaaab,B[5, 1]:3e75c28f,C[5, 1]:41068f5c
A[5, 28]:3f555556,B[5, 1]:3eb851eb,C[5, 1]:410dc28f
A[5, 29]:0,B[5, 1]:3ef5c28f,C[5, 1]:410dc28f
A[5, 0]:3e2aaaab,B[5, 2]:0,C[5, 2]:3f28f5c3
A[5, 1]:3eaaaaab,B[5, 2]:3e23d70a,C[5, 2]:3f3d70a4
A[5, 2]:3f000000,B[5, 2]:3ea3d70a,C[5, 2]:3f7ae148
A[5, 3]:3f2aaaab,B[5, 2]:3ef5c28f,C[5, 2]:3fbae148
A[5, 4]:3f555556,B[5, 2]:3f23d70a,C[5, 2]:4010a3d7
A[5, 5]:0,B[5, 2]:3f4ccccc,C[5, 2]:4010a3d7
A[5, 6]:3e2aaaab,B[5, 2]:3f75c28f,C[5, 2]:40200000
A[5, 7]:3eaaaaab,B[5, 2]:3df5c28f,C[5, 2]:4023d70a
A[5, 8]:3f000000,B[5, 2]:3e8f5c29,C[5, 2]:403147ae
A[5, 9]:3f2aaaab,B[5, 2]:3ee147ae,C[5, 2]:404d70a4
A[5, 10]:3f555556,B[5, 2]:3f199999,C[5, 2]:407d70a4
A[5, 11]:0,B[5, 2]:3f428f5c,C[5, 2]:407d70a4
A[5, 12]:3e2aaaab,B[5, 2]:3f6b851e,C[5, 2]:4086147b
A[5, 13]:3eaaaaab,B[5, 2]:3da3d70a,C[5, 2]:40875c29
A[5, 14]:3f000000,B[5, 2]:3e75c28f,C[5, 2]:408d1eb8
A[5, 15]:3f2aaaab,B[5, 2]:3ecccccc,C[5, 2]:4099eb85
A[5, 16]:3f555556,B[5, 2]:3f0f5c29,C[5, 2]:40b051eb
A[5, 17]:0,B[5, 2]:3f3851eb,C[5, 2]:40b051eb
A[5, 18]:3e2aaaab,B[5, 2]:3f6147ae,C[5, 2]:40b75c28
A[5, 19]:3eaaaaab,B[5, 2]:3d23d70a,C[5, 2]:40b7ffff
A[5, 20]:3f000000,B[5, 2]:3e4ccccc,C[5, 2]:40bccccc
A[5, 21]:3f2aaaab,B[5, 2]:3eb851eb,C[5, 2]:40c851eb
A[5, 22]:3f555556,B[5, 2]:3f051eb8,C[5, 2]:40dd1eb8
A[5, 23]:0,B[5, 2]:3f2e147b,C[5, 2]:40dd1eb8
A[5, 24]:3e2aaaab,B[5, 2]:3f570a3d,C[5, 2]:40e3d70a
A[5, 25]:3eaaaaab,B[5, 2]:0,C[5, 2]:40e3d70a
A[5, 26]:3f000000,B[5, 2]:3e23d70a,C[5, 2]:40e7ae14
A[5, 27]:3f2aaaab,B[5, 2]:3ea3d70a,C[5, 2]:40f1eb85
A[5, 28]:3f555556,B[5, 2]:3ef5c28f,C[5, 2]:41028f5c
A[5, 29]:0,B[5, 2]:3f23d70a,C[5, 2]:41028f5c
A[5, 0]:3e2aaaab,B[5, 3]:0,C[5, 3]:3f75c290
A[5, 1]:3eaaaaab,B[5, 3]:3e4ccccc,C[5, 3]:3f87ae15
A[5, 2]:3f000000,B[5, 3]:3ecccccc,C[5, 3]:3fae147b
A[5, 3]:3f2aaaab,B[5, 3]:3f199999,C[5, 3]:3ffae148
A[5, 4]:3f555556,B[5, 3]:3f4ccccc,C[5, 3]:403d70a4
A[5, 5]:0,B[5, 3]:0,C[5, 3]:403d70a4
A[5, 6]:3e2aaaab,B[5, 3]:3e4ccccc,C[5, 3]:4040a3d7
A[5, 7]:3eaaaaab,B[5, 3]:3ecccccc,C[5, 3]:404d70a4
A[5, 8]:3f000000,B[5, 3]:3f199999,C[5, 3]:406a3d71
A[5, 9]:3f2aaaab,B[5, 3]:3f4ccccc,C[5, 3]:408eb852
A[5, 10]:3f555556,B[5, 3]:0,C[5, 3]:408eb852
A[5, 11]:0,B[5, 3]:3e4ccccc,C[5, 3]:408eb852
A[5, 12]:3e2aaaab,B[5, 3]:3ecccccc,C[5, 3]:4091eb85
A[5, 13]:3eaaaaab,B[5, 3]:3f199999,C[5, 3]:409b851f
A[5, 14]:3f000000,B[5, 3]:3f4ccccc,C[5, 3]:40aeb852
A[5, 15]:3f2aaaab,B[5, 3]:0,C[5, 3]:40aeb852
A[5, 16]:3f555556,B[5, 3]:3e4ccccc,C[5, 3]:40b6b852
A[5, 17]:0,B[5, 3]:3ecccccc,C[5, 3]:40b6b852
A[5, 18]:3e2aaaab,B[5, 3]:3f199999,C[5, 3]:40bb851f
A[5, 19]:3eaaaaab,B[5, 3]:3f4ccccc,C[5, 3]:40c851ec
A[5, 20]:3f000000,B[5, 3]:0,C[5, 3]:40c851ec
A[5, 21]:3f2aaaab,B[5, 3]:3e4ccccc,C[5, 3]:40ceb852
A[5, 22]:3f555556,B[5, 3]:3ecccccc,C[5, 3]:40deb852
A[5, 23]:0,B[5, 3]:3f199999,C[5, 3]:40deb852
A[5, 24]:3e2aaaab,B[5, 3]:3f4ccccc,C[5, 3]:40e51eb8
A[5, 25]:3eaaaaab,B[5, 3]:0,C[5, 3]:40e51eb8
A[5, 26]:3f000000,B[5, 3]:3e4ccccc,C[5, 3]:40e9eb85
A[5, 27]:3f2aaaab,B[5, 3]:3ecccccc,C[5, 3]:40f6b852
A[5, 28]:3f555556,B[5, 3]:3f199999,C[5, 3]:41075c29
A[5, 29]:0,B[5, 3]:3f4ccccc,C[5, 3]:41075c29
A[5, 0]:3e2aaaab,B[5, 4]:0,C[5, 4]:3d75c290
A[5, 1]:3eaaaaab,B[5, 4]:3e75c28f,C[5, 4]:3e3851ec
A[5, 2]:3f000000,B[5, 4]:3ef5c28f,C[5, 4]:3f0a3d70
A[5, 3]:3f2aaaab,B[5, 4]:3f3851eb,C[5, 4]:3fa147ae
A[5, 4]:3f555556,B[5, 4]:3f75c28f,C[5, 4]:401d70a4
A[5, 5]:0,B[5, 4]:3e4ccccc,C[5, 4]:401d70a4
A[5, 6]:3e2aaaab,B[5, 4]:3ee147ae,C[5, 4]:40247ae1
A[5, 7]:3eaaaaab,B[5, 4]:3f2e147b,C[5, 4]:403a3d70
A[5, 8]:3f000000,B[5, 4]:3f6b851e,C[5, 4]:40666666
A[5, 9]:3f2aaaab,B[5, 4]:3e23d70a,C[5, 4]:4070a3d7
A[5, 10]:3f555556,B[5, 4]:3ecccccc,C[5, 4]:408851eb
A[5, 11]:0,B[5, 4]:3f23d70a,C[5, 4]:408851eb
A[5, 12]:3e2aaaab,B[5, 4]:3f6147ae,C[5, 4]:408f5c28
A[5, 13]:3eaaaaab,B[5, 4]:3df5c28f,C[5, 4]:409147ad
A[5, 14]:3f000000,B[5, 4]:3eb851eb,C[5, 4]:4099eb84
A[5, 15]:3f2aaaab,B[5, 4]:3f199999,C[5, 4]:40ad1eb7
A[5, 16]:3f555556,B[5, 4]:3f570a3d,C[5, 4]:40ceb850
A[5, 17]:0,B[5, 4]:3da3d70a,C[5, 4]:40ceb850
A[5, 18]:3e2aaaab,B[5, 4]:3ea3d70a,C[5, 4]:40d147ac
A[5, 19]:3eaaaaab,B[5, 4]:3f0f5c29,C[5, 4]:40da3d6f
A[5, 20]:3f000000,B[5, 4]:3f4ccccc,C[5, 4]:40ed70a2
A[5, 21]:3f2aaaab,B[5, 4]:3d23d70a,C[5, 4]:40eeb850
A[5, 22]:3f555556,B[5, 4]:3e8f5c29,C[5, 4]:40f9eb83
A[5, 23]:0,B[5, 4]:3f051eb8,C[5, 4]:40f9eb83
A[5, 24]:3e2aaaab,B[5, 4]:3f428f5c,C[5, 4]:40fffffe
A[5, 25]:3eaaaaab,B[5, 4]:0,C[5, 4]:40fffffe
A[5, 26]:3f000000,B[5, 4]:3e75c28f,C[5, 4]:4102e147
A[5, 27]:3f2aaaab,B[5, 4]:3ef5c28f,C[5, 4]:410a8f5b
A[5, 28]:3f555556,B[5, 4]:3f3851eb,C[5, 4]:4118f5c1
A[5, 29]:0,B[5, 4]:3f75c28f,C[5, 4]:4118f5c1
A[5, 0]:3e2aaaab,B[5, 5]:0,C[5, 5]:3eb851ec
A[5, 1]:3eaaaaab,B[5, 5]:3e8f5c29,C[5, 5]:3f000000
A[5, 2]:3f000000,B[5, 5]:3f0f5c29,C[5, 5]:3f6b851f
A[5, 3]:3f2aaaab,B[5, 5]:3f570a3d,C[5, 5]:3fe147ae
A[5, 4]:3f555556,B[5, 5]:3df5c28f,C[5, 5]:3ff47ae1
A[5, 5]:0,B[5, 5]:3ecccccc,C[5, 5]:3ff47ae1
A[5, 6]:3e2aaaab,B[5, 5]:3f2e147b,C[5, 5]:40051eb8
A[5, 7]:3eaaaaab,B[5, 5]:3f75c28f,C[5, 5]:4023d70a
A[5, 8]:3f000000,B[5, 5]:3e75c28f,C[5, 5]:402f5c29
A[5, 9]:3f2aaaab,B[5, 5]:3f051eb8,C[5, 5]:4050a3d7
A[5, 10]:3f555556,B[5, 5]:3f4ccccc,C[5, 5]:408851eb
A[5, 11]:0,B[5, 5]:3da3d70a,C[5, 5]:408851eb
A[5, 12]:3e2aaaab,B[5, 5]:3eb851eb,C[5, 5]:408b3333
A[5, 13]:3eaaaaab,B[5, 5]:3f23d70a,C[5, 5]:409570a4
A[5, 14]:3f000000,B[5, 5]:3f6b851e,C[5, 5]:40ab851f
A[5, 15]:3f2aaaab,B[5, 5]:3e4ccccc,C[5, 5]:40b1eb85
A[5, 16]:3f555556,B[5, 5]:3ef5c28f,C[5, 5]:40c51eb8
A[5, 17]:0,B[5, 5]:3f428f5c,C[5, 5]:40c51eb8
A[5, 18]:3e2aaaab,B[5, 5]:3d23d70a,C[5, 5]:40c570a4
A[5, 19]:3eaaaaab,B[5, 5]:3ea3d70a,C[5, 5]:40ca8f5c
A[5, 20]:3f000000,B[5, 5]:3f199999,C[5, 5]:40d8f5c2
A[5, 21]:3f2aaaab,B[5, 5]:3f6147ae,C[5, 5]:40f51eb8
A[5, 22]:3f555556,B[5, 5]:3e23d70a,C[5, 5]:40fb851e
A[5, 23]:0,B[5, 5]:3ee147ae,C[5, 5]:40fb851e
A[5, 24]:3e2aaaab,B[5, 5]:3f3851eb,C[5, 5]:4100a3d7
A[5, 25]:3eaaaaab,B[5, 5]:0,C[5, 5]:4100a3d7
A[5, 26]:3f000000,B[5, 5]:3e8f5c29,C[5, 5]:41040000
A[5, 27]:3f2aaaab,B[5, 5]:3f0f5c29,C[5, 5]:410cf5c3
A[5, 28]:3f555556,B[5, 5]:3f570a3d,C[5, 5]:411dc290
A[5, 29]:0,B[5, 5]:3df5c28f,C[5, 5]:411dc290
A[5, 0]:3e2aaaab,B[5, 6]:0,C[5, 6]:3f28f5c3
A[5, 1]:3eaaaaab,B[5, 6]:3ea3d70a,C[5, 6]:3f51eb86
A[5, 2]:3f000000,B[5, 6]:3f23d70a,C[5, 6]:3fa66667
A[5, 3]:3f2aaaab,B[5, 6]:3f75c28f,C[5, 6]:4010a3d7
A[5, 4]:3f555556,B[5, 6]:3e8f5c29,C[5, 6]:40270a3d
A[5, 5]:0,B[5, 6]:3f199999,C[5, 6]:40270a3d
A[5, 6]:3e2aaaab,B[5, 6]:3f6b851e,C[5, 6]:4035c28f
A[5, 7]:3eaaaaab,B[5, 6]:3e75c28f,C[5, 6]:403d70a3
A[5, 8]:3f000000,B[5, 6]:3f0f5c29,C[5, 6]:405851eb
A[5, 9]:3f2aaaab,B[5, 6]:3f6147ae,C[5, 6]:408851eb
A[5, 10]:3f555556,B[5, 6]:3e4ccccc,C[5, 6]:409051eb
A[5, 11]:0,B[5, 6]:3f051eb8,C[5, 6]:409051eb
A[5, 12]:3e2aaaab,B[5, 6]:3f570a3d,C[5, 6]:40970a3d
A[5, 13]:3eaaaaab,B[5, 6]:3e23d70a,C[5, 6]:40999999
A[5, 14]:3f000000,B[5, 6]:3ef5c28f,C[5, 6]:40a51eb8
A[5, 15]:3f2aaaab,B[5, 6]:3f4ccccc,C[5, 6]:40beb852
A[5, 16]:3f555556,B[5, 6]:3df5c28f,C[5, 6]:40c3851f
A[5, 17]:0,B[5, 6]:3ee147ae,C[5, 6]:40c3851f
A[5, 18]:3e2aaaab,B[5, 6]:3f428f5c,C[5, 6]:40c9999a
A[5, 19]:3eaaaaab,B[5, 6]:3da3d70a,C[5, 6]:40cae148
A[5, 20]:3f000000,B[5, 6]:3ecccccc,C[5, 6]:40d47ae2
A[5, 21]:3f2aaaab,B[5, 6]:3f3851eb,C[5, 6]:40eb851f
A[5, 22]:3f555556,B[5, 6]:3d23d70a,C[5, 6]:40ed1eb9
A[5, 23]:0,B[5, 6]:3eb851eb,C[5, 6]:40ed1eb9
A[5, 24]:3e2aaaab,B[5, 6]:3f2e147b,C[5, 6]:40f28f5d
A[5, 25]:3eaaaaab,B[5, 6]:0,C[5, 6]:40f28f5d
A[5, 26]:3f000000,B[5, 6]:3ea3d70a,C[5, 6]:40fa3d71
A[5, 27]:3f2aaaab,B[5, 6]:3f23d70a,C[5, 6]:41075c29
A[5, 28]:3f555556,B[5, 6]:3f75c28f,C[5, 6]:411a8f5c
A[5, 29]:0,B[5, 6]:3e8f5c29,C[5, 6]:411a8f5c
A[5, 0]:3e2aaaab,B[5, 7]:0,C[5, 7]:3f75c290
A[5, 1]:3eaaaaab,B[5, 7]:3eb851eb,C[5, 7]:3f91eb85
A[5, 2]:3f000000,B[5, 7]:3f3851eb,C[5, 7]:3fd70a3d
A[5, 3]:3f2aaaab,B[5, 7]:3da3d70a,C[5, 7]:3fe147ae
A[5, 4]:3f555556,B[5, 7]:3ee147ae,C[5, 7]:4013d70a
A[5, 5]:0,B[5, 7]:3f4ccccc,C[5, 7]:4013d70a
A[5, 6]:3e2aaaab,B[5, 7]:3e23d70a,C[5, 7]:40166666
A[5, 7]:3eaaaaab,B[5, 7]:3f051eb8,C[5, 7]:40270a3d
A[5, 8]:3f000000,B[5, 7]:3f6147ae,C[5, 7]:405147ae
A[5, 9]:3f2aaaab,B[5, 7]:3e75c28f,C[5, 7]:4060a3d7
A[5, 10]:3f555556,B[5, 7]:3f199999,C[5, 7]:408851eb
A[5, 11]:0,B[5, 7]:3f75c28f,C[5, 7]:408851eb
A[5, 12]:3e2aaaab,B[5, 7]:3ea3d70a,C[5, 7]:408ae147
A[5, 13]:3eaaaaab,B[5, 7]:3f2e147b,C[5, 7]:4095c28f
A[5, 14]:3f000000,B[5, 7]:3d23d70a,C[5, 7]:4096b852
A[5, 15]:3f2aaaab,B[5, 7]:3ecccccc,C[5, 7]:40a3851f
A[5, 16]:3f555556,B[5, 7]:3f428f5c,C[5, 7]:40c1eb85
A[5, 17]:0,B[5, 7]:3df5c28f,C[5, 7]:40c1eb85
A[5, 18]:3e2aaaab,B[5, 7]:3ef5c28f,C[5, 7]:40c5c28f
A[5, 19]:3eaaaaab,B[5, 7]:3f570a3d,C[5, 7]:40d33333
A[5, 20]:3f000000,B[5, 7]:3e4ccccc,C[5, 7]:40d80000
A[5, 21]:3f2aaaab,B[5, 7]:3f0f5c29,C[5, 7]:40e9eb85
A[5, 22]:3f555556,B[5, 7]:3f6b851e,C[5, 7]:41075c29
A[5, 23]:0,B[5, 7]:3e8f5c29,C[5, 7]:41075c29
A[5, 24]:3e2aaaab,B[5, 7]:3f23d70a,C[5, 7]:4109eb85
A[5, 25]:3eaaaaab,B[5, 7]:0,C[5, 7]:4109eb85
A[5, 26]:3f000000,B[5, 7]:3eb851eb,C[5, 7]:410e3d70
A[5, 27]:3f2aaaab,B[5, 7]:3f3851eb,C[5, 7]:4119c28f
A[5, 28]:3f555556,B[5, 7]:3da3d70a,C[5, 7]:411b5c29
A[5, 29]:0,B[5, 7]:3ee147ae,C[5, 7]:411b5c29
A[5, 0]:3e2aaaab,B[5, 8]:0,C[5, 8]:3d75c290
A[5, 1]:3eaaaaab,B[5, 8]:3ecccccc,C[5, 8]:3e851eb8
A[5, 2]:3f000000,B[5, 8]:3f4ccccc,C[5, 8]:3f5c28f5
A[5, 3]:3f2aaaab,B[5, 8]:3e4ccccc,C[5, 8]:3f87ae14
A[5, 4]:3f555556,B[5, 8]:3f199999,C[5, 8]:3fe7ae14
A[5, 5]:0,B[5, 8]:0,C[5, 8]:3fe7ae14
A[5, 6]:3e2aaaab,B[5, 8]:3ecccccc,C[5, 8]:3ff47ae1
A[5, 7]:3eaaaaab,B[5, 8]:3f4ccccc,C[5, 8]:4013d70a
A[5, 8]:3f000000,B[5, 8]:3e4ccccc,C[5, 8]:401d70a4
A[5, 9]:3f2aaaab,B[5, 8]:3f199999,C[5, 8]:4043d70a
A[5, 10]:3f555556,B[5, 8]:0,C[5, 8]:4043d70a
A[5, 11]:0,B[5, 8]:3ecccccc,C[5, 8]:4043d70a
A[5, 12]:3e2aaaab,B[5, 8]:3f4ccccc,C[5, 8]:4050a3d7
A[5, 13]:3eaaaaab,B[5, 8]:3e4ccccc,C[5, 8]:40570a3d
A[5, 14]:3f000000,B[5, 8]:3f199999,C[5, 8]:4073d70a
A[5, 15]:3f2aaaab,B[5, 8]:0,C[5, 8]:4073d70a
A[5, 16]:3f555556,B[5, 8]:3ecccccc,C[5, 8]:4089eb85
A[5, 17]:0,B[5, 8]:3f4ccccc,C[5, 8]:4089eb85
A[5, 18]:3e2aaaab,B[5, 8]:3e4ccccc,C[5, 8]:408b851f
A[5, 19]:3eaaaaab,B[5, 8]:3f199999,C[5, 8]:40951eb9
A[5, 20]:3f000000,B[5, 8]:0,C[5, 8]:40951eb9
A[5, 21]:3f2aaaab,B[5, 8]:3ecccccc,C[5, 8]:40a1eb86
A[5, 22]:3f555556,B[5, 8]:3f4ccccc,C[5, 8]:40c1eb86
A[5, 23]:0,B[5, 8]:3e4ccccc,C[5, 8]:40c1eb86
A[5, 24]:3e2aaaab,B[5, 8]:3f199999,C[5, 8]:40c6b853
A[5, 25]:3eaaaaab,B[5, 8]:0,C[5, 8]:40c6b853
A[5, 26]:3f000000,B[5, 8]:3ecccccc,C[5, 8]:40d051ed
A[5, 27]:3f2aaaab,B[5, 8]:3f4ccccc,C[5, 8]:40e9eb86
A[5, 28]:3f555556,B[5, 8]:3e4ccccc,C[5, 8]:40f1eb86
A[5, 29]:0,B[5, 8]:3f199999,C[5, 8]:40f1eb86
A[5, 0]:3e2aaaab,B[5, 9]:0,C[5, 9]:3eb851ec
A[5, 1]:3eaaaaab,B[5, 9]:3ee147ae,C[5, 9]:3f147ae2
A[5, 2]:3f000000,B[5, 9]:3f6147ae,C[5, 9]:3f9eb852
A[5, 3]:3f2aaaab,B[5, 9]:3ea3d70a,C[5, 9]:3fc7ae14
A[5, 4]:3f555556,B[5, 9]:3f428f5c,C[5, 9]:4020a3d7
A[5, 5]:0,B[5, 9]:3e4ccccc,C[5, 9]:4020a3d7
A[5, 6]:3e2aaaab,B[5, 9]:3f23d70a,C[5, 9]:402ae148
A[5, 7]:3eaaaaab,B[5, 9]:3da3d70a,C[5, 9]:402d70a4
A[5, 8]:3f000000,B[5, 9]:3f051eb8,C[5, 9]:40466666
A[5, 9]:3f2aaaab,B[5, 9]:3f75c28f,C[5, 9]:4081eb85
A[5, 10]:3f555556,B[5, 9]:3ecccccc,C[5, 9]:4091eb85
A[5, 11]:0,B[5, 9]:3f570a3d,C[5, 9]:4091eb85
A[5, 12]:3e2aaaab,B[5, 9]:3e8f5c29,C[5, 9]:409428f6
A[5, 13]:3eaaaaab,B[5, 9]:3f3851eb,C[5, 9]:409fae15
A[5, 14]:3f000000,B[5, 9]:3e23d70a,C[5, 9]:40a3851f
A[5, 15]:3f2aaaab,B[5, 9]:3f199999,C[5, 9]:40b6b852
A[5, 16]:3f555556,B[5, 9]:3d23d70a,C[5, 9]:40b851ec
A[5, 17]:0,B[5, 9]:3ef5c28f,C[5, 9]:40b851ec
A[5, 18]:3e2aaaab,B[5, 9]:3f6b851e,C[5, 9]:40bfae15
A[5, 19]:3eaaaaab,B[5, 9]:3eb851eb,C[5, 9]:40c570a4
A[5, 20]:3f000000,B[5, 9]:3f4ccccc,C[5, 9]:40d8a3d7
A[5, 21]:3f2aaaab,B[5, 9]:3e75c28f,C[5, 9]:40e051eb
A[5, 22]:3f555556,B[5, 9]:3f2e147b,C[5, 9]:40fb851e
A[5, 23]:0,B[5, 9]:3df5c28f,C[5, 9]:40fb851e
A[5, 24]:3e2aaaab,B[5, 9]:3f0f5c29,C[5, 9]:40ffffff
A[5, 25]:3eaaaaab,B[5, 9]:0,C[5, 9]:40ffffff
A[5, 26]:3f000000,B[5, 9]:3ee147ae,C[5, 9]:410547ae
A[5, 27]:3f2aaaab,B[5, 9]:3f6147ae,C[5, 9]:41135c29
A[5, 28]:3f555556,B[5, 9]:3ea3d70a,C[5, 9]:4119c28f
A[5, 29]:0,B[5, 9]:3f428f5c,C[5, 9]:4119c28f
A[5, 0]:3e2aaaab,B[5, 10]:0,C[5, 10]:3f28f5c3
A[5, 1]:3eaaaaab,B[5, 10]:3ef5c28f,C[5, 10]:3f666667
A[5, 2]:3f000000,B[5, 10]:3f75c28f,C[5, 10]:3fcf5c29
A[5, 3]:3f2aaaab,B[5, 10]:3ee147ae,C[5, 10]:4003d70a
A[5, 4]:3f555556,B[5, 10]:3f6b851e,C[5, 10]:404d70a4
A[5, 5]:0,B[5, 10]:3ecccccc,C[5, 10]:404d70a4
A[5, 6]:3e2aaaab,B[5, 10]:3f6147ae,C[5, 10]:405b851f
A[5, 7]:3eaaaaab,B[5, 10]:3eb851eb,C[5, 10]:40670a3e
A[5, 8]:3f000000,B[5, 10]:3f570a3d,C[5, 10]:4087ae15
A[5, 9]:3f2aaaab,B[5, 10]:3ea3d70a,C[5, 10]:4091eb86
A[5, 10]:3f555556,B[5, 10]:3f4ccccc,C[5, 10]:40b1eb86
A[5, 11]:0,B[5, 10]:3e8f5c29,C[5, 10]:40b1eb86
A[5, 12]:3e2aaaab,B[5, 10]:3f428f5c,C[5, 10]:40b80001
A[5, 13]:3eaaaaab,B[5, 10]:3e75c28f,C[5, 10]:40bbd70b
A[5, 14]:3f000000,B[5, 10]:3f3851eb,C[5, 10]:40cd1eb9
A[5, 15]:3f2aaaab,B[5, 10]:3e4ccccc,C[5, 10]:40d3851f
A[5, 16]:3f555556,B[5, 10]:3f2e147b,C[5, 10]:40eeb852
A[5, 17]:0,B[5, 10]:3e23d70a,C[5, 10]:40eeb852
A[5, 18]:3e2aaaab,B[5, 10]:3f23d70a,C[5, 10]:40f3d70a
A[5, 19]:3eaaaaab,B[5, 10]:3df5c28f,C[5, 10]:40f5c28f
A[5, 20]:3f000000,B[5, 10]:3f199999,C[5, 10]:4102147b
A[5, 21]:3f2aaaab,B[5, 10]:3da3d70a,C[5, 10]:41035c29
A[5, 22]:3f555556,B[5, 10]:3f0f5c29,C[5, 10]:410e8f5c
A[5, 23]:0,B[5, 10]:3d23d70a,C[5, 10]:410e8f5c
A[5, 24]:3e2aaaab,B[5, 10]:3f051eb8,C[5, 10]:4110a3d7
A[5, 25]:3eaaaaab,B[5, 10]:0,C[5, 10]:4110a3d7
A[5, 26]:3f000000,B[5, 10]:3ef5c28f,C[5, 10]:41166666
A[5, 27]:3f2aaaab,B[5, 10]:3f75c28f,C[5, 10]:4125c28f
A[5, 28]:3f555556,B[5, 10]:3ee147ae,C[5, 10]:412e8f5c
A[5, 29]:0,B[5, 10]:3f6b851e,C[5, 10]:412e8f5c
A[5, 0]:3e2aaaab,B[5, 11]:0,C[5, 11]:3f75c290
A[5, 1]:3eaaaaab,B[5, 11]:3f051eb8,C[5, 11]:3f9c28f6
A[5, 2]:3f000000,B[5, 11]:3d23d70a,C[5, 11]:3fa00000
A[5, 3]:3f2aaaab,B[5, 11]:3f0f5c29,C[5, 11]:3fe7ae14
A[5, 4]:3f555556,B[5, 11]:3da3d70a,C[5, 11]:3ff47ae1
A[5, 5]:0,B[5, 11]:3f199999,C[5, 11]:3ff47ae1
A[5, 6]:3e2aaaab,B[5, 11]:3df5c28f,C[5, 11]:3ff851eb
A[5, 7]:3eaaaaab,B[5, 11]:3f23d70a,C[5, 11]:4010a3d7
A[5, 8]:3f000000,B[5, 11]:3e23d70a,C[5, 11]:401851eb
A[5, 9]:3f2aaaab,B[5, 11]:3f2e147b,C[5, 11]:4043d70a
A[5, 10]:3f555556,B[5, 11]:3e4ccccc,C[5, 11]:4053d70a
A[5, 11]:0,B[5, 11]:3f3851eb,C[5, 11]:4053d70a
A[5, 12]:3e2aaaab,B[5, 11]:3e75c28f,C[5, 11]:4057ae14
A[5, 13]:3eaaaaab,B[5, 11]:3f428f5c,C[5, 11]:40700000
A[5, 14]:3f000000,B[5, 11]:3e8f5c29,C[5, 11]:407d70a4
A[5, 15]:3f2aaaab,B[5, 11]:3f4ccccc,C[5, 11]:409851ec
A[5, 16]:3f555556,B[5, 11]:3ea3d70a,C[5, 11]:40a51eb9
A[5, 17]:0,B[5, 11]:3f570a3d,C[5, 11]:40a51eb9
A[5, 18]:3e2aaaab,B[5, 11]:3eb851eb,C[5, 11]:40a80001
A[5, 19]:3eaaaaab,B[5, 11]:3f6147ae,C[5, 11]:40b6147c
A[5, 20]:3f000000,B[5, 11]:3ecccccc,C[5, 11]:40bfae16
A[5, 21]:3f2aaaab,B[5, 11]:3f6b851e,C[5, 11]:40dd1eba
A[5, 22]:3f555556,B[5, 11]:3ee147ae,C[5, 11]:40eeb854
A[5, 23]:0,B[5, 11]:3f75c28f,C[5, 11]:40eeb854
A[5, 24]:3e2aaaab,B[5, 11]:3ef5c28f,C[5, 11]:40f28f5e
A[5, 25]:3eaaaaab,B[5, 11]:0,C[5, 11]:40f28f5e
A[5, 26]:3f000000,B[5, 11]:3f051eb8,C[5, 11]:40ff0a3f
A[5, 27]:3f2aaaab,B[5, 11]:3d23d70a,C[5, 11]:410028f7
A[5, 28]:3f555556,B[5, 11]:3f0f5c29,C[5, 11]:410b5c2a
A[5, 29]:0,B[5, 11]:3da3d70a,C[5, 11]:410b5c2a
A[5, 0]:3e2aaaab,B[5, 12]:0,C[5, 12]:3d75c290
A[5, 1]:3eaaaaab,B[5, 12]:3f0f5c29,C[5, 12]:3eae147b
A[5, 2]:3f000000,B[5, 12]:3df5c28f,C[5, 12]:3edc28f6
A[5, 3]:3f2aaaab,B[5, 12]:3f2e147b,C[5, 12]:3f8e147b
A[5, 4]:3f555556,B[5, 12]:3e75c28f,C[5, 12]:3fb47ae1
A[5, 5]:0,B[5, 12]:3f4ccccc,C[5, 12]:3fb47ae1
A[5, 6]:3e2aaaab,B[5, 12]:3eb851eb,C[5, 12]:3fc00000
A[5, 7]:3eaaaaab,B[5, 12]:3f6b851e,C[5, 12]:3ffae148
A[5, 8]:3f000000,B[5, 12]:3ef5c28f,C[5, 12]:40147ae1
A[5, 9]:3f2aaaab,B[5, 12]:3d23d70a,C[5, 12]:40170a3d
A[5, 10]:3f555556,B[5, 12]:3f199999,C[5, 12]:40470a3d
A[5, 11]:0,B[5, 12]:3e23d70a,C[5, 12]:40470a3d
A[5, 12]:3e2aaaab,B[5, 12]:3f3851eb,C[5, 12]:40528f5c
A[5, 13]:3eaaaaab,B[5, 12]:3e8f5c29,C[5, 12]:405b851f
A[5, 14]:3f000000,B[5, 12]:3f570a3d,C[5, 12]:4081eb85
A[5, 15]:3f2aaaab,B[5, 12]:3ecccccc,C[5, 12]:408eb852
A[5, 16]:3f555556,B[5, 12]:3f75c28f,C[5, 12]:40b51eb8
A[5, 17]:0,B[5, 12]:3f051eb8,C[5, 12]:40b51eb8
A[5, 18]:3e2aaaab,B[5, 12]:3da3d70a,C[5, 12]:40b5c28f
A[5, 19]:3eaaaaab,B[5, 12]:3f23d70a,C[5, 12]:40c00000
A[5, 20]:3f000000,B[5, 12]:3e4ccccc,C[5, 12]:40c4cccd
A[5, 21]:3f2aaaab,B[5, 12]:3f428f5c,C[5, 12]:40dd1eb8
A[5, 22]:3f555556,B[5, 12]:3ea3d70a,C[5, 12]:40e9eb85
A[5, 23]:0,B[5, 12]:3f6147ae,C[5, 12]:40e9eb85
A[5, 24]:3e2aaaab,B[5, 12]:3ee147ae,C[5, 12]:40ed70a4
A[5, 25]:3eaaaaab,B[5, 12]:0,C[5, 12]:40ed70a4
A[5, 26]:3f000000,B[5, 12]:3f0f5c29,C[5, 12]:40fae148
A[5, 27]:3f2aaaab,B[5, 12]:3df5c28f,C[5, 12]:40feb852
A[5, 28]:3f555556,B[5, 12]:3f2e147b,C[5, 12]:410cf5c3
A[5, 29]:0,B[5, 12]:3e75c28f,C[5, 12]:410cf5c3
A[5, 0]:3e2aaaab,B[5, 13]:0,C[5, 13]:3eb851ec
A[5, 1]:3eaaaaab,B[5, 13]:3f199999,C[5, 13]:3f28f5c2
A[5, 2]:3f000000,B[5, 13]:3e4ccccc,C[5, 13]:3f4f5c28
A[5, 3]:3f2aaaab,B[5, 13]:3f4ccccc,C[5, 13]:3fce147a
A[5, 4]:3f555556,B[5, 13]:3ecccccc,C[5, 13]:40070a3d
A[5, 5]:0,B[5, 13]:0,C[5, 13]:40070a3d
A[5, 6]:3e2aaaab,B[5, 13]:3f199999,C[5, 13]:4010a3d7
A[5, 7]:3eaaaaab,B[5, 13]:3e4ccccc,C[5, 13]:40170a3d
A[5, 8]:3f000000,B[5, 13]:3f4ccccc,C[5, 13]:403d70a3
A[5, 9]:3f2aaaab,B[5, 13]:3ecccccc,C[5, 13]:40570a3c
A[5, 10]:3f555556,B[5, 13]:0,C[5, 13]:40570a3c
A[5, 11]:0,B[5, 13]:3f199999,C[5, 13]:40570a3c
A[5, 12]:3e2aaaab,B[5, 13]:3e4ccccc,C[5, 13]:405a3d6f
A[5, 13]:3eaaaaab,B[5, 13]:3f4ccccc,C[5, 13]:4073d708
A[5, 14]:3f000000,B[5, 13]:3ecccccc,C[5, 13]:4083851e
A[5, 15]:3f2aaaab,B[5, 13]:0,C[5, 13]:4083851e
A[5, 16]:3f555556,B[5, 13]:3f199999,C[5, 13]:409b851e
A[5, 17]:0,B[5, 13]:3e4ccccc,C[5, 13]:409b851e
A[5, 18]:3e2aaaab,B[5, 13]:3f4ccccc,C[5, 13]:40a1eb84
A[5, 19]:3eaaaaab,B[5, 13]:3ecccccc,C[5, 13]:40a851ea
A[5, 20]:3f000000,B[5, 13]:0,C[5, 13]:40a851ea
A[5, 21]:3f2aaaab,B[5, 13]:3f199999,C[5, 13]:40bb851d
A[5, 22]:3f555556,B[5, 13]:3e4ccccc,C[5, 13]:40c3851d
A[5, 23]:0,B[5, 13]:3f4ccccc,C[5, 13]:40c3851d
A[5, 24]:3e2aaaab,B[5, 13]:3ecccccc,C[5, 13]:40c6b850
A[5, 25]:3eaaaaab,B[5, 13]:0,C[5, 13]:40c6b850
A[5, 26]:3f000000,B[5, 13]:3f199999,C[5, 13]:40d51eb6
A[5, 27]:3f2aaaab,B[5, 13]:3e4ccccc,C[5, 13]:40db851c
A[5, 28]:3f555556,B[5, 13]:3f4ccccc,C[5, 13]:40fb851c
A[5, 29]:0,B[5, 13]:3ecccccc,C[5, 13]:40fb851c
A[5, 0]:3e2aaaab,B[5, 14]:0,C[5, 14]:3f28f5c3
A[5, 1]:3eaaaaab,B[5, 14]:3f23d70a,C[5, 14]:3f7ae148
A[5, 2]:3f000000,B[5, 14]:3e8f5c29,C[5, 14]:3f9851ec
A[5, 3]:3f2aaaab,B[5, 14]:3f6b851e,C[5, 14]:40070a3e
A[5, 4]:3f555556,B[5, 14]:3f0f5c29,C[5, 14]:4033d70b
A[5, 5]:0,B[5, 14]:3e4ccccc,C[5, 14]:4033d70b
A[5, 6]:3e2aaaab,B[5, 14]:3f570a3d,C[5, 14]:404147af
A[5, 7]:3eaaaaab,B[5, 14]:3ef5c28f,C[5, 14]:4050a3d8
A[5, 8]:3f000000,B[5, 14]:3df5c28f,C[5, 14]:40566667
A[5, 9]:3f2aaaab,B[5, 14]:3f428f5c,C[5, 14]:4083851f
A[5, 10]:3f555556,B[5, 14]:3ecccccc,C[5, 14]:4093851f
A[5, 11]:0,B[5, 14]:3d23d70a,C[5, 14]:4093851f
A[5, 12]:3e2aaaab,B[5, 14]:3f2e147b,C[5, 14]:4098f5c3
A[5, 13]:3eaaaaab,B[5, 14]:3ea3d70a,C[5, 14]:409e147b
A[5, 14]:3f000000,B[5, 14]:3f75c28f,C[5, 14]:40b51eb8
A[5, 15]:3f2aaaab,B[5, 14]:3f199999,C[5, 14]:40c851eb
A[5, 16]:3f555556,B[5, 14]:3e75c28f,C[5, 14]:40d1eb85
A[5, 17]:0,B[5, 14]:3f6147ae,C[5, 14]:40d1eb85
A[5, 18]:3e2aaaab,B[5, 14]:3f051eb8,C[5, 14]:40d6147b
A[5, 19]:3eaaaaab,B[5, 14]:3e23d70a,C[5, 14]:40d8a3d7
A[5, 20]:3f000000,B[5, 14]:3f4ccccc,C[5, 14]:40ebd70a
A[5, 21]:3f2aaaab,B[5, 14]:3ee147ae,C[5, 14]:40f9eb85
A[5, 22]:3f555556,B[5, 14]:3da3d70a,C[5, 14]:40fd1eb8
A[5, 23]:0,B[5, 14]:3f3851eb,C[5, 14]:40fd1eb8
A[5, 24]:3e2aaaab,B[5, 14]:3eb851eb,C[5, 14]:41000000
A[5, 25]:3eaaaaab,B[5, 14]:0,C[5, 14]:41000000
A[5, 26]:3f000000,B[5, 14]:3f23d70a,C[5, 14]:4107ae14
A[5, 27]:3f2aaaab,B[5, 14]:3e8f5c29,C[5, 14]:410c28f5
A[5, 28]:3f555556,B[5, 14]:3f6b851e,C[5, 14]:411e8f5b
A[5, 29]:0,B[5, 14]:3f0f5c29,C[5, 14]:411e8f5b
A[5, 0]:3e2aaaab,B[5, 15]:0,C[5, 15]:3f75c290
A[5, 1]:3eaaaaab,B[5, 15]:3f2e147b,C[5, 15]:3fa66667
A[5, 2]:3f000000,B[5, 15]:3eb851eb,C[5, 15]:3fc8f5c3
A[5, 3]:3f2aaaab,B[5, 15]:3d23d70a,C[5, 15]:3fce147b
A[5, 4]:3f555556,B[5, 15]:3f3851eb,C[5, 15]:4020a3d7
A[5, 5]:0,B[5, 15]:3ecccccc,C[5, 15]:4020a3d7
A[5, 6]:3e2aaaab,B[5, 15]:3da3d70a,C[5, 15]:4021eb85
A[5, 7]:3eaaaaab,B[5, 15]:3f428f5c,C[5, 15]:403a3d70
A[5, 8]:3f000000,B[5, 15]:3ee147ae,C[5, 15]:404f5c28
A[5, 9]:3f2aaaab,B[5, 15]:3df5c28f,C[5, 15]:40570a3c
A[5, 10]:3f555556,B[5, 15]:3f4ccccc,C[5, 15]:408b851e
A[5, 11]:0,B[5, 15]:3ef5c28f,C[5, 15]:408b851e
A[5, 12]:3e2aaaab,B[5, 15]:3e23d70a,C[5, 15]:408ccccc
A[5, 13]:3eaaaaab,B[5, 15]:3f570a3d,C[5, 15]:409a3d70
A[5, 14]:3f000000,B[5, 15]:3f051eb8,C[5, 15]:40a6b851
A[5, 15]:3f2aaaab,B[5, 15]:3e4ccccc,C[5, 15]:40ad1eb7
A[5, 16]:3f555556,B[5, 15]:3f6147ae,C[5, 15]:40d051ea
A[5, 17]:0,B[5, 15]:3f0f5c29,C[5, 15]:40d051ea
A[5, 18]:3e2aaaab,B[5, 15]:3e75c28f,C[5, 15]:40d23d6f
A[5, 19]:3eaaaaab,B[5, 15]:3f6b851e,C[5, 15]:40e0f5c1
A[5, 20]:3f000000,B[5, 15]:3f199999,C[5, 15]:40ef5c27
A[5, 21]:3f2aaaab,B[5, 15]:3e8f5c29,C[5, 15]:40f851ea
A[5, 22]:3f555556,B[5, 15]:3f75c28f,C[5, 15]:410f5c28
A[5, 23]:0,B[5, 15]:3f23d70a,C[5, 15]:410f5c28
A[5, 24]:3e2aaaab,B[5, 15]:3ea3d70a,C[5, 15]:4110a3d6
A[5, 25]:3eaaaaab,B[5, 15]:0,C[5, 15]:4110a3d6
A[5, 26]:3f000000,B[5, 15]:3f2e147b,C[5, 15]:4118cccc
A[5, 27]:3f2aaaab,B[5, 15]:3eb851eb,C[5, 15]:411e8f5b
A[5, 28]:3f555556,B[5, 15]:3d23d70a,C[5, 15]:411f5c28
A[5, 29]:0,B[5, 15]:3f3851eb,C[5, 15]:411f5c28
A[5, 0]:3e2aaaab,B[5, 16]:0,C[5, 16]:3d75c290
A[5, 1]:3eaaaaab,B[5, 16]:3f3851eb,C[5, 16]:3ed70a3d
A[5, 2]:3f000000,B[5, 16]:3ee147ae,C[5, 16]:3f400000
A[5, 3]:3f2aaaab,B[5, 16]:3e23d70a,C[5, 16]:3f68f5c2
A[5, 4]:3f555556,B[5, 16]:3f6147ae,C[5, 16]:4000a3d7
A[5, 5]:0,B[5, 16]:3f199999,C[5, 16]:4000a3d7
A[5, 6]:3e2aaaab,B[5, 16]:3ea3d70a,C[5, 16]:4005c28f
A[5, 7]:3eaaaaab,B[5, 16]:3d23d70a,C[5, 16]:40070a3d
A[5, 8]:3f000000,B[5, 16]:3f428f5c,C[5, 16]:402b851e
A[5, 9]:3f2aaaab,B[5, 16]:3ef5c28f,C[5, 16]:404a3d70
A[5, 10]:3f555556,B[5, 16]:3e4ccccc,C[5, 16]:405a3d70
A[5, 11]:0,B[5, 16]:3f6b851e,C[5, 16]:405a3d70
A[5, 12]:3e2aaaab,B[5, 16]:3f23d70a,C[5, 16]:40647ae1
A[5, 13]:3eaaaaab,B[5, 16]:3eb851eb,C[5, 16]:40700000
A[5, 14]:3f000000,B[5, 16]:3da3d70a,C[5, 16]:4073d70a
A[5, 15]:3f2aaaab,B[5, 16]:3f4ccccc,C[5, 16]:4093851e
A[5, 16]:3f555556,B[5, 16]:3f051eb8,C[5, 16]:40a851eb
A[5, 17]:0,B[5, 16]:3e75c28f,C[5, 16]:40a851eb
A[5, 18]:3e2aaaab,B[5, 16]:3f75c28f,C[5, 16]:40afffff
A[5, 19]:3eaaaaab,B[5, 16]:3f2e147b,C[5, 16]:40bae147
A[5, 20]:3f000000,B[5, 16]:3ecccccc,C[5, 16]:40c47ae1
A[5, 21]:3f2aaaab,B[5, 16]:3df5c28f,C[5, 16]:40c851eb
A[5, 22]:3f555556,B[5, 16]:3f570a3d,C[5, 16]:40e9eb84
A[5, 23]:0,B[5, 16]:3f0f5c29,C[5, 16]:40e9eb84
A[5, 24]:3e2aaaab,B[5, 16]:3e8f5c29,C[5, 16]:40ec28f5
A[5, 25]:3eaaaaab,B[5, 16]:0,C[5, 16]:40ec28f5
A[5, 26]:3f000000,B[5, 16]:3f3851eb,C[5, 16]:40fd70a3
A[5, 27]:3f2aaaab,B[5, 16]:3ee147ae,C[5, 16]:4105c28f
A[5, 28]:3f555556,B[5, 16]:3e23d70a,C[5, 16]:4108f5c2
A[5, 29]:0,B[5, 16]:3f6147ae,C[5, 16]:4108f5c2
A[5, 0]:3e2aaaab,B[5, 17]:0,C[5, 17]:3eb851ec
A[5, 1]:3eaaaaab,B[5, 17]:3f428f5c,C[5, 17]:3f3d70a4
A[5, 2]:3f000000,B[5, 17]:3f051eb8,C[5, 17]:3f90a3d7
A[5, 3]:3f2aaaab,B[5, 17]:3e8f5c29,C[5, 17]:3fb47ae1
A[5, 4]:3f555556,B[5, 17]:3d23d70a,C[5, 17]:3fbae147
A[5, 5]:0,B[5, 17]:3f4ccccc,C[5, 17]:3fbae147
A[5, 6]:3e2aaaab,B[5, 17]:3f0f5c29,C[5, 17]:3fcccccc
A[5, 7]:3eaaaaab,B[5, 17]:3ea3d70a,C[5, 17]:3fe147ad
A[5, 8]:3f000000,B[5, 17]:3da3d70a,C[5, 17]:3fe8f5c1
A[5, 9]:3f2aaaab,B[5, 17]:3f570a3d,C[5, 17]:402a3d70
A[5, 10]:3f555556,B[5, 17]:3f199999,C[5, 17]:405a3d70
A[5, 11]:0,B[5, 17]:3eb851eb,C[5, 17]:405a3d70
A[5, 12]:3e2aaaab,B[5, 17]:3df5c28f,C[5, 17]:405c28f5
A[5, 13]:3eaaaaab,B[5, 17]:3f6147ae,C[5, 17]:407851eb
A[5, 14]:3f000000,B[5, 17]:3f23d70a,C[5, 17]:408b851e
A[5, 15]:3f2aaaab,B[5, 17]:3ecccccc,C[5, 17]:409851eb
A[5, 16]:3f555556,B[5, 17]:3e23d70a,C[5, 17]:409eb851
A[5, 17]:0,B[5, 17]:3f6b851e,C[5, 17]:409eb851
A[5, 18]:3e2aaaab,B[5, 17]:3f2e147b,C[5, 17]:40a428f5
A[5, 19]:3eaaaaab,B[5, 17]:3ee147ae,C[5, 17]:40ab3332
A[5, 20]:3f000000,B[5, 17]:3e4ccccc,C[5, 17]:40afffff
A[5, 21]:3f2aaaab,B[5, 17]:3f75c28f,C[5, 17]:40ceb851
A[5, 22]:3f555556,B[5, 17]:3f3851eb,C[5, 17]:40eb851e
A[5, 23]:0,B[5, 17]:3ef5c28f,C[5, 17]:40eb851e
A[5, 24]:3e2aaaab,B[5, 17]:3e75c28f,C[5, 17]:40ed70a3
A[5, 25]:3eaaaaab,B[5, 17]:0,C[5, 17]:40ed70a3
A[5, 26]:3f000000,B[5, 17]:3f428f5c,C[5, 17]:40ffae14
A[5, 27]:3f2aaaab,B[5, 17]:3f051eb8,C[5, 17]:410828f6
A[5, 28]:3f555556,B[5, 17]:3e8f5c29,C[5, 17]:410dc290
A[5, 29]:0,B[5, 17]:3d23d70a,C[5, 17]:410dc290
A[5, 0]:3e2aaaab,B[5, 18]:0,C[5, 18]:3f28f5c3
A[5, 1]:3eaaaaab,B[5, 18]:3f4ccccc,C[5, 18]:3f87ae14
A[5, 2]:3f000000,B[5, 18]:3f199999,C[5, 18]:3fc147ae
A[5, 3]:3f2aaaab,B[5, 18]:3ecccccc,C[5, 18]:3ff47ae1
A[5, 4]:3f555556,B[5, 18]:3e4ccccc,C[5, 18]:400a3d70
A[5, 5]:0,B[5, 18]:0,C[5, 18]:400a3d70
A[5, 6]:3e2aaaab,B[5, 18]:3f4ccccc,C[5, 18]:40170a3d
A[5, 7]:3eaaaaab,B[5, 18]:3f199999,C[5, 18]:402a3d70
A[5, 8]:3f000000,B[5, 18]:3ecccccc,C[5, 18]:403d70a3
A[5, 9]:3f2aaaab,B[5, 18]:3e4ccccc,C[5, 18]:404a3d70
A[5, 10]:3f555556,B[5, 18]:0,C[5, 18]:404a3d70
A[5, 11]:0,B[5, 18]:3f4ccccc,C[5, 18]:404a3d70
A[5, 12]:3e2aaaab,B[5, 18]:3f199999,C[5, 18]:4053d70a
A[5, 13]:3eaaaaab,B[5, 18]:3ecccccc,C[5, 18]:4060a3d7
A[5, 14]:3f000000,B[5, 18]:3e4ccccc,C[5, 18]:406a3d71
A[5, 15]:3f2aaaab,B[5, 18]:0,C[5, 18]:406a3d71
A[5, 16]:3f555556,B[5, 18]:3f4ccccc,C[5, 18]:40951eb8
A[5, 17]:0,B[5, 18]:3f199999,C[5, 18]:40951eb8
A[5, 18]:3e2aaaab,B[5, 18]:3ecccccc,C[5, 18]:409851eb
A[5, 19]:3eaaaaab,B[5, 18]:3e4ccccc,C[5, 18]:409b851e
A[5, 20]:3f000000,B[5, 18]:0,C[5, 18]:409b851e
A[5, 21]:3f2aaaab,B[5, 18]:3f4ccccc,C[5, 18]:40b51eb8
A[5, 22]:3f555556,B[5, 18]:3f199999,C[5, 18]:40cd1eb8
A[5, 23]:0,B[5, 18]:3ecccccc,C[5, 18]:40cd1eb8
A[5, 24]:3e2aaaab,B[5, 18]:3e4ccccc,C[5, 18]:40ceb852
A[5, 25]:3eaaaaab,B[5, 18]:0,C[5, 18]:40ceb852
A[5, 26]:3f000000,B[5, 18]:3f4ccccc,C[5, 18]:40e1eb85
A[5, 27]:3f2aaaab,B[5, 18]:3f199999,C[5, 18]:40f51eb8
A[5, 28]:3f555556,B[5, 18]:3ecccccc,C[5, 18]:41028f5c
A[5, 29]:0,B[5, 18]:3e4ccccc,C[5, 18]:41028f5c
A[5, 0]:3e2aaaab,B[5, 19]:0,C[5, 19]:3f75c290
A[5, 1]:3eaaaaab,B[5, 19]:3f570a3d,C[5, 19]:3fb0a3d7
A[5, 2]:3f000000,B[5, 19]:3f2e147b,C[5, 19]:3ff1eb85
A[5, 3]:3f2aaaab,B[5, 19]:3f051eb8,C[5, 19]:401a3d70
A[5, 4]:3f555556,B[5, 19]:3eb851eb,C[5, 19]:40370a3d
A[5, 5]:0,B[5, 19]:3e4ccccc,C[5, 19]:40370a3d
A[5, 6]:3e2aaaab,B[5, 19]:3d23d70a,C[5, 19]:4037ae14
A[5, 7]:3eaaaaab,B[5, 19]:3f6147ae,C[5, 19]:4053d70a
A[5, 8]:3f000000,B[5, 19]:3f3851eb,C[5, 19]:40766666
A[5, 9]:3f2aaaab,B[5, 19]:3f0f5c29,C[5, 19]:408d1eb8
A[5, 10]:3f555556,B[5, 19]:3ecccccc,C[5, 19]:409d1eb8
A[5, 11]:0,B[5, 19]:3e75c28f,C[5, 19]:409d1eb8
A[5, 12]:3e2aaaab,B[5, 19]:3da3d70a,C[5, 19]:409dc28f
A[5, 13]:3eaaaaab,B[5, 19]:3f6b851e,C[5, 19]:40ac7ae1
A[5, 14]:3f000000,B[5, 19]:3f428f5c,C[5, 19]:40beb852
A[5, 15]:3f2aaaab,B[5, 19]:3f199999,C[5, 19]:40d1eb85
A[5, 16]:3f555556,B[5, 19]:3ee147ae,C[5, 19]:40e3851f
A[5, 17]:0,B[5, 19]:3e8f5c29,C[5, 19]:40e3851f
A[5, 18]:3e2aaaab,B[5, 19]:3df5c28f,C[5, 19]:40e47ae2
A[5, 19]:3eaaaaab,B[5, 19]:3f75c28f,C[5, 19]:40f3d70b
A[5, 20]:3f000000,B[5, 19]:3f4ccccc,C[5, 19]:4103851f
A[5, 21]:3f2aaaab,B[5, 19]:3f23d70a,C[5, 19]:410dc290
A[5, 22]:3f555556,B[5, 19]:3ef5c28f,C[5, 19]:41175c2a
A[5, 23]:0,B[5, 19]:3ea3d70a,C[5, 19]:41175c2a
A[5, 24]:3e2aaaab,B[5, 19]:3e23d70a,C[5, 19]:41180001
A[5, 25]:3eaaaaab,B[5, 19]:0,C[5, 19]:41180001
A[5, 26]:3f000000,B[5, 19]:3f570a3d,C[5, 19]:4122147c
A[5, 27]:3f2aaaab,B[5, 19]:3f2e147b,C[5, 19]:412cf5c4
A[5, 28]:3f555556,B[5, 19]:3f051eb8,C[5, 19]:41375c2a
A[5, 29]:0,B[5, 19]:3eb851eb,C[5, 19]:41375c2a
A[5, 0]:3e2aaaab,B[5, 20]:0,C[5, 20]:3d75c290
A[5, 1]:3eaaaaab,B[5, 20]:3f6147ae,C[5, 20]:3f000000
A[5, 2]:3f000000,B[5, 20]:3f428f5c,C[5, 20]:3f88f5c2
A[5, 3]:3f2aaaab,B[5, 20]:3f23d70a,C[5, 20]:3fdae147
A[5, 4]:3f555556,B[5, 20]:3f051eb8,C[5, 20]:40170a3d
A[5, 5]:0,B[5, 20]:3ecccccc,C[5, 20]:40170a3d
A[5, 6]:3e2aaaab,B[5, 20]:3e8f5c29,C[5, 20]:401b851e
A[5, 7]:3eaaaaab,B[5, 20]:3e23d70a,C[5, 20]:4020a3d6
A[5, 8]:3f000000,B[5, 20]:3d23d70a,C[5, 20]:40228f5b
A[5, 9]:3f2aaaab,B[5, 20]:3f6b851e,C[5, 20]:405d70a2
A[5, 10]:3f555556,B[5, 20]:3f4ccccc,C[5, 20]:408eb851
A[5, 11]:0,B[5, 20]:3f2e147b,C[5, 20]:408eb851
A[5, 12]:3e2aaaab,B[5, 20]:3f0f5c29,C[5, 20]:40933332
A[5, 13]:3eaaaaab,B[5, 20]:3ee147ae,C[5, 20]:409a3d6f
A[5, 14]:3f000000,B[5, 20]:3ea3d70a,C[5, 20]:40a1eb83
A[5, 15]:3f2aaaab,B[5, 20]:3e4ccccc,C[5, 20]:40a851e9
A[5, 16]:3f555556,B[5, 20]:3da3d70a,C[5, 20]:40ab851c
A[5, 17]:0,B[5, 20]:3f75c28f,C[5, 20]:40ab851c
A[5, 18]:3e2aaaab,B[5, 20]:3f570a3d,C[5, 20]:40b23d6e
A[5, 19]:3eaaaaab,B[5, 20]:3f3851eb,C[5, 20]:40bdc28d
A[5, 20]:3f000000,B[5, 20]:3f199999,C[5, 20]:40cc28f3
A[5, 21]:3f2aaaab,B[5, 20]:3ef5c28f,C[5, 20]:40db851c
A[5, 22]:3f555556,B[5, 20]:3eb851eb,C[5, 20]:40e9eb82
A[5, 23]:0,B[5, 20]:3e75c28f,C[5, 20]:40e9eb82
A[5, 24]:3e2aaaab,B[5, 20]:3df5c28f,C[5, 20]:40eae145
A[5, 25]:3eaaaaab,B[5, 20]:0,C[5, 20]:40eae145
A[5, 26]:3f000000,B[5, 20]:3f6147ae,C[5, 20]:40fffffd
A[5, 27]:3f2aaaab,B[5, 20]:3f428f5c,C[5, 20]:410c28f4
A[5, 28]:3f555556,B[5, 20]:3f23d70a,C[5, 20]:4118f5c1
A[5, 29]:0,B[5, 20]:3f051eb8,C[5, 20]:4118f5c1
A[5, 0]:3e2aaaab,B[5, 21]:0,C[5, 21]:3eb851ec
A[5, 1]:3eaaaaab,B[5, 21]:3f6b851e,C[5, 21]:3f51eb85
A[5, 2]:3f000000,B[5, 21]:3f570a3d,C[5, 21]:3fb9999a
A[5, 3]:3f2aaaab,B[5, 21]:3f428f5c,C[5, 21]:400d70a4
A[5, 4]:3f555556,B[5, 21]:3f2e147b,C[5, 21]:4043d70a
A[5, 5]:0,B[5, 21]:3f199999,C[5, 21]:4043d70a
A[5, 6]:3e2aaaab,B[5, 21]:3f051eb8,C[5, 21]:404c28f6
A[5, 7]:3eaaaaab,B[5, 21]:3ee147ae,C[5, 21]:405a3d71
A[5, 8]:3f000000,B[5, 21]:3eb851eb,C[5, 21]:406b851f
A[5, 9]:3f2aaaab,B[5, 21]:3e8f5c29,C[5, 21]:407d70a4
A[5, 10]:3f555556,B[5, 21]:3e4ccccc,C[5, 21]:4086b852
A[5, 11]:0,B[5, 21]:3df5c28f,C[5, 21]:4086b852
A[5, 12]:3e2aaaab,B[5, 21]:3d23d70a,C[5, 21]:40870a3e
A[5, 13]:3eaaaaab,B[5, 21]:3f75c28f,C[5, 21]:40966667
A[5, 14]:3f000000,B[5, 21]:3f6147ae,C[5, 21]:40ab851f
A[5, 15]:3f2aaaab,B[5, 21]:3f4ccccc,C[5, 21]:40c51eb8
A[5, 16]:3f555556,B[5, 21]:3f3851eb,C[5, 21]:40e1eb85
A[5, 17]:0,B[5, 21]:3f23d70a,C[5, 21]:40e1eb85
A[5, 18]:3e2aaaab,B[5, 21]:3f0f5c29,C[5, 21]:40e66666
A[5, 19]:3eaaaaab,B[5, 21]:3ef5c28f,C[5, 21]:40ee147a
A[5, 20]:3f000000,B[5, 21]:3ecccccc,C[5, 21]:40f7ae14
A[5, 21]:3f2aaaab,B[5, 21]:3ea3d70a,C[5, 21]:4100f5c2
A[5, 22]:3f555556,B[5, 21]:3e75c28f,C[5, 21]:4105c28f
A[5, 23]:0,B[5, 21]:3e23d70a,C[5, 21]:4105c28f
A[5, 24]:3e2aaaab,B[5, 21]:3da3d70a,C[5, 21]:4106147b
A[5, 25]:3eaaaaab,B[5, 21]:0,C[5, 21]:4106147b
A[5, 26]:3f000000,B[5, 21]:3f6b851e,C[5, 21]:41111eb8
A[5, 27]:3f2aaaab,B[5, 21]:3f570a3d,C[5, 21]:411e8f5c
A[5, 28]:3f555556,B[5, 21]:3f428f5c,C[5, 21]:412dc28f
A[5, 29]:0,B[5, 21]:3f2e147b,C[5, 21]:412dc28f
A[5, 0]:3e2aaaab,B[5, 22]:0,C[5, 22]:3f28f5c3
A[5, 1]:3eaaaaab,B[5, 22]:3f75c28f,C[5, 22]:3f91eb85
A[5, 2]:3f000000,B[5, 22]:3f6b851e,C[5, 22]:3fea3d70
A[5, 3]:3f2aaaab,B[5, 22]:3f6147ae,C[5, 22]:402d70a4
A[5, 4]:3f555556,B[5, 22]:3f570a3d,C[5, 22]:4070a3d7
A[5, 5]:0,B[5, 22]:3f4ccccc,C[5, 22]:4070a3d7
A[5, 6]:3e2aaaab,B[5, 22]:3f428f5c,C[5, 22]:407ccccd
A[5, 7]:3eaaaaab,B[5, 22]:3f3851eb,C[5, 22]:4089eb85
A[5, 8]:3f000000,B[5, 22]:3f2e147b,C[5, 22]:409a3d70
A[5, 9]:3f2aaaab,B[5, 22]:3f23d70a,C[5, 22]:40aeb851
A[5, 10]:3f555556,B[5, 22]:3f199999,C[5, 22]:40c6b851
A[5, 11]:0,B[5, 22]:3f0f5c29,C[5, 22]:40c6b851
A[5, 12]:3e2aaaab,B[5, 22]:3f051eb8,C[5, 22]:40cae147
A[5, 13]:3eaaaaab,B[5, 22]:3ef5c28f,C[5, 22]:40d28f5b
A[5, 14]:3f000000,B[5, 22]:3ee147ae,C[5, 22]:40dd1eb7
A[5, 15]:3f2aaaab,B[5, 22]:3ecccccc,C[5, 22]:40e9eb84
A[5, 16]:3f555556,B[5, 22]:3eb851eb,C[5, 22]:40f851ea
A[5, 17]:0,B[5, 22]:3ea3d70a,C[5, 22]:40f851ea
A[5, 18]:3e2aaaab,B[5, 22]:3e8f5c29,C[5, 22]:40fa8f5b
A[5, 19]:3eaaaaab,B[5, 22]:3e75c28f,C[5, 22]:40fe6665
A[5, 20]:3f000000,B[5, 22]:3e4ccccc,C[5, 22]:41019999
A[5, 21]:3f2aaaab,B[5, 22]:3e23d70a,C[5, 22]:410428f5
A[5, 22]:3f555556,B[5, 22]:3df5c28f,C[5, 22]:41068f5b
A[5, 23]:0,B[5, 22]:3da3d70a,C[5, 22]:41068f5b
A[5, 24]:3e2aaaab,B[5, 22]:3d23d70a,C[5, 22]:4106b851
A[5, 25]:3eaaaaab,B[5, 22]:0,C[5, 22]:4106b851
A[5, 26]:3f000000,B[5, 22]:3f75c28f,C[5, 22]:41123d70
A[5, 27]:3f2aaaab,B[5, 22]:3f6b851e,C[5, 22]:4120f5c2
A[5, 28]:3f555556,B[5, 22]:3f6147ae,C[5, 22]:41328f5c
A[5, 29]:0,B[5, 22]:3f570a3d,C[5, 22]:41328f5c
A[5, 0]:3e2aaaab,B[5, 23]:0,C[5, 23]:3f75c290
A[5, 1]:3eaaaaab,B[5, 23]:0,C[5, 23]:3f75c290
A[5, 2]:3f000000,B[5, 23]:0,C[5, 23]:3f75c290
A[5, 3]:3f2aaaab,B[5, 23]:0,C[5, 23]:3f75c290
A[5, 4]:3f555556,B[5, 23]:0,C[5, 23]:3f75c290
A[5, 5]:0,B[5, 23]:0,C[5, 23]:3f75c290
A[5, 6]:3e2aaaab,B[5, 23]:0,C[5, 23]:3f75c290
A[5, 7]:3eaaaaab,B[5, 23]:0,C[5, 23]:3f75c290
A[5, 8]:3f000000,B[5, 23]:0,C[5, 23]:3f75c290
A[5, 9]:3f2aaaab,B[5, 23]:0,C[5, 23]:3f75c290
A[5, 10]:3f555556,B[5, 23]:0,C[5, 23]:3f75c290
A[5, 11]:0,B[5, 23]:0,C[5, 23]:3f75c290
A[5, 12]:3e2aaaab,B[5, 23]:0,C[5, 23]:3f75c290
A[5, 13]:3eaaaaab,B[5, 23]:0,C[5, 23]:3f75c290
A[5, 14]:3f000000,B[5, 23]:0,C[5, 23]:3f75c290
A[5, 15]:3f2aaaab,B[5, 23]:0,C[5, 23]:3f75c290
A[5, 16]:3f555556,B[5, 23]:0,C[5, 23]:3f75c290
A[5, 17]:0,B[5, 23]:0,C[5, 23]:3f75c290
A[5, 18]:3e2aaaab,B[5, 23]:0,C[5, 23]:3f75c290
A[5, 19]:3eaaaaab,B[5, 23]:0,C[5, 23]:3f75c290
A[5, 20]:3f000000,B[5, 23]:0,C[5, 23]:3f75c290
A[5, 21]:3f2aaaab,B[5, 23]:0,C[5, 23]:3f75c290
A[5, 22]:3f555556,B[5, 23]:0,C[5, 23]:3f75c290
A[5, 23]:0,B[5, 23]:0,C[5, 23]:3f75c290
A[5, 24]:3e2aaaab,B[5, 23]:0,C[5, 23]:3f75c290
A[5, 25]:3eaaaaab,B[5, 23]:0,C[5, 23]:3f75c290
A[5, 26]:3f000000,B[5, 23]:0,C[5, 23]:3f75c290
A[5, 27]:3f2aaaab,B[5, 23]:0,C[5, 23]:3f75c290
A[5, 28]:3f555556,B[5, 23]:0,C[5, 23]:3f75c290
A[5, 29]:0,B[5, 23]:0,C[5, 23]:3f75c290
A[5, 0]:3e2aaaab,B[5, 24]:0,C[5, 24]:3d75c290
A[5, 1]:3eaaaaab,B[5, 24]:3d23d70a,C[5, 24]:3da3d70a
A[5, 2]:3f000000,B[5, 24]:3da3d70a,C[5, 24]:3e0f5c29
A[5, 3]:3f2aaaab,B[5, 24]:3df5c28f,C[5, 24]:3e851eb8
A[5, 4]:3f555556,B[5, 24]:3e23d70a,C[5, 24]:3eeb851e
A[5, 5]:0,B[5, 24]:3e4ccccc,C[5, 24]:3eeb851e
A[5, 6]:3e2aaaab,B[5, 24]:3e75c28f,C[5, 24]:3f051eb8
A[5, 7]:3eaaaaab,B[5, 24]:3e8f5c29,C[5, 24]:3f28f5c2
A[5, 8]:3f000000,B[5, 24]:3ea3d70a,C[5, 24]:3f666666
A[5, 9]:3f2aaaab,B[5, 24]:3eb851eb,C[5, 24]:3fa147ae
A[5, 10]:3f555556,B[5, 24]:3ecccccc,C[5, 24]:3fe147ae
A[5, 11]:0,B[5, 24]:3ee147ae,C[5, 24]:3fe147ae
A[5, 12]:3e2aaaab,B[5, 24]:3ef5c28f,C[5, 24]:3ff0a3d7
A[5, 13]:3eaaaaab,B[5, 24]:3f051eb8,C[5, 24]:4008f5c2
A[5, 14]:3f000000,B[5, 24]:3f0f5c29,C[5, 24]:4023d70a
A[5, 15]:3f2aaaab,B[5, 24]:3f199999,C[5, 24]:404a3d70
A[5, 16]:3f555556,B[5, 24]:3f23d70a,C[5, 24]:407d70a3
A[5, 17]:0,B[5, 24]:3f2e147b,C[5, 24]:407d70a3
A[5, 18]:3e2aaaab,B[5, 24]:3f3851eb,C[5, 24]:40847ae1
A[5, 19]:3eaaaaab,B[5, 24]:3f428f5c,C[5, 24]:4090a3d7
A[5, 20]:3f000000,B[5, 24]:3f4ccccc,C[5, 24]:40a3d70a
A[5, 21]:3f2aaaab,B[5, 24]:3f570a3d,C[5, 24]:40beb852
A[5, 22]:3f555556,B[5, 24]:3f6147ae,C[5, 24]:40e1eb85
A[5, 23]:0,B[5, 24]:3f6b851e,C[5, 24]:40e1eb85
A[5, 24]:3e2aaaab,B[5, 24]:3f75c28f,C[5, 24]:40e99999
A[5, 25]:3eaaaaab,B[5, 24]:0,C[5, 24]:40e99999
A[5, 26]:3f000000,B[5, 24]:3d23d70a,C[5, 24]:40ea8f5c
A[5, 27]:3f2aaaab,B[5, 24]:3da3d70a,C[5, 24]:40ed1eb8
A[5, 28]:3f555556,B[5, 24]:3df5c28f,C[5, 24]:40f1eb85
A[5, 29]:0,B[5, 24]:3e23d70a,C[5, 24]:40f1eb85

done computing: 5, print C
C[5, 0]:40f1eb83,C[5, 1]:410dc28f,C[5, 2]:41028f5c,C[5, 3]:41075c29,C[5, 4]:4118f5c1,C[5, 5]:411dc290,C[5, 6]:411a8f5c,C[5, 7]:411b5c29,C[5, 8]:40f1eb86,C[5, 9]:4119c28f,C[5, 10]:412e8f5c,C[5, 11]:410b5c2a,C[5, 12]:410cf5c3,C[5, 13]:40fb851c,C[5, 14]:411e8f5b,C[5, 15]:411f5c28,C[5, 16]:4108f5c2,C[5, 17]:410dc290,C[5, 18]:41028f5c,C[5, 19]:41375c2a,C[5, 20]:4118f5c1,C[5, 21]:412dc28f,C[5, 22]:41328f5c,C[5, 23]:3f75c290,C[5, 24]:40f1eb85,

//========================

Init I: 6
C[6, 0]:3d4ccccd->3d75c290,C[6, 1]:3eb33333->3ed70a3e,C[6, 2]:3f266667->3f47ae16,C[6, 3]:3f733333->3f91eb85,C[6, 4]:3e800000->3e99999a,C[6, 5]:3f0ccccd->3f28f5c3,C[6, 6]:3f59999a->3f828f5d,C[6, 7]:3e19999a->3e3851ec,C[6, 8]:3ee66667->3f0a3d71,C[6, 9]:3f400000->3f666667,C[6, 10]:3d4ccccd->3d75c290,C[6, 11]:3eb33333->3ed70a3e,C[6, 12]:3f266667->3f47ae16,C[6, 13]:3f733333->3f91eb85,C[6, 14]:3e800000->3e99999a,C[6, 15]:3f0ccccd->3f28f5c3,C[6, 16]:3f59999a->3f828f5d,C[6, 17]:3e19999a->3e3851ec,C[6, 18]:3ee66667->3f0a3d71,C[6, 19]:3f400000->3f666667,C[6, 20]:3d4ccccd->3d75c290,C[6, 21]:3eb33333->3ed70a3e,C[6, 22]:3f266667->3f47ae16,C[6, 23]:3f733333->3f91eb85,C[6, 24]:3e800000->3e99999a,
Start computing: 6
A[6, 0]:3e4cccce,B[6, 0]:0,C[6, 0]:3d75c290
A[6, 1]:3eccccce,B[6, 0]:3da3d70a,C[6, 0]:3ddd2f1b
A[6, 2]:3f19999a,B[6, 0]:3e23d70a,C[6, 0]:3e810625
A[6, 3]:3f4cccce,B[6, 0]:3e75c28f,C[6, 0]:3f0a3d71
A[6, 4]:0,B[6, 0]:3ea3d70a,C[6, 0]:3f0a3d71
A[6, 5]:3e4cccce,B[6, 0]:3ecccccc,C[6, 0]:3f28f5c3
A[6, 6]:3eccccce,B[6, 0]:3ef5c28f,C[6, 0]:3f72b022
A[6, 7]:3f19999a,B[6, 0]:3f0f5c29,C[6, 0]:3fb9db24
A[6, 8]:3f4cccce,B[6, 0]:3f23d70a,C[6, 0]:400e147c
A[6, 9]:0,B[6, 0]:3f3851eb,C[6, 0]:400e147c
A[6, 10]:3e4cccce,B[6, 0]:3f4ccccc,C[6, 0]:401d70a5
A[6, 11]:3eccccce,B[6, 0]:3f6147ae,C[6, 0]:403f3b66
A[6, 12]:3f19999a,B[6, 0]:3f75c28f,C[6, 0]:4076872d
A[6, 13]:3f4cccce,B[6, 0]:3d23d70a,C[6, 0]:4079999c
A[6, 14]:0,B[6, 0]:3df5c28f,C[6, 0]:4079999c
A[6, 15]:3e4cccce,B[6, 0]:3e4ccccc,C[6, 0]:407d70a6
A[6, 16]:3eccccce,B[6, 0]:3e8f5c29,C[6, 0]:40841895
A[6, 17]:3f19999a,B[6, 0]:3eb851eb,C[6, 0]:408e76ca
A[6, 18]:3f4cccce,B[6, 0]:3ee147ae,C[6, 0]:409f5c2a
A[6, 19]:0,B[6, 0]:3f051eb8,C[6, 0]:409f5c2a
A[6, 20]:3e4cccce,B[6, 0]:3f199999,C[6, 0]:40a51eb9
A[6, 21]:3eccccce,B[6, 0]:3f2e147b,C[6, 0]:40b22d0f
A[6, 22]:3f19999a,B[6, 0]:3f428f5c,C[6, 0]:40c81063
A[6, 23]:3f4cccce,B[6, 0]:3f570a3d,C[6, 0]:40e851ec
A[6, 24]:0,B[6, 0]:3f6b851e,C[6, 0]:40e851ec
A[6, 25]:3e4cccce,B[6, 0]:0,C[6, 0]:40e851ec
A[6, 26]:3eccccce,B[6, 0]:3da3d70a,C[6, 0]:40e9db23
A[6, 27]:3f19999a,B[6, 0]:3e23d70a,C[6, 0]:40ee76c9
A[6, 28]:3f4cccce,B[6, 0]:3e75c28f,C[6, 0]:40f7ae15
A[6, 29]:0,B[6, 0]:3ea3d70a,C[6, 0]:40f7ae15
A[6, 0]:3e4cccce,B[6, 1]:0,C[6, 1]:3ed70a3e
A[6, 1]:3eccccce,B[6, 1]:3df5c28f,C[6, 1]:3efbe76d
A[6, 2]:3f19999a,B[6, 1]:3e75c28f,C[6, 1]:3f353f7d
A[6, 3]:3f4cccce,B[6, 1]:3eb851eb,C[6, 1]:3f91eb85
A[6, 4]:0,B[6, 1]:3ef5c28f,C[6, 1]:3f91eb85
A[6, 5]:3e4cccce,B[6, 1]:3f199999,C[6, 1]:3fa8f5c2
A[6, 6]:3eccccce,B[6, 1]:3f3851eb,C[6, 1]:3fe04189
A[6, 7]:3f19999a,B[6, 1]:3f570a3d,C[6, 1]:40208312
A[6, 8]:3f4cccce,B[6, 1]:3f75c28f,C[6, 1]:406a3d70
A[6, 9]:0,B[6, 1]:3da3d70a,C[6, 1]:406a3d70
A[6, 10]:3e4cccce,B[6, 1]:3e4ccccc,C[6, 1]:406e147a
A[6, 11]:3eccccce,B[6, 1]:3ea3d70a,C[6, 1]:407a5e34
A[6, 12]:3f19999a,B[6, 1]:3ee147ae,C[6, 1]:4089db22
A[6, 13]:3f4cccce,B[6, 1]:3f0f5c29,C[6, 1]:409f5c28
A[6, 14]:0,B[6, 1]:3f2e147b,C[6, 1]:409f5c28
A[6, 15]:3e4cccce,B[6, 1]:3f4ccccc,C[6, 1]:40a70a3c
A[6, 16]:3eccccce,B[6, 1]:3f6b851e,C[6, 1]:40b8b438
A[6, 17]:3f19999a,B[6, 1]:3d23d70a,C[6, 1]:40b9db21
A[6, 18]:3f4cccce,B[6, 1]:3e23d70a,C[6, 1]:40bffffe
A[6, 19]:0,B[6, 1]:3e8f5c29,C[6, 1]:40bffffe
A[6, 20]:3e4cccce,B[6, 1]:3ecccccc,C[6, 1]:40c3d708
A[6, 21]:3eccccce,B[6, 1]:3f051eb8,C[6, 1]:40cdd2ef
A[6, 22]:3f19999a,B[6, 1]:3f23d70a,C[6, 1]:40e04187
A[6, 23]:3f4cccce,B[6, 1]:3f428f5c,C[6, 1]:40fd70a2
A[6, 24]:0,B[6, 1]:3f6147ae,C[6, 1]:40fd70a2
A[6, 25]:3e4cccce,B[6, 1]:0,C[6, 1]:40fd70a2
A[6, 26]:3eccccce,B[6, 1]:3df5c28f,C[6, 1]:40ffbe75
A[6, 27]:3f19999a,B[6, 1]:3e75c28f,C[6, 1]:410353f7
A[6, 28]:3f4cccce,B[6, 1]:3eb851eb,C[6, 1]:410a3d70
A[6, 29]:0,B[6, 1]:3ef5c28f,C[6, 1]:410a3d70
A[6, 0]:3e4cccce,B[6, 2]:0,C[6, 2]:3f47ae16
A[6, 1]:3eccccce,B[6, 2]:3e23d70a,C[6, 2]:3f60418b
A[6, 2]:3f19999a,B[6, 2]:3ea3d70a,C[6, 2]:3f94fdf5
A[6, 3]:3f4cccce,B[6, 2]:3ef5c28f,C[6, 2]:3fdeb854
A[6, 4]:0,B[6, 2]:3f23d70a,C[6, 2]:3fdeb854
A[6, 5]:3e4cccce,B[6, 2]:3f4ccccc,C[6, 2]:3ffd70a6
A[6, 6]:3eccccce,B[6, 2]:3f75c28f,C[6, 2]:40239582
A[6, 7]:3f19999a,B[6, 2]:3df5c28f,C[6, 2]:402a7efb
A[6, 8]:3f4cccce,B[6, 2]:3e8f5c29,C[6, 2]:40400001
A[6, 9]:0,B[6, 2]:3ee147ae,C[6, 2]:40400001
A[6, 10]:3e4cccce,B[6, 2]:3f199999,C[6, 2]:404b8520
A[6, 11]:3eccccce,B[6, 2]:3f428f5c,C[6, 2]:4068b43b
A[6, 12]:3f19999a,B[6, 2]:3f6b851e,C[6, 2]:408ed917
A[6, 13]:3f4cccce,B[6, 2]:3da3d70a,C[6, 2]:4091eb86
A[6, 14]:0,B[6, 2]:3e75c28f,C[6, 2]:4091eb86
A[6, 15]:3e4cccce,B[6, 2]:3ecccccc,C[6, 2]:4095c290
A[6, 16]:3eccccce,B[6, 2]:3f0f5c29,C[6, 2]:40a08313
A[6, 17]:3f19999a,B[6, 2]:3f3851eb,C[6, 2]:40b53f7e
A[6, 18]:3f4cccce,B[6, 2]:3f6147ae,C[6, 2]:40d70a3e
A[6, 19]:0,B[6, 2]:3d23d70a,C[6, 2]:40d70a3e
A[6, 20]:3e4cccce,B[6, 2]:3e4ccccc,C[6, 2]:40d8f5c3
A[6, 21]:3eccccce,B[6, 2]:3eb851eb,C[6, 2]:40dfdf3c
A[6, 22]:3f19999a,B[6, 2]:3f051eb8,C[6, 2]:40eed917
A[6, 23]:3f4cccce,B[6, 2]:3f2e147b,C[6, 2]:41047ae2
A[6, 24]:0,B[6, 2]:3f570a3d,C[6, 2]:41047ae2
A[6, 25]:3e4cccce,B[6, 2]:0,C[6, 2]:41047ae2
A[6, 26]:3eccccce,B[6, 2]:3e23d70a,C[6, 2]:41060419
A[6, 27]:3f19999a,B[6, 2]:3ea3d70a,C[6, 2]:410a9fbf
A[6, 28]:3f4cccce,B[6, 2]:3ef5c28f,C[6, 2]:4113d70b
A[6, 29]:0,B[6, 2]:3f23d70a,C[6, 2]:4113d70b
A[6, 0]:3e4cccce,B[6, 3]:0,C[6, 3]:3f91eb85
A[6, 1]:3eccccce,B[6, 3]:3e4ccccc,C[6, 3]:3fa147ae
A[6, 2]:3f19999a,B[6, 3]:3ecccccc,C[6, 3]:3fcf5c29
A[6, 3]:3f4cccce,B[6, 3]:3f199999,C[6, 3]:4015c28f
A[6, 4]:0,B[6, 3]:3f4ccccc,C[6, 3]:4015c28f
A[6, 5]:3e4cccce,B[6, 3]:0,C[6, 3]:4015c28f
A[6, 6]:3eccccce,B[6, 3]:3e4ccccc,C[6, 3]:401d70a3
A[6, 7]:3f19999a,B[6, 3]:3ecccccc,C[6, 3]:40347ae0
A[6, 8]:3f4cccce,B[6, 3]:3f199999,C[6, 3]:40628f5b
A[6, 9]:0,B[6, 3]:3f4ccccc,C[6, 3]:40628f5b
A[6, 10]:3e4cccce,B[6, 3]:0,C[6, 3]:40628f5b
A[6, 11]:3eccccce,B[6, 3]:3e4ccccc,C[6, 3]:406a3d6f
A[6, 12]:3f19999a,B[6, 3]:3ecccccc,C[6, 3]:4080a3d6
A[6, 13]:3f4cccce,B[6, 3]:3f199999,C[6, 3]:4097ae13
A[6, 14]:0,B[6, 3]:3f4ccccc,C[6, 3]:4097ae13
A[6, 15]:3e4cccce,B[6, 3]:0,C[6, 3]:4097ae13
A[6, 16]:3eccccce,B[6, 3]:3e4ccccc,C[6, 3]:409b851d
A[6, 17]:3f19999a,B[6, 3]:3ecccccc,C[6, 3]:40a70a3c
A[6, 18]:3f4cccce,B[6, 3]:3f199999,C[6, 3]:40be1479
A[6, 19]:0,B[6, 3]:3f4ccccc,C[6, 3]:40be1479
A[6, 20]:3e4cccce,B[6, 3]:0,C[6, 3]:40be1479
A[6, 21]:3eccccce,B[6, 3]:3e4ccccc,C[6, 3]:40c1eb83
A[6, 22]:3f19999a,B[6, 3]:3ecccccc,C[6, 3]:40cd70a2
A[6, 23]:3f4cccce,B[6, 3]:3f199999,C[6, 3]:40e47adf
A[6, 24]:0,B[6, 3]:3f4ccccc,C[6, 3]:40e47adf
A[6, 25]:3e4cccce,B[6, 3]:0,C[6, 3]:40e47adf
A[6, 26]:3eccccce,B[6, 3]:3e4ccccc,C[6, 3]:40e851e9
A[6, 27]:3f19999a,B[6, 3]:3ecccccc,C[6, 3]:40f3d708
A[6, 28]:3f4cccce,B[6, 3]:3f199999,C[6, 3]:410570a3
A[6, 29]:0,B[6, 3]:3f4ccccc,C[6, 3]:410570a3
A[6, 0]:3e4cccce,B[6, 4]:0,C[6, 4]:3e99999a
A[6, 1]:3eccccce,B[6, 4]:3e75c28f,C[6, 4]:3ee353f8
A[6, 2]:3f19999a,B[6, 4]:3ef5c28f,C[6, 4]:3f60418a
A[6, 3]:3f4cccce,B[6, 4]:3f3851eb,C[6, 4]:3fdeb852
A[6, 4]:0,B[6, 4]:3f75c28f,C[6, 4]:3fdeb852
A[6, 5]:3e4cccce,B[6, 4]:3e4ccccc,C[6, 4]:3fe66666
A[6, 6]:3eccccce,B[6, 4]:3ee147ae,C[6, 4]:40041893
A[6, 7]:3f19999a,B[6, 4]:3f2e147b,C[6, 4]:402b4395
A[6, 8]:3f4cccce,B[6, 4]:3f6b851e,C[6, 4]:4071eb84
A[6, 9]:0,B[6, 4]:3e23d70a,C[6, 4]:4071eb84
A[6, 10]:3e4cccce,B[6, 4]:3ecccccc,C[6, 4]:40799998
A[6, 11]:3eccccce,B[6, 4]:3f23d70a,C[6, 4]:40891686
A[6, 12]:3f19999a,B[6, 4]:3f6147ae,C[6, 4]:40a26e96
A[6, 13]:3f4cccce,B[6, 4]:3df5c28f,C[6, 4]:40a70a3c
A[6, 14]:0,B[6, 4]:3eb851eb,C[6, 4]:40a70a3c
A[6, 15]:3e4cccce,B[6, 4]:3f199999,C[6, 4]:40accccb
A[6, 16]:3eccccce,B[6, 4]:3f570a3d,C[6, 4]:40bced90
A[6, 17]:3f19999a,B[6, 4]:3da3d70a,C[6, 4]:40bf3b63
A[6, 18]:3f4cccce,B[6, 4]:3ea3d70a,C[6, 4]:40cb851d
A[6, 19]:0,B[6, 4]:3f0f5c29,C[6, 4]:40cb851d
A[6, 20]:3e4cccce,B[6, 4]:3f4ccccc,C[6, 4]:40d33331
A[6, 21]:3eccccce,B[6, 4]:3d23d70a,C[6, 4]:40d3f7cd
A[6, 22]:3f19999a,B[6, 4]:3e8f5c29,C[6, 4]:40dc082f
A[6, 23]:3f4cccce,B[6, 4]:3f051eb8,C[6, 4]:40effffe
A[6, 24]:0,B[6, 4]:3f428f5c,C[6, 4]:40effffe
A[6, 25]:3e4cccce,B[6, 4]:0,C[6, 4]:40effffe
A[6, 26]:3eccccce,B[6, 4]:3e75c28f,C[6, 4]:40f49ba4
A[6, 27]:3f19999a,B[6, 4]:3ef5c28f,C[6, 4]:4101374b
A[6, 28]:3f4cccce,B[6, 4]:3f3851eb,C[6, 4]:410f0a3d
A[6, 29]:0,B[6, 4]:3f75c28f,C[6, 4]:410f0a3d
A[6, 0]:3e4cccce,B[6, 5]:0,C[6, 5]:3f28f5c3
A[6, 1]:3eccccce,B[6, 5]:3e8f5c29,C[6, 5]:3f53f7d0
A[6, 2]:3f19999a,B[6, 5]:3f0f5c29,C[6, 5]:3faa7efa
A[6, 3]:3f4cccce,B[6, 5]:3f570a3d,C[6, 5]:4015c290
A[6, 4]:0,B[6, 5]:3df5c28f,C[6, 5]:4015c290
A[6, 5]:3e4cccce,B[6, 5]:3ecccccc,C[6, 5]:401d70a4
A[6, 6]:3eccccce,B[6, 5]:3f2e147b,C[6, 5]:40378d50
A[6, 7]:3f19999a,B[6, 5]:3f75c28f,C[6, 5]:406ed917
A[6, 8]:3f4cccce,B[6, 5]:3e75c28f,C[6, 5]:4080a3d7
A[6, 9]:0,B[6, 5]:3f051eb8,C[6, 5]:4080a3d7
A[6, 10]:3e4cccce,B[6, 5]:3f4ccccc,C[6, 5]:408851eb
A[6, 11]:3eccccce,B[6, 5]:3da3d70a,C[6, 5]:4089db22
A[6, 12]:3f19999a,B[6, 5]:3eb851eb,C[6, 5]:40943957
A[6, 13]:3f4cccce,B[6, 5]:3f23d70a,C[6, 5]:40accccc
A[6, 14]:0,B[6, 5]:3f6b851e,C[6, 5]:40accccc
A[6, 15]:3e4cccce,B[6, 5]:3e4ccccc,C[6, 5]:40aeb851
A[6, 16]:3eccccce,B[6, 5]:3ef5c28f,C[6, 5]:40b7ef9d
A[6, 17]:3f19999a,B[6, 5]:3f428f5c,C[6, 5]:40cdd2f1
A[6, 18]:3f4cccce,B[6, 5]:3d23d70a,C[6, 5]:40cf5c28
A[6, 19]:0,B[6, 5]:3ea3d70a,C[6, 5]:40cf5c28
A[6, 20]:3e4cccce,B[6, 5]:3f199999,C[6, 5]:40d51eb7
A[6, 21]:3eccccce,B[6, 5]:3f6147ae,C[6, 5]:40e60417
A[6, 22]:3f19999a,B[6, 5]:3e23d70a,C[6, 5]:40ea9fbd
A[6, 23]:3f4cccce,B[6, 5]:3ee147ae,C[6, 5]:40fb851d
A[6, 24]:0,B[6, 5]:3f3851eb,C[6, 5]:40fb851d
A[6, 25]:3e4cccce,B[6, 5]:0,C[6, 5]:40fb851d
A[6, 26]:3eccccce,B[6, 5]:3e8f5c29,C[6, 5]:410072af
A[6, 27]:3f19999a,B[6, 5]:3f0f5c29,C[6, 5]:41088311
A[6, 28]:3f4cccce,B[6, 5]:3f570a3d,C[6, 5]:4118a3d6
A[6, 29]:0,B[6, 5]:3df5c28f,C[6, 5]:4118a3d6
A[6, 0]:3e4cccce,B[6, 6]:0,C[6, 6]:3f828f5d
A[6, 1]:3eccccce,B[6, 6]:3ea3d70a,C[6, 6]:3f9b22d2
A[6, 2]:3f19999a,B[6, 6]:3f23d70a,C[6, 6]:3fe4dd30
A[6, 3]:3f4cccce,B[6, 6]:3f75c28f,C[6, 6]:403c28f6
A[6, 4]:0,B[6, 6]:3e8f5c29,C[6, 6]:403c28f6
A[6, 5]:3e4cccce,B[6, 6]:3f199999,C[6, 6]:4047ae15
A[6, 6]:3eccccce,B[6, 6]:3f6b851e,C[6, 6]:406b020d
A[6, 7]:3f19999a,B[6, 6]:3e75c28f,C[6, 6]:4078d4ff
A[6, 8]:3f4cccce,B[6, 6]:3f0f5c29,C[6, 6]:4091eb86
A[6, 9]:0,B[6, 6]:3f6147ae,C[6, 6]:4091eb86
A[6, 10]:3e4cccce,B[6, 6]:3e4ccccc,C[6, 6]:4093d70b
A[6, 11]:3eccccce,B[6, 6]:3f051eb8,C[6, 6]:409dd2f2
A[6, 12]:3f19999a,B[6, 6]:3f570a3d,C[6, 6]:40b60419
A[6, 13]:3f4cccce,B[6, 6]:3e23d70a,C[6, 6]:40bc28f6
A[6, 14]:0,B[6, 6]:3ef5c28f,C[6, 6]:40bc28f6
A[6, 15]:3e4cccce,B[6, 6]:3f4ccccc,C[6, 6]:40c3d70a
A[6, 16]:3eccccce,B[6, 6]:3df5c28f,C[6, 6]:40c624dd
A[6, 17]:3f19999a,B[6, 6]:3ee147ae,C[6, 6]:40d2d0e5
A[6, 18]:3f4cccce,B[6, 6]:3f428f5c,C[6, 6]:40f00000
A[6, 19]:0,B[6, 6]:3da3d70a,C[6, 6]:40f00000
A[6, 20]:3e4cccce,B[6, 6]:3ecccccc,C[6, 6]:40f3d70a
A[6, 21]:3eccccce,B[6, 6]:3f3851eb,C[6, 6]:4100d4fe
A[6, 22]:3f19999a,B[6, 6]:3d23d70a,C[6, 6]:41016873
A[6, 23]:3f4cccce,B[6, 6]:3eb851eb,C[6, 6]:410851ec
A[6, 24]:0,B[6, 6]:3f2e147b,C[6, 6]:410851ec
A[6, 25]:3e4cccce,B[6, 6]:0,C[6, 6]:410851ec
A[6, 26]:3eccccce,B[6, 6]:3ea3d70a,C[6, 6]:410b645b
A[6, 27]:3f19999a,B[6, 6]:3f23d70a,C[6, 6]:41149ba7
A[6, 28]:3f4cccce,B[6, 6]:3f75c28f,C[6, 6]:41270a3f
A[6, 29]:0,B[6, 6]:3e8f5c29,C[6, 6]:41270a3f
A[6, 0]:3e4cccce,B[6, 7]:0,C[6, 7]:3e3851ec
A[6, 1]:3eccccce,B[6, 7]:3eb851eb,C[6, 7]:3ecac084
A[6, 2]:3f19999a,B[6, 7]:3f3851eb,C[6, 7]:3f85a1cb
A[6, 3]:3f4cccce,B[6, 7]:3da3d70a,C[6, 7]:3f91eb85
A[6, 4]:0,B[6, 7]:3ee147ae,C[6, 7]:3f91eb85
A[6, 5]:3e4cccce,B[6, 7]:3f4ccccc,C[6, 7]:3fb0a3d7
A[6, 6]:3eccccce,B[6, 7]:3e23d70a,C[6, 7]:3fbced91
A[6, 7]:3f19999a,B[6, 7]:3f051eb8,C[6, 7]:3ff8d4fe
A[6, 8]:3f4cccce,B[6, 7]:3f6147ae,C[6, 7]:40400000
A[6, 9]:0,B[6, 7]:3e75c28f,C[6, 7]:40400000
A[6, 10]:3e4cccce,B[6, 7]:3f199999,C[6, 7]:404b851f
A[6, 11]:3eccccce,B[6, 7]:3f75c28f,C[6, 7]:4070624e
A[6, 12]:3f19999a,B[6, 7]:3ea3d70a,C[6, 7]:40816873
A[6, 13]:3f4cccce,B[6, 7]:3f2e147b,C[6, 7]:409b851f
A[6, 14]:0,B[6, 7]:3d23d70a,C[6, 7]:409b851f
A[6, 15]:3e4cccce,B[6, 7]:3ecccccc,C[6, 7]:409f5c29
A[6, 16]:3eccccce,B[6, 7]:3f428f5c,C[6, 7]:40adf3b6
A[6, 17]:3f19999a,B[6, 7]:3df5c28f,C[6, 7]:40b16872
A[6, 18]:3f4cccce,B[6, 7]:3ef5c28f,C[6, 7]:40c3d70a
A[6, 19]:0,B[6, 7]:3f570a3d,C[6, 7]:40c3d70a
A[6, 20]:3e4cccce,B[6, 7]:3e4ccccc,C[6, 7]:40c5c28f
A[6, 21]:3eccccce,B[6, 7]:3f0f5c29,C[6, 7]:40d08312
A[6, 22]:3f19999a,B[6, 7]:3f6b851e,C[6, 7]:40eb020c
A[6, 23]:3f4cccce,B[6, 7]:3e8f5c29,C[6, 7]:40f5c28f
A[6, 24]:0,B[6, 7]:3f23d70a,C[6, 7]:40f5c28f
A[6, 25]:3e4cccce,B[6, 7]:0,C[6, 7]:40f5c28f
A[6, 26]:3eccccce,B[6, 7]:3eb851eb,C[6, 7]:40fcac08
A[6, 27]:3f19999a,B[6, 7]:3f3851eb,C[6, 7]:4108b439
A[6, 28]:3f4cccce,B[6, 7]:3da3d70a,C[6, 7]:410a3d70
A[6, 29]:0,B[6, 7]:3ee147ae,C[6, 7]:410a3d70
A[6, 0]:3e4cccce,B[6, 8]:0,C[6, 8]:3f0a3d71
A[6, 1]:3eccccce,B[6, 8]:3ecccccc,C[6, 8]:3f47ae15
A[6, 2]:3f19999a,B[6, 8]:3f4ccccc,C[6, 8]:3fc00000
A[6, 3]:3f4cccce,B[6, 8]:3e4ccccc,C[6, 8]:3fdeb852
A[6, 4]:0,B[6, 8]:3f199999,C[6, 8]:3fdeb852
A[6, 5]:3e4cccce,B[6, 8]:0,C[6, 8]:3fdeb852
A[6, 6]:3eccccce,B[6, 8]:3ecccccc,C[6, 8]:3ffd70a4
A[6, 7]:3f19999a,B[6, 8]:3f4ccccc,C[6, 8]:402ccccd
A[6, 8]:3f4cccce,B[6, 8]:3e4ccccc,C[6, 8]:403c28f6
A[6, 9]:0,B[6, 8]:3f199999,C[6, 8]:403c28f6
A[6, 10]:3e4cccce,B[6, 8]:0,C[6, 8]:403c28f6
A[6, 11]:3eccccce,B[6, 8]:3ecccccc,C[6, 8]:404b851f
A[6, 12]:3f19999a,B[6, 8]:3f4ccccc,C[6, 8]:4079999a
A[6, 13]:3f4cccce,B[6, 8]:3e4ccccc,C[6, 8]:40847ae1
A[6, 14]:0,B[6, 8]:3f199999,C[6, 8]:40847ae1
A[6, 15]:3e4cccce,B[6, 8]:0,C[6, 8]:40847ae1
A[6, 16]:3eccccce,B[6, 8]:3ecccccc,C[6, 8]:408c28f5
A[6, 17]:3f19999a,B[6, 8]:3f4ccccc,C[6, 8]:40a33332
A[6, 18]:3f4cccce,B[6, 8]:3e4ccccc,C[6, 8]:40aae146
A[6, 19]:0,B[6, 8]:3f199999,C[6, 8]:40aae146
A[6, 20]:3e4cccce,B[6, 8]:0,C[6, 8]:40aae146
A[6, 21]:3eccccce,B[6, 8]:3ecccccc,C[6, 8]:40b28f5a
A[6, 22]:3f19999a,B[6, 8]:3f4ccccc,C[6, 8]:40c99997
A[6, 23]:3f4cccce,B[6, 8]:3e4ccccc,C[6, 8]:40d147ab
A[6, 24]:0,B[6, 8]:3f199999,C[6, 8]:40d147ab
A[6, 25]:3e4cccce,B[6, 8]:0,C[6, 8]:40d147ab
A[6, 26]:3eccccce,B[6, 8]:3ecccccc,C[6, 8]:40d8f5bf
A[6, 27]:3f19999a,B[6, 8]:3f4ccccc,C[6, 8]:40effffc
A[6, 28]:3f4cccce,B[6, 8]:3e4ccccc,C[6, 8]:40f7ae10
A[6, 29]:0,B[6, 8]:3f199999,C[6, 8]:40f7ae10
A[6, 0]:3e4cccce,B[6, 9]:0,C[6, 9]:3f666667
A[6, 1]:3eccccce,B[6, 9]:3ee147ae,C[6, 9]:3f94fdf4
A[6, 2]:3f19999a,B[6, 9]:3f6147ae,C[6, 9]:3ffa5e36
A[6, 3]:3f4cccce,B[6, 9]:3ea3d70a,C[6, 9]:4015c290
A[6, 4]:0,B[6, 9]:3f428f5c,C[6, 9]:4015c290
A[6, 5]:3e4cccce,B[6, 9]:3e4ccccc,C[6, 9]:4019999a
A[6, 6]:3eccccce,B[6, 9]:3f23d70a,C[6, 9]:40322d0f
A[6, 7]:3f19999a,B[6, 9]:3da3d70a,C[6, 9]:4036c8b5
A[6, 8]:3f4cccce,B[6, 9]:3f051eb8,C[6, 9]:405eb853
A[6, 9]:0,B[6, 9]:3f75c28f,C[6, 9]:405eb853
A[6, 10]:3e4cccce,B[6, 9]:3ecccccc,C[6, 9]:40666667
A[6, 11]:3eccccce,B[6, 9]:3f570a3d,C[6, 9]:408353f8
A[6, 12]:3f19999a,B[6, 9]:3e8f5c29,C[6, 9]:408b645a
A[6, 13]:3f4cccce,B[6, 9]:3f3851eb,C[6, 9]:40a70a3d
A[6, 14]:0,B[6, 9]:3e23d70a,C[6, 9]:40a70a3d
A[6, 15]:3e4cccce,B[6, 9]:3f199999,C[6, 9]:40accccc
A[6, 16]:3eccccce,B[6, 9]:3d23d70a,C[6, 9]:40ad9168
A[6, 17]:3f19999a,B[6, 9]:3ef5c28f,C[6, 9]:40bb645a
A[6, 18]:3f4cccce,B[6, 9]:3f6b851e,C[6, 9]:40deb852
A[6, 19]:0,B[6, 9]:3eb851eb,C[6, 9]:40deb852
A[6, 20]:3e4cccce,B[6, 9]:3f4ccccc,C[6, 9]:40e66666
A[6, 21]:3eccccce,B[6, 9]:3e75c28f,C[6, 9]:40eb020c
A[6, 22]:3f19999a,B[6, 9]:3f2e147b,C[6, 9]:40fe978d
A[6, 23]:3f4cccce,B[6, 9]:3df5c28f,C[6, 9]:41019999
A[6, 24]:0,B[6, 9]:3f0f5c29,C[6, 9]:41019999
A[6, 25]:3e4cccce,B[6, 9]:0,C[6, 9]:41019999
A[6, 26]:3eccccce,B[6, 9]:3ee147ae,C[6, 9]:4105d2f1
A[6, 27]:3f19999a,B[6, 9]:3f6147ae,C[6, 9]:41127ef9
A[6, 28]:3f4cccce,B[6, 9]:3ea3d70a,C[6, 9]:4118a3d6
A[6, 29]:0,B[6, 9]:3f428f5c,C[6, 9]:4118a3d6
A[6, 0]:3e4cccce,B[6, 10]:0,C[6, 10]:3d75c290
A[6, 1]:3eccccce,B[6, 10]:3ef5c28f,C[6, 10]:3eb22d0f
A[6, 2]:3f19999a,B[6, 10]:3f75c28f,C[6, 10]:3f9b22d1
A[6, 3]:3f4cccce,B[6, 10]:3ee147ae,C[6, 10]:3fdeb852
A[6, 4]:0,B[6, 10]:3f6b851e,C[6, 10]:3fdeb852
A[6, 5]:3e4cccce,B[6, 10]:3ecccccc,C[6, 10]:3fee147b
A[6, 6]:3eccccce,B[6, 10]:3f6147ae,C[6, 10]:4018d4fe
A[6, 7]:3f19999a,B[6, 10]:3eb851eb,C[6, 10]:402d9168
A[6, 8]:3f4cccce,B[6, 10]:3f570a3d,C[6, 10]:406e147a
A[6, 9]:0,B[6, 10]:3ea3d70a,C[6, 10]:406e147a
A[6, 10]:3e4cccce,B[6, 10]:3f4ccccc,C[6, 10]:407d70a3
A[6, 11]:3eccccce,B[6, 10]:3e8f5c29,C[6, 10]:40841893
A[6, 12]:3f19999a,B[6, 10]:3f428f5c,C[6, 10]:4099fbe7
A[6, 13]:3f4cccce,B[6, 10]:3e75c28f,C[6, 10]:40a33333
A[6, 14]:0,B[6, 10]:3f3851eb,C[6, 10]:40a33333
A[6, 15]:3e4cccce,B[6, 10]:3e4ccccc,C[6, 10]:40a51eb8
A[6, 16]:3eccccce,B[6, 10]:3f2e147b,C[6, 10]:40b22d0e
A[6, 17]:3f19999a,B[6, 10]:3e23d70a,C[6, 10]:40b6c8b4
A[6, 18]:3f4cccce,B[6, 10]:3f23d70a,C[6, 10]:40cf5c29
A[6, 19]:0,B[6, 10]:3df5c28f,C[6, 10]:40cf5c29
A[6, 20]:3e4cccce,B[6, 10]:3f199999,C[6, 10]:40d51eb8
A[6, 21]:3eccccce,B[6, 10]:3da3d70a,C[6, 10]:40d6a7ef
A[6, 22]:3f19999a,B[6, 10]:3f0f5c29,C[6, 10]:40e6c8b4
A[6, 23]:3f4cccce,B[6, 10]:3d23d70a,C[6, 10]:40e851eb
A[6, 24]:0,B[6, 10]:3f051eb8,C[6, 10]:40e851eb
A[6, 25]:3e4cccce,B[6, 10]:0,C[6, 10]:40e851eb
A[6, 26]:3eccccce,B[6, 10]:3ef5c28f,C[6, 10]:40f18937
A[6, 27]:3f19999a,B[6, 10]:3f75c28f,C[6, 10]:4106978d
A[6, 28]:3f4cccce,B[6, 10]:3ee147ae,C[6, 10]:410f0a3d
A[6, 29]:0,B[6, 10]:3f6b851e,C[6, 10]:410f0a3d
A[6, 0]:3e4cccce,B[6, 11]:0,C[6, 11]:3ed70a3e
A[6, 1]:3eccccce,B[6, 11]:3f051eb8,C[6, 11]:3f3b645a
A[6, 2]:3f19999a,B[6, 11]:3d23d70a,C[6, 11]:3f449ba6
A[6, 3]:3f4cccce,B[6, 11]:3f0f5c29,C[6, 11]:3fb851ec
A[6, 4]:0,B[6, 11]:3da3d70a,C[6, 11]:3fb851ec
A[6, 5]:3e4cccce,B[6, 11]:3f199999,C[6, 11]:3fcf5c29
A[6, 6]:3eccccce,B[6, 11]:3df5c28f,C[6, 11]:3fd89375
A[6, 7]:3f19999a,B[6, 11]:3f23d70a,C[6, 11]:401126ea
A[6, 8]:3f4cccce,B[6, 11]:3e23d70a,C[6, 11]:401d70a4
A[6, 9]:0,B[6, 11]:3f2e147b,C[6, 11]:401d70a4
A[6, 10]:3e4cccce,B[6, 11]:3e4ccccc,C[6, 11]:402147ae
A[6, 11]:3eccccce,B[6, 11]:3f3851eb,C[6, 11]:403ced91
A[6, 12]:3f19999a,B[6, 11]:3e75c28f,C[6, 11]:404ac083
A[6, 13]:3f4cccce,B[6, 11]:3f428f5c,C[6, 11]:40828f5c
A[6, 14]:0,B[6, 11]:3e8f5c29,C[6, 11]:40828f5c
A[6, 15]:3e4cccce,B[6, 11]:3f4ccccc,C[6, 11]:408a3d70
A[6, 16]:3eccccce,B[6, 11]:3ea3d70a,C[6, 11]:4090624d
A[6, 17]:3f19999a,B[6, 11]:3f570a3d,C[6, 11]:40a89374
A[6, 18]:3f4cccce,B[6, 11]:3eb851eb,C[6, 11]:40b66666
A[6, 19]:0,B[6, 11]:3f6147ae,C[6, 11]:40b66666
A[6, 20]:3e4cccce,B[6, 11]:3ecccccc,C[6, 11]:40ba3d70
A[6, 21]:3eccccce,B[6, 11]:3f6b851e,C[6, 11]:40cbe76c
A[6, 22]:3f19999a,B[6, 11]:3ee147ae,C[6, 11]:40d89374
A[6, 23]:3f4cccce,B[6, 11]:3f75c28f,C[6, 11]:40fd70a3
A[6, 24]:0,B[6, 11]:3ef5c28f,C[6, 11]:40fd70a3
A[6, 25]:3e4cccce,B[6, 11]:0,C[6, 11]:40fd70a3
A[6, 26]:3eccccce,B[6, 11]:3f051eb8,C[6, 11]:4103b645
A[6, 27]:3f19999a,B[6, 11]:3d23d70a,C[6, 11]:410449ba
A[6, 28]:3f4cccce,B[6, 11]:3f0f5c29,C[6, 11]:410f0a3d
A[6, 29]:0,B[6, 11]:3da3d70a,C[6, 11]:410f0a3d
A[6, 0]:3e4cccce,B[6, 12]:0,C[6, 12]:3f47ae16
A[6, 1]:3eccccce,B[6, 12]:3f0f5c29,C[6, 12]:3f8ed918
A[6, 2]:3f19999a,B[6, 12]:3df5c28f,C[6, 12]:3f9cac0a
A[6, 3]:3f4cccce,B[6, 12]:3f2e147b,C[6, 12]:40028f5d
A[6, 4]:0,B[6, 12]:3e75c28f,C[6, 12]:40028f5d
A[6, 5]:3e4cccce,B[6, 12]:3f4ccccc,C[6, 12]:4011eb86
A[6, 6]:3eccccce,B[6, 12]:3eb851eb,C[6, 12]:401fbe78
A[6, 7]:3f19999a,B[6, 12]:3f6b851e,C[6, 12]:4054bc6c
A[6, 8]:3f4cccce,B[6, 12]:3ef5c28f,C[6, 12]:4079999b
A[6, 9]:0,B[6, 12]:3d23d70a,C[6, 12]:4079999b
A[6, 10]:3e4cccce,B[6, 12]:3f199999,C[6, 12]:40828f5d
A[6, 11]:3eccccce,B[6, 12]:3e23d70a,C[6, 12]:4085a1cc
A[6, 12]:3f19999a,B[6, 12]:3f3851eb,C[6, 12]:409a5e36
A[6, 13]:3f4cccce,B[6, 12]:3e8f5c29,C[6, 12]:40a51eb9
A[6, 14]:0,B[6, 12]:3f570a3d,C[6, 12]:40a51eb9
A[6, 15]:3e4cccce,B[6, 12]:3ecccccc,C[6, 12]:40a8f5c3
A[6, 16]:3eccccce,B[6, 12]:3f75c28f,C[6, 12]:40bb645b
A[6, 17]:3f19999a,B[6, 12]:3f051eb8,C[6, 12]:40ca5e36
A[6, 18]:3f4cccce,B[6, 12]:3da3d70a,C[6, 12]:40cd70a5
A[6, 19]:0,B[6, 12]:3f23d70a,C[6, 12]:40cd70a5
A[6, 20]:3e4cccce,B[6, 12]:3e4ccccc,C[6, 12]:40cf5c2a
A[6, 21]:3eccccce,B[6, 12]:3f428f5c,C[6, 12]:40ddf3b7
A[6, 22]:3f19999a,B[6, 12]:3ea3d70a,C[6, 12]:40e72b03
A[6, 23]:3f4cccce,B[6, 12]:3f6147ae,C[6, 12]:41047ae2
A[6, 24]:0,B[6, 12]:3ee147ae,C[6, 12]:41047ae2
A[6, 25]:3e4cccce,B[6, 12]:0,C[6, 12]:41047ae2
A[6, 26]:3eccccce,B[6, 12]:3f0f5c29,C[6, 12]:4109db24
A[6, 27]:3f19999a,B[6, 12]:3df5c28f,C[6, 12]:410b9582
A[6, 28]:3f4cccce,B[6, 12]:3f2e147b,C[6, 12]:4118a3d8
A[6, 29]:0,B[6, 12]:3e75c28f,C[6, 12]:4118a3d8
A[6, 0]:3e4cccce,B[6, 13]:0,C[6, 13]:3f91eb85
A[6, 1]:3eccccce,B[6, 13]:3f199999,C[6, 13]:3fc00000
A[6, 2]:3f19999a,B[6, 13]:3e4ccccc,C[6, 13]:3fd70a3d
A[6, 3]:3f4cccce,B[6, 13]:3f4ccccc,C[6, 13]:4028f5c2
A[6, 4]:0,B[6, 13]:3ecccccc,C[6, 13]:4028f5c2
A[6, 5]:3e4cccce,B[6, 13]:0,C[6, 13]:4028f5c2
A[6, 6]:3eccccce,B[6, 13]:3f199999,C[6, 13]:403fffff
A[6, 7]:3f19999a,B[6, 13]:3e4ccccc,C[6, 13]:404b851e
A[6, 8]:3f4cccce,B[6, 13]:3f4ccccc,C[6, 13]:40847ae1
A[6, 9]:0,B[6, 13]:3ecccccc,C[6, 13]:40847ae1
A[6, 10]:3e4cccce,B[6, 13]:0,C[6, 13]:40847ae1
A[6, 11]:3eccccce,B[6, 13]:3f199999,C[6, 13]:40900000
A[6, 12]:3f19999a,B[6, 13]:3e4ccccc,C[6, 13]:4095c28f
A[6, 13]:3f4cccce,B[6, 13]:3f4ccccc,C[6, 13]:40b47ae1
A[6, 14]:0,B[6, 13]:3ecccccc,C[6, 13]:40b47ae1
A[6, 15]:3e4cccce,B[6, 13]:0,C[6, 13]:40b47ae1
A[6, 16]:3eccccce,B[6, 13]:3f199999,C[6, 13]:40c00000
A[6, 17]:3f19999a,B[6, 13]:3e4ccccc,C[6, 13]:40c5c28f
A[6, 18]:3f4cccce,B[6, 13]:3f4ccccc,C[6, 13]:40e47ae1
A[6, 19]:0,B[6, 13]:3ecccccc,C[6, 13]:40e47ae1
A[6, 20]:3e4cccce,B[6, 13]:0,C[6, 13]:40e47ae1
A[6, 21]:3eccccce,B[6, 13]:3f199999,C[6, 13]:40f00000
A[6, 22]:3f19999a,B[6, 13]:3e4ccccc,C[6, 13]:40f5c28f
A[6, 23]:3f4cccce,B[6, 13]:3f4ccccc,C[6, 13]:410a3d70
A[6, 24]:0,B[6, 13]:3ecccccc,C[6, 13]:410a3d70
A[6, 25]:3e4cccce,B[6, 13]:0,C[6, 13]:410a3d70
A[6, 26]:3eccccce,B[6, 13]:3f199999,C[6, 13]:410fffff
A[6, 27]:3f19999a,B[6, 13]:3e4ccccc,C[6, 13]:4112e147
A[6, 28]:3f4cccce,B[6, 13]:3f4ccccc,C[6, 13]:41223d70
A[6, 29]:0,B[6, 13]:3ecccccc,C[6, 13]:41223d70
A[6, 0]:3e4cccce,B[6, 14]:0,C[6, 14]:3e99999a
A[6, 1]:3eccccce,B[6, 14]:3f23d70a,C[6, 14]:3f2f1aa0
A[6, 2]:3f19999a,B[6, 14]:3e8f5c29,C[6, 14]:3f6f9db2
A[6, 3]:3f4cccce,B[6, 14]:3f6b851e,C[6, 14]:40028f5c
A[6, 4]:0,B[6, 14]:3f0f5c29,C[6, 14]:40028f5c
A[6, 5]:3e4cccce,B[6, 14]:3e4ccccc,C[6, 14]:40066666
A[6, 6]:3eccccce,B[6, 14]:3f570a3d,C[6, 14]:4026a7ef
A[6, 7]:3f19999a,B[6, 14]:3ef5c28f,C[6, 14]:40424dd2
A[6, 8]:3f4cccce,B[6, 14]:3df5c28f,C[6, 14]:404b851e
A[6, 9]:0,B[6, 14]:3f428f5c,C[6, 14]:404b851e
A[6, 10]:3e4cccce,B[6, 14]:3ecccccc,C[6, 14]:40533332
A[6, 11]:3eccccce,B[6, 14]:3d23d70a,C[6, 14]:4054bc69
A[6, 12]:3f19999a,B[6, 14]:3f2e147b,C[6, 14]:407be76b
A[6, 13]:3f4cccce,B[6, 14]:3ea3d70a,C[6, 14]:408a3d70
A[6, 14]:0,B[6, 14]:3f75c28f,C[6, 14]:408a3d70
A[6, 15]:3e4cccce,B[6, 14]:3f199999,C[6, 14]:408fffff
A[6, 16]:3eccccce,B[6, 14]:3e75c28f,C[6, 14]:40949ba5
A[6, 17]:3f19999a,B[6, 14]:3f6147ae,C[6, 14]:40adf3b6
A[6, 18]:3f4cccce,B[6, 14]:3f051eb8,C[6, 14]:40c1eb85
A[6, 19]:0,B[6, 14]:3e23d70a,C[6, 14]:40c1eb85
A[6, 20]:3e4cccce,B[6, 14]:3f4ccccc,C[6, 14]:40c99999
A[6, 21]:3eccccce,B[6, 14]:3ee147ae,C[6, 14]:40d20c49
A[6, 22]:3f19999a,B[6, 14]:3da3d70a,C[6, 14]:40d45a1c
A[6, 23]:3f4cccce,B[6, 14]:3f3851eb,C[6, 14]:40efffff
A[6, 24]:0,B[6, 14]:3eb851eb,C[6, 14]:40efffff
A[6, 25]:3e4cccce,B[6, 14]:0,C[6, 14]:40efffff
A[6, 26]:3eccccce,B[6, 14]:3f23d70a,C[6, 14]:40fc49b9
A[6, 27]:3f19999a,B[6, 14]:3e8f5c29,C[6, 14]:41022d0e
A[6, 28]:3f4cccce,B[6, 14]:3f6b851e,C[6, 14]:4113d70a
A[6, 29]:0,B[6, 14]:3f0f5c29,C[6, 14]:4113d70a
A[6, 0]:3e4cccce,B[6, 15]:0,C[6, 15]:3f28f5c3
A[6, 1]:3eccccce,B[6, 15]:3f2e147b,C[6, 15]:3f88b43a
A[6, 2]:3f19999a,B[6, 15]:3eb851eb,C[6, 15]:3fb22d0f
A[6, 3]:3f4cccce,B[6, 15]:3d23d70a,C[6, 15]:3fb851ec
A[6, 4]:0,B[6, 15]:3f3851eb,C[6, 15]:3fb851ec
A[6, 5]:3e4cccce,B[6, 15]:3ecccccc,C[6, 15]:3fc7ae15
A[6, 6]:3eccccce,B[6, 15]:3da3d70a,C[6, 15]:3fcdd2f2
A[6, 7]:3f19999a,B[6, 15]:3f428f5c,C[6, 15]:4012b021
A[6, 8]:3f4cccce,B[6, 15]:3ee147ae,C[6, 15]:40347ae2
A[6, 9]:0,B[6, 15]:3df5c28f,C[6, 15]:40347ae2
A[6, 10]:3e4cccce,B[6, 15]:3f4ccccc,C[6, 15]:4043d70b
A[6, 11]:3eccccce,B[6, 15]:3ef5c28f,C[6, 15]:405645a3
A[6, 12]:3f19999a,B[6, 15]:3e23d70a,C[6, 15]:405f7cef
A[6, 13]:3f4cccce,B[6, 15]:3f570a3d,C[6, 15]:40900001
A[6, 14]:0,B[6, 15]:3f051eb8,C[6, 15]:40900001
A[6, 15]:3e4cccce,B[6, 15]:3e4ccccc,C[6, 15]:4091eb86
A[6, 16]:3eccccce,B[6, 15]:3f6147ae,C[6, 15]:40a2d0e6
A[6, 17]:3f19999a,B[6, 15]:3f0f5c29,C[6, 15]:40b2f1ab
A[6, 18]:3f4cccce,B[6, 15]:3e75c28f,C[6, 15]:40bc28f7
A[6, 19]:0,B[6, 15]:3f6b851e,C[6, 15]:40bc28f7
A[6, 20]:3e4cccce,B[6, 15]:3f199999,C[6, 15]:40c1eb86
A[6, 21]:3eccccce,B[6, 15]:3e8f5c29,C[6, 15]:40c74bc8
A[6, 22]:3f19999a,B[6, 15]:3f75c28f,C[6, 15]:40e2f1ab
A[6, 23]:3f4cccce,B[6, 15]:3f23d70a,C[6, 15]:40fb8520
A[6, 24]:0,B[6, 15]:3ea3d70a,C[6, 15]:40fb8520
A[6, 25]:3e4cccce,B[6, 15]:0,C[6, 15]:40fb8520
A[6, 26]:3eccccce,B[6, 15]:3f2e147b,C[6, 15]:410449bb
A[6, 27]:3f19999a,B[6, 15]:3eb851eb,C[6, 15]:410978d6
A[6, 28]:3f4cccce,B[6, 15]:3d23d70a,C[6, 15]:410a3d72
A[6, 29]:0,B[6, 15]:3f3851eb,C[6, 15]:410a3d72
A[6, 0]:3e4cccce,B[6, 16]:0,C[6, 16]:3f828f5d
A[6, 1]:3eccccce,B[6, 16]:3f3851eb,C[6, 16]:3fb9db24
A[6, 2]:3f19999a,B[6, 16]:3ee147ae,C[6, 16]:3fec8b45
A[6, 3]:3f4cccce,B[6, 16]:3e23d70a,C[6, 16]:40028f5d
A[6, 4]:0,B[6, 16]:3f6147ae,C[6, 16]:40028f5d
A[6, 5]:3e4cccce,B[6, 16]:3f199999,C[6, 16]:400e147c
A[6, 6]:3eccccce,B[6, 16]:3ea3d70a,C[6, 16]:401a5e36
A[6, 7]:3f19999a,B[6, 16]:3d23d70a,C[6, 16]:401cac09
A[6, 8]:3f4cccce,B[6, 16]:3f428f5c,C[6, 16]:40570a3e
A[6, 9]:0,B[6, 16]:3ef5c28f,C[6, 16]:40570a3e
A[6, 10]:3e4cccce,B[6, 16]:3e4ccccc,C[6, 16]:405ae148
A[6, 11]:3eccccce,B[6, 16]:3f6b851e,C[6, 16]:407e3540
A[6, 12]:3f19999a,B[6, 16]:3f23d70a,C[6, 16]:40918938
A[6, 13]:3f4cccce,B[6, 16]:3eb851eb,C[6, 16]:409f5c2a
A[6, 14]:0,B[6, 16]:3da3d70a,C[6, 16]:409f5c2a
A[6, 15]:3e4cccce,B[6, 16]:3f4ccccc,C[6, 16]:40a70a3e
A[6, 16]:3eccccce,B[6, 16]:3f051eb8,C[6, 16]:40b10625
A[6, 17]:3f19999a,B[6, 16]:3e75c28f,C[6, 16]:40b7ef9e
A[6, 18]:3f4cccce,B[6, 16]:3f75c28f,C[6, 16]:40dccccd
A[6, 19]:0,B[6, 16]:3f2e147b,C[6, 16]:40dccccd
A[6, 20]:3e4cccce,B[6, 16]:3ecccccc,C[6, 16]:40e0a3d7
A[6, 21]:3eccccce,B[6, 16]:3df5c28f,C[6, 16]:40e2f1aa
A[6, 22]:3f19999a,B[6, 16]:3f570a3d,C[6, 16]:40fb22d1
A[6, 23]:3f4cccce,B[6, 16]:3f0f5c29,C[6, 16]:410851ec
A[6, 24]:0,B[6, 16]:3e8f5c29,C[6, 16]:410851ec
A[6, 25]:3e4cccce,B[6, 16]:0,C[6, 16]:410851ec
A[6, 26]:3eccccce,B[6, 16]:3f3851eb,C[6, 16]:410f3b65
A[6, 27]:3f19999a,B[6, 16]:3ee147ae,C[6, 16]:41159169
A[6, 28]:3f4cccce,B[6, 16]:3e23d70a,C[6, 16]:4118a3d8
A[6, 29]:0,B[6, 16]:3f6147ae,C[6, 16]:4118a3d8
A[6, 0]:3e4cccce,B[6, 17]:0,C[6, 17]:3e3851ec
A[6, 1]:3eccccce,B[6, 17]:3f428f5c,C[6, 17]:3f22d0e6
A[6, 2]:3f19999a,B[6, 17]:3f051eb8,C[6, 17]:3f8d4fe0
A[6, 3]:3f4cccce,B[6, 17]:3e8f5c29,C[6, 17]:3fb851ec
A[6, 4]:0,B[6, 17]:3d23d70a,C[6, 17]:3fb851ec
A[6, 5]:3e4cccce,B[6, 17]:3f4ccccc,C[6, 17]:3fd70a3e
A[6, 6]:3eccccce,B[6, 17]:3f0f5c29,C[6, 17]:40010625
A[6, 7]:3f19999a,B[6, 17]:3ea3d70a,C[6, 17]:401374bd
A[6, 8]:3f4cccce,B[6, 17]:3da3d70a,C[6, 17]:4019999a
A[6, 9]:0,B[6, 17]:3f570a3d,C[6, 17]:4019999a
A[6, 10]:3e4cccce,B[6, 17]:3f199999,C[6, 17]:40251eb9
A[6, 11]:3eccccce,B[6, 17]:3eb851eb,C[6, 17]:4032f1ab
A[6, 12]:3f19999a,B[6, 17]:3df5c28f,C[6, 17]:4039db24
A[6, 13]:3f4cccce,B[6, 17]:3f6147ae,C[6, 17]:407d70a5
A[6, 14]:0,B[6, 17]:3f23d70a,C[6, 17]:407d70a5
A[6, 15]:3e4cccce,B[6, 17]:3ecccccc,C[6, 17]:40828f5d
A[6, 16]:3eccccce,B[6, 17]:3e23d70a,C[6, 17]:4085a1cc
A[6, 17]:3f19999a,B[6, 17]:3f6b851e,C[6, 17]:40a020c6
A[6, 18]:3f4cccce,B[6, 17]:3f2e147b,C[6, 17]:40ba3d72
A[6, 19]:0,B[6, 17]:3ee147ae,C[6, 17]:40ba3d72
A[6, 20]:3e4cccce,B[6, 17]:3e4ccccc,C[6, 17]:40bc28f7
A[6, 21]:3eccccce,B[6, 17]:3f75c28f,C[6, 17]:40ce978f
A[6, 22]:3f19999a,B[6, 17]:3f3851eb,C[6, 17]:40e353fa
A[6, 23]:3f4cccce,B[6, 17]:3ef5c28f,C[6, 17]:40f5c292
A[6, 24]:0,B[6, 17]:3e75c28f,C[6, 17]:40f5c292
A[6, 25]:3e4cccce,B[6, 17]:0,C[6, 17]:40f5c292
A[6, 26]:3eccccce,B[6, 17]:3f428f5c,C[6, 17]:41022d10
A[6, 27]:3f19999a,B[6, 17]:3f051eb8,C[6, 17]:4109a9fe
A[6, 28]:3f4cccce,B[6, 17]:3e8f5c29,C[6, 17]:410f0a40
A[6, 29]:0,B[6, 17]:3d23d70a,C[6, 17]:410f0a40
A[6, 0]:3e4cccce,B[6, 18]:0,C[6, 18]:3f0a3d71
A[6, 1]:3eccccce,B[6, 18]:3f4ccccc,C[6, 18]:3f828f5c
A[6, 2]:3f19999a,B[6, 18]:3f199999,C[6, 18]:3fc7ae14
A[6, 3]:3f4cccce,B[6, 18]:3ecccccc,C[6, 18]:40028f5c
A[6, 4]:0,B[6, 18]:3e4ccccc,C[6, 18]:40028f5c
A[6, 5]:3e4cccce,B[6, 18]:0,C[6, 18]:40028f5c
A[6, 6]:3eccccce,B[6, 18]:3f4ccccc,C[6, 18]:402147ae
A[6, 7]:3f19999a,B[6, 18]:3f199999,C[6, 18]:4043d70a
A[6, 8]:3f4cccce,B[6, 18]:3ecccccc,C[6, 18]:40628f5c
A[6, 9]:0,B[6, 18]:3e4ccccc,C[6, 18]:40628f5c
A[6, 10]:3e4cccce,B[6, 18]:0,C[6, 18]:40628f5c
A[6, 11]:3eccccce,B[6, 18]:3f4ccccc,C[6, 18]:4080a3d7
A[6, 12]:3f19999a,B[6, 18]:3f199999,C[6, 18]:4091eb85
A[6, 13]:3f4cccce,B[6, 18]:3ecccccc,C[6, 18]:40a147ae
A[6, 14]:0,B[6, 18]:3e4ccccc,C[6, 18]:40a147ae
A[6, 15]:3e4cccce,B[6, 18]:0,C[6, 18]:40a147ae
A[6, 16]:3eccccce,B[6, 18]:3f4ccccc,C[6, 18]:40b0a3d7
A[6, 17]:3f19999a,B[6, 18]:3f199999,C[6, 18]:40c1eb85
A[6, 18]:3f4cccce,B[6, 18]:3ecccccc,C[6, 18]:40d147ae
A[6, 19]:0,B[6, 18]:3e4ccccc,C[6, 18]:40d147ae
A[6, 20]:3e4cccce,B[6, 18]:0,C[6, 18]:40d147ae
A[6, 21]:3eccccce,B[6, 18]:3f4ccccc,C[6, 18]:40e0a3d7
A[6, 22]:3f19999a,B[6, 18]:3f199999,C[6, 18]:40f1eb85
A[6, 23]:3f4cccce,B[6, 18]:3ecccccc,C[6, 18]:4100a3d7
A[6, 24]:0,B[6, 18]:3e4ccccc,C[6, 18]:4100a3d7
A[6, 25]:3e4cccce,B[6, 18]:0,C[6, 18]:4100a3d7
A[6, 26]:3eccccce,B[6, 18]:3f4ccccc,C[6, 18]:410851eb
A[6, 27]:3f19999a,B[6, 18]:3f199999,C[6, 18]:4110f5c2
A[6, 28]:3f4cccce,B[6, 18]:3ecccccc,C[6, 18]:4118a3d6
A[6, 29]:0,B[6, 18]:3e4ccccc,C[6, 18]:4118a3d6
A[6, 0]:3e4cccce,B[6, 19]:0,C[6, 19]:3f666667
A[6, 1]:3eccccce,B[6, 19]:3f570a3d,C[6, 19]:3fb3b646
A[6, 2]:3f19999a,B[6, 19]:3f2e147b,C[6, 19]:40010625
A[6, 3]:3f4cccce,B[6, 19]:3f051eb8,C[6, 19]:4028f5c3
A[6, 4]:0,B[6, 19]:3eb851eb,C[6, 19]:4028f5c3
A[6, 5]:3e4cccce,B[6, 19]:3e4ccccc,C[6, 19]:402ccccd
A[6, 6]:3eccccce,B[6, 19]:3d23d70a,C[6, 19]:402e5604
A[6, 7]:3f19999a,B[6, 19]:3f6147ae,C[6, 19]:40610625
A[6, 8]:3f4cccce,B[6, 19]:3f3851eb,C[6, 19]:408c28f6
A[6, 9]:0,B[6, 19]:3f0f5c29,C[6, 19]:408c28f6
A[6, 10]:3e4cccce,B[6, 19]:3ecccccc,C[6, 19]:40900000
A[6, 11]:3eccccce,B[6, 19]:3e75c28f,C[6, 19]:40949ba6
A[6, 12]:3f19999a,B[6, 19]:3da3d70a,C[6, 19]:4096e979
A[6, 13]:3f4cccce,B[6, 19]:3f6b851e,C[6, 19]:40ba3d71
A[6, 14]:0,B[6, 19]:3f428f5c,C[6, 19]:40ba3d71
A[6, 15]:3e4cccce,B[6, 19]:3f199999,C[6, 19]:40c00000
A[6, 16]:3eccccce,B[6, 19]:3ee147ae,C[6, 19]:40c872b0
A[6, 17]:3f19999a,B[6, 19]:3e8f5c29,C[6, 19]:40d08312
A[6, 18]:3f4cccce,B[6, 19]:3df5c28f,C[6, 19]:40d51eb8
A[6, 19]:0,B[6, 19]:3f75c28f,C[6, 19]:40d51eb8
A[6, 20]:3e4cccce,B[6, 19]:3f4ccccc,C[6, 19]:40dccccc
A[6, 21]:3eccccce,B[6, 19]:3f23d70a,C[6, 19]:40e91686
A[6, 22]:3f19999a,B[6, 19]:3ef5c28f,C[6, 19]:40f6e978
A[6, 23]:3f4cccce,B[6, 19]:3ea3d70a,C[6, 19]:41019999
A[6, 24]:0,B[6, 19]:3e23d70a,C[6, 19]:41019999
A[6, 25]:3e4cccce,B[6, 19]:0,C[6, 19]:41019999
A[6, 26]:3eccccce,B[6, 19]:3f570a3d,C[6, 19]:4109a9fb
A[6, 27]:3f19999a,B[6, 19]:3f2e147b,C[6, 19]:411374bc
A[6, 28]:3f4cccce,B[6, 19]:3f051eb8,C[6, 19]:411d70a3
A[6, 29]:0,B[6, 19]:3eb851eb,C[6, 19]:411d70a3
A[6, 0]:3e4cccce,B[6, 20]:0,C[6, 20]:3d75c290
A[6, 1]:3eccccce,B[6, 20]:3f6147ae,C[6, 20]:3f16872b
A[6, 2]:3f19999a,B[6, 20]:3f428f5c,C[6, 20]:3fa2d0e6
A[6, 3]:3f4cccce,B[6, 20]:3f23d70a,C[6, 20]:40028f5c
A[6, 4]:0,B[6, 20]:3f051eb8,C[6, 20]:40028f5c
A[6, 5]:3e4cccce,B[6, 20]:3ecccccc,C[6, 20]:400a3d70
A[6, 6]:3eccccce,B[6, 20]:3e8f5c29,C[6, 20]:4014fdf3
A[6, 7]:3f19999a,B[6, 20]:3e23d70a,C[6, 20]:401e353f
A[6, 8]:3f4cccce,B[6, 20]:3d23d70a,C[6, 20]:402147ae
A[6, 9]:0,B[6, 20]:3f6b851e,C[6, 20]:402147ae
A[6, 10]:3e4cccce,B[6, 20]:3f4ccccc,C[6, 20]:4030a3d7
A[6, 11]:3eccccce,B[6, 20]:3f2e147b,C[6, 20]:404ac083
A[6, 12]:3f19999a,B[6, 20]:3f0f5c29,C[6, 20]:406b020c
A[6, 13]:3f4cccce,B[6, 20]:3ee147ae,C[6, 20]:40866666
A[6, 14]:0,B[6, 20]:3ea3d70a,C[6, 20]:40866666
A[6, 15]:3e4cccce,B[6, 20]:3e4ccccc,C[6, 20]:408851eb
A[6, 16]:3eccccce,B[6, 20]:3da3d70a,C[6, 20]:4089db22
A[6, 17]:3f19999a,B[6, 20]:3f75c28f,C[6, 20]:40a58105
A[6, 18]:3f4cccce,B[6, 20]:3f570a3d,C[6, 20]:40c5c28e
A[6, 19]:0,B[6, 20]:3f3851eb,C[6, 20]:40c5c28e
A[6, 20]:3e4cccce,B[6, 20]:3f199999,C[6, 20]:40cb851d
A[6, 21]:3eccccce,B[6, 20]:3ef5c28f,C[6, 20]:40d4bc69
A[6, 22]:3f19999a,B[6, 20]:3eb851eb,C[6, 20]:40df1a9e
A[6, 23]:3f4cccce,B[6, 20]:3e75c28f,C[6, 20]:40e851ea
A[6, 24]:0,B[6, 20]:3df5c28f,C[6, 20]:40e851ea
A[6, 25]:3e4cccce,B[6, 20]:0,C[6, 20]:40e851ea
A[6, 26]:3eccccce,B[6, 20]:3f6147ae,C[6, 20]:40f9374a
A[6, 27]:3f19999a,B[6, 20]:3f428f5c,C[6, 20]:41078d4f
A[6, 28]:3f4cccce,B[6, 20]:3f23d70a,C[6, 20]:4113d709
A[6, 29]:0,B[6, 20]:3f051eb8,C[6, 20]:4113d709
A[6, 0]:3e4cccce,B[6, 21]:0,C[6, 21]:3ed70a3e
A[6, 1]:3eccccce,B[6, 21]:3f6b851e,C[6, 21]:3f78d4fe
A[6, 2]:3f19999a,B[6, 21]:3f570a3d,C[6, 21]:3fdd2f1a
A[6, 3]:3f4cccce,B[6, 21]:3f428f5c,C[6, 21]:4028f5c2
A[6, 4]:0,B[6, 21]:3f2e147b,C[6, 21]:4028f5c2
A[6, 5]:3e4cccce,B[6, 21]:3f199999,C[6, 21]:40347ae1
A[6, 6]:3eccccce,B[6, 21]:3f051eb8,C[6, 21]:404872b0
A[6, 7]:3f19999a,B[6, 21]:3ee147ae,C[6, 21]:4061cac0
A[6, 8]:3f4cccce,B[6, 21]:3eb851eb,C[6, 21]:407d70a3
A[6, 9]:0,B[6, 21]:3e8f5c29,C[6, 21]:407d70a3
A[6, 10]:3e4cccce,B[6, 21]:3e4ccccc,C[6, 21]:4080a3d7
A[6, 11]:3eccccce,B[6, 21]:3df5c28f,C[6, 21]:4082f1aa
A[6, 12]:3f19999a,B[6, 21]:3d23d70a,C[6, 21]:40841893
A[6, 13]:3f4cccce,B[6, 21]:3f75c28f,C[6, 21]:40a8f5c2
A[6, 14]:0,B[6, 21]:3f6147ae,C[6, 21]:40a8f5c2
A[6, 15]:3e4cccce,B[6, 21]:3f4ccccc,C[6, 21]:40b0a3d6
A[6, 16]:3eccccce,B[6, 21]:3f3851eb,C[6, 21]:40be76c8
A[6, 17]:3f19999a,B[6, 21]:3f23d70a,C[6, 21]:40d0e560
A[6, 18]:3f4cccce,B[6, 21]:3f0f5c29,C[6, 21]:40e66666
A[6, 19]:0,B[6, 21]:3ef5c28f,C[6, 21]:40e66666
A[6, 20]:3e4cccce,B[6, 21]:3ecccccc,C[6, 21]:40ea3d70
A[6, 21]:3eccccce,B[6, 21]:3ea3d70a,C[6, 21]:40f0624d
A[6, 22]:3f19999a,B[6, 21]:3e75c28f,C[6, 21]:40f74bc6
A[6, 23]:3f4cccce,B[6, 21]:3e23d70a,C[6, 21]:40fd70a3
A[6, 24]:0,B[6, 21]:3da3d70a,C[6, 21]:40fd70a3
A[6, 25]:3e4cccce,B[6, 21]:0,C[6, 21]:40fd70a3
A[6, 26]:3eccccce,B[6, 21]:3f6b851e,C[6, 21]:41078d4f
A[6, 27]:3f19999a,B[6, 21]:3f570a3d,C[6, 21]:4113a5e2
A[6, 28]:3f4cccce,B[6, 21]:3f428f5c,C[6, 21]:41223d6f
A[6, 29]:0,B[6, 21]:3f2e147b,C[6, 21]:41223d6f
A[6, 0]:3e4cccce,B[6, 22]:0,C[6, 22]:3f47ae16
A[6, 1]:3eccccce,B[6, 22]:3f75c28f,C[6, 22]:3fad916a
A[6, 2]:3f19999a,B[6, 22]:3f6b851e,C[6, 22]:400bc6a9
A[6, 3]:3f4cccce,B[6, 22]:3f6147ae,C[6, 22]:404f5c2a
A[6, 4]:0,B[6, 22]:3f570a3d,C[6, 22]:404f5c2a
A[6, 5]:3e4cccce,B[6, 22]:3f4ccccc,C[6, 22]:405eb853
A[6, 6]:3eccccce,B[6, 22]:3f428f5c,C[6, 22]:407be76e
A[6, 7]:3f19999a,B[6, 22]:3f3851eb,C[6, 22]:4092b022
A[6, 8]:3f4cccce,B[6, 22]:3f2e147b,C[6, 22]:40acccce
A[6, 9]:0,B[6, 22]:3f23d70a,C[6, 22]:40acccce
A[6, 10]:3e4cccce,B[6, 22]:3f199999,C[6, 22]:40b28f5d
A[6, 11]:3eccccce,B[6, 22]:3f0f5c29,C[6, 22]:40bd4fe0
A[6, 12]:3f19999a,B[6, 22]:3f051eb8,C[6, 22]:40cc49bb
A[6, 13]:3f4cccce,B[6, 22]:3ef5c28f,C[6, 22]:40deb853
A[6, 14]:0,B[6, 22]:3ee147ae,C[6, 22]:40deb853
A[6, 15]:3e4cccce,B[6, 22]:3ecccccc,C[6, 22]:40e28f5d
A[6, 16]:3eccccce,B[6, 22]:3eb851eb,C[6, 22]:40e978d6
A[6, 17]:3f19999a,B[6, 22]:3ea3d70a,C[6, 22]:40f2b022
A[6, 18]:3f4cccce,B[6, 22]:3e8f5c29,C[6, 22]:40fd70a5
A[6, 19]:0,B[6, 22]:3e75c28f,C[6, 22]:40fd70a5
A[6, 20]:3e4cccce,B[6, 22]:3e4ccccc,C[6, 22]:40ff5c2a
A[6, 21]:3eccccce,B[6, 22]:3e23d70a,C[6, 22]:4101374c
A[6, 22]:3f19999a,B[6, 22]:3df5c28f,C[6, 22]:4102f1aa
A[6, 23]:3f4cccce,B[6, 22]:3da3d70a,C[6, 22]:41047ae1
A[6, 24]:0,B[6, 22]:3d23d70a,C[6, 22]:41047ae1
A[6, 25]:3e4cccce,B[6, 22]:0,C[6, 22]:41047ae1
A[6, 26]:3eccccce,B[6, 22]:3f75c28f,C[6, 22]:410db22d
A[6, 27]:3f19999a,B[6, 22]:3f6b851e,C[6, 22]:411af1aa
A[6, 28]:3f4cccce,B[6, 22]:3f6147ae,C[6, 22]:412bd70a
A[6, 29]:0,B[6, 22]:3f570a3d,C[6, 22]:412bd70a
A[6, 0]:3e4cccce,B[6, 23]:0,C[6, 23]:3f91eb85
A[6, 1]:3eccccce,B[6, 23]:0,C[6, 23]:3f91eb85
A[6, 2]:3f19999a,B[6, 23]:0,C[6, 23]:3f91eb85
A[6, 3]:3f4cccce,B[6, 23]:0,C[6, 23]:3f91eb85
A[6, 4]:0,B[6, 23]:0,C[6, 23]:3f91eb85
A[6, 5]:3e4cccce,B[6, 23]:0,C[6, 23]:3f91eb85
A[6, 6]:3eccccce,B[6, 23]:0,C[6, 23]:3f91eb85
A[6, 7]:3f19999a,B[6, 23]:0,C[6, 23]:3f91eb85
A[6, 8]:3f4cccce,B[6, 23]:0,C[6, 23]:3f91eb85
A[6, 9]:0,B[6, 23]:0,C[6, 23]:3f91eb85
A[6, 10]:3e4cccce,B[6, 23]:0,C[6, 23]:3f91eb85
A[6, 11]:3eccccce,B[6, 23]:0,C[6, 23]:3f91eb85
A[6, 12]:3f19999a,B[6, 23]:0,C[6, 23]:3f91eb85
A[6, 13]:3f4cccce,B[6, 23]:0,C[6, 23]:3f91eb85
A[6, 14]:0,B[6, 23]:0,C[6, 23]:3f91eb85
A[6, 15]:3e4cccce,B[6, 23]:0,C[6, 23]:3f91eb85
A[6, 16]:3eccccce,B[6, 23]:0,C[6, 23]:3f91eb85
A[6, 17]:3f19999a,B[6, 23]:0,C[6, 23]:3f91eb85
A[6, 18]:3f4cccce,B[6, 23]:0,C[6, 23]:3f91eb85
A[6, 19]:0,B[6, 23]:0,C[6, 23]:3f91eb85
A[6, 20]:3e4cccce,B[6, 23]:0,C[6, 23]:3f91eb85
A[6, 21]:3eccccce,B[6, 23]:0,C[6, 23]:3f91eb85
A[6, 22]:3f19999a,B[6, 23]:0,C[6, 23]:3f91eb85
A[6, 23]:3f4cccce,B[6, 23]:0,C[6, 23]:3f91eb85
A[6, 24]:0,B[6, 23]:0,C[6, 23]:3f91eb85
A[6, 25]:3e4cccce,B[6, 23]:0,C[6, 23]:3f91eb85
A[6, 26]:3eccccce,B[6, 23]:0,C[6, 23]:3f91eb85
A[6, 27]:3f19999a,B[6, 23]:0,C[6, 23]:3f91eb85
A[6, 28]:3f4cccce,B[6, 23]:0,C[6, 23]:3f91eb85
A[6, 29]:0,B[6, 23]:0,C[6, 23]:3f91eb85
A[6, 0]:3e4cccce,B[6, 24]:0,C[6, 24]:3e99999a
A[6, 1]:3eccccce,B[6, 24]:3d23d70a,C[6, 24]:3ea5e354
A[6, 2]:3f19999a,B[6, 24]:3da3d70a,C[6, 24]:3ecac083
A[6, 3]:3f4cccce,B[6, 24]:3df5c28f,C[6, 24]:3f0a3d71
A[6, 4]:0,B[6, 24]:3e23d70a,C[6, 24]:3f0a3d71
A[6, 5]:3e4cccce,B[6, 24]:3e4ccccc,C[6, 24]:3f19999a
A[6, 6]:3eccccce,B[6, 24]:3e75c28f,C[6, 24]:3f3e76c9
A[6, 7]:3f19999a,B[6, 24]:3e8f5c29,C[6, 24]:3f7ef9dc
A[6, 8]:3f4cccce,B[6, 24]:3ea3d70a,C[6, 24]:3fb0a3d8
A[6, 9]:0,B[6, 24]:3eb851eb,C[6, 24]:3fb0a3d8
A[6, 10]:3e4cccce,B[6, 24]:3ecccccc,C[6, 24]:3fc00001
A[6, 11]:3eccccce,B[6, 24]:3ee147ae,C[6, 24]:3fe1cac2
A[6, 12]:3f19999a,B[6, 24]:3ef5c28f,C[6, 24]:400c8b44
A[6, 13]:3f4cccce,B[6, 24]:3f051eb8,C[6, 24]:40347ae2
A[6, 14]:0,B[6, 24]:3f0f5c29,C[6, 24]:40347ae2
A[6, 15]:3e4cccce,B[6, 24]:3f199999,C[6, 24]:40400001
A[6, 16]:3eccccce,B[6, 24]:3f23d70a,C[6, 24]:40589376
A[6, 17]:3f19999a,B[6, 24]:3f2e147b,C[6, 24]:407fbe78
A[6, 18]:3f4cccce,B[6, 24]:3f3851eb,C[6, 24]:409b851f
A[6, 19]:0,B[6, 24]:3f428f5c,C[6, 24]:409b851f
A[6, 20]:3e4cccce,B[6, 24]:3f4ccccc,C[6, 24]:40a33333
A[6, 21]:3eccccce,B[6, 24]:3f570a3d,C[6, 24]:40b353f8
A[6, 22]:3f19999a,B[6, 24]:3f6147ae,C[6, 24]:40ccac08
A[6, 23]:3f4cccce,B[6, 24]:3f6b851e,C[6, 24]:40f00000
A[6, 24]:0,B[6, 24]:3f75c28f,C[6, 24]:40f00000
A[6, 25]:3e4cccce,B[6, 24]:0,C[6, 24]:40f00000
A[6, 26]:3eccccce,B[6, 24]:3d23d70a,C[6, 24]:40f0c49c
A[6, 27]:3f19999a,B[6, 24]:3da3d70a,C[6, 24]:40f3126f
A[6, 28]:3f4cccce,B[6, 24]:3df5c28f,C[6, 24]:40f7ae15
A[6, 29]:0,B[6, 24]:3e23d70a,C[6, 24]:40f7ae15

done computing: 6, print C
C[6, 0]:40f7ae15,C[6, 1]:410a3d70,C[6, 2]:4113d70b,C[6, 3]:410570a3,C[6, 4]:410f0a3d,C[6, 5]:4118a3d6,C[6, 6]:41270a3f,C[6, 7]:410a3d70,C[6, 8]:40f7ae10,C[6, 9]:4118a3d6,C[6, 10]:410f0a3d,C[6, 11]:410f0a3d,C[6, 12]:4118a3d8,C[6, 13]:41223d70,C[6, 14]:4113d70a,C[6, 15]:410a3d72,C[6, 16]:4118a3d8,C[6, 17]:410f0a40,C[6, 18]:4118a3d6,C[6, 19]:411d70a3,C[6, 20]:4113d709,C[6, 21]:41223d6f,C[6, 22]:412bd70a,C[6, 23]:3f91eb85,C[6, 24]:40f7ae15,

//========================

Init I: 7
C[7, 0]:3d4ccccd->3d75c290,C[7, 1]:3ecccccd->3ef5c290,C[7, 2]:3f400000->3f666667,C[7, 3]:3dcccccd->3df5c290,C[7, 4]:3ee66667->3f0a3d71,C[7, 5]:3f4ccccd->3f75c290,C[7, 6]:3e19999a->3e3851ec,C[7, 7]:3f000000->3f19999a,C[7, 8]:3f59999a->3f828f5d,C[7, 9]:3e4ccccd->3e75c290,C[7, 10]:3f0ccccd->3f28f5c3,C[7, 11]:3f666667->3f8a3d71,C[7, 12]:3e800000->3e99999a,C[7, 13]:3f19999a->3f3851ec,C[7, 14]:3f733333->3f91eb85,C[7, 15]:3e99999a->3eb851ec,C[7, 16]:3f266667->3f47ae16,C[7, 17]:0->0,C[7, 18]:3eb33333->3ed70a3e,C[7, 19]:3f333333->3f570a3e,C[7, 20]:3d4ccccd->3d75c290,C[7, 21]:3ecccccd->3ef5c290,C[7, 22]:3f400000->3f666667,C[7, 23]:3dcccccd->3df5c290,C[7, 24]:3ee66667->3f0a3d71,
Start computing: 7
A[7, 0]:3e6eeef0,B[7, 0]:0,C[7, 0]:3d75c290
A[7, 1]:3eeeeef0,B[7, 0]:3da3d70a,C[7, 0]:3ded9169
A[7, 2]:3f333334,B[7, 0]:3e23d70a,C[7, 0]:3e916873
A[7, 3]:3f6eeef0,B[7, 0]:3e75c28f,C[7, 0]:3f1eb852
A[7, 4]:3e2aaaab,B[7, 0]:3ea3d70a,C[7, 0]:3f333333
A[7, 5]:3eccccce,B[7, 0]:3ecccccc,C[7, 0]:3f70a3d7
A[7, 6]:3f222223,B[7, 0]:3ef5c28f,C[7, 0]:3fb2b021
A[7, 7]:3f5ddddf,B[7, 0]:3f0f5c29,C[7, 0]:4007ef9e
A[7, 8]:3dccccce,B[7, 0]:3f23d70a,C[7, 0]:400e147b
A[7, 9]:3eaaaaab,B[7, 0]:3f3851eb,C[7, 0]:40251eb8
A[7, 10]:3f111112,B[7, 0]:3f4ccccc,C[7, 0]:4050a3d7
A[7, 11]:3f4cccce,B[7, 0]:3f6147ae,C[7, 0]:408a1cac
A[7, 12]:3d088889,B[7, 0]:3f75c28f,C[7, 0]:408ba5e3
A[7, 13]:3e888889,B[7, 0]:3d23d70a,C[7, 0]:408c28f5
A[7, 14]:3f000000,B[7, 0]:3df5c28f,C[7, 0]:408f0a3d
A[7, 15]:3f3bbbbc,B[7, 0]:3e4ccccc,C[7, 0]:4096147a
A[7, 16]:3f777778,B[7, 0]:3e8f5c29,C[7, 0]:40a3126e
A[7, 17]:3e4cccce,B[7, 0]:3eb851eb,C[7, 0]:40a6872a
A[7, 18]:3edddddf,B[7, 0]:3ee147ae,C[7, 0]:40afae14
A[7, 19]:3f2aaaab,B[7, 0]:3f051eb8,C[7, 0]:40c051eb
A[7, 20]:3f666667,B[7, 0]:3f199999,C[7, 0]:40da3d70
A[7, 21]:3e088889,B[7, 0]:3f2e147b,C[7, 0]:40de978d
A[7, 22]:3ebbbbbc,B[7, 0]:3f428f5c,C[7, 0]:40ebf7cf
A[7, 23]:3f19999a,B[7, 0]:3f570a3d,C[7, 0]:4102147b
A[7, 24]:3f555556,B[7, 0]:3f6b851e,C[7, 0]:41147ae1
A[7, 25]:3d888889,B[7, 0]:0,C[7, 0]:41147ae1
A[7, 26]:3e99999a,B[7, 0]:3da3d70a,C[7, 0]:41150e56
A[7, 27]:3f088889,B[7, 0]:3e23d70a,C[7, 0]:41171aa0
A[7, 28]:3f444445,B[7, 0]:3e75c28f,C[7, 0]:411b851f
A[7, 29]:0,B[7, 0]:3ea3d70a,C[7, 0]:411b851f
A[7, 0]:3e6eeef0,B[7, 1]:0,C[7, 1]:3ef5c290
A[7, 1]:3eeeeef0,B[7, 1]:3df5c28f,C[7, 1]:3f10624e
A[7, 2]:3f333334,B[7, 1]:3e75c28f,C[7, 1]:3f50e560
A[7, 3]:3f6eeef0,B[7, 1]:3eb851eb,C[7, 1]:3fa8f5c2
A[7, 4]:3e2aaaab,B[7, 1]:3ef5c28f,C[7, 1]:3fb851eb
A[7, 5]:3eccccce,B[7, 1]:3f199999,C[7, 1]:3fe66666
A[7, 6]:3f222223,B[7, 1]:3f3851eb,C[7, 1]:401ef9db
A[7, 7]:3f5ddddf,B[7, 1]:3f570a3d,C[7, 1]:4064dd2f
A[7, 8]:3dccccce,B[7, 1]:3f75c28f,C[7, 1]:406e147b
A[7, 9]:3eaaaaab,B[7, 1]:3da3d70a,C[7, 1]:4070a3d7
A[7, 10]:3f111112,B[7, 1]:3e4ccccc,C[7, 1]:407b851f
A[7, 11]:3f4cccce,B[7, 1]:3ea3d70a,C[7, 1]:408a0c4a
A[7, 12]:3d088889,B[7, 1]:3ee147ae,C[7, 1]:408ac083
A[7, 13]:3e888889,B[7, 1]:3f0f5c29,C[7, 1]:4091eb85
A[7, 14]:3f000000,B[7, 1]:3f2e147b,C[7, 1]:40a23d70
A[7, 15]:3f3bbbbc,B[7, 1]:3f4ccccc,C[7, 1]:40be6666
A[7, 16]:3f777778,B[7, 1]:3f6b851e,C[7, 1]:40e91687
A[7, 17]:3e4cccce,B[7, 1]:3d23d70a,C[7, 1]:40e978d5
A[7, 18]:3edddddf,B[7, 1]:3e23d70a,C[7, 1]:40eccccd
A[7, 19]:3f2aaaab,B[7, 1]:3e8f5c29,C[7, 1]:40f5c290
A[7, 20]:3f666667,B[7, 1]:3ecccccc,C[7, 1]:4103851f
A[7, 21]:3e088889,B[7, 1]:3f051eb8,C[7, 1]:41052f1b
A[7, 22]:3ebbbbbc,B[7, 1]:3f23d70a,C[7, 1]:410ad0e6
A[7, 23]:3f19999a,B[7, 1]:3f428f5c,C[7, 1]:4115c290
A[7, 24]:3f555556,B[7, 1]:3f6147ae,C[7, 1]:41275c2a
A[7, 25]:3d888889,B[7, 1]:0,C[7, 1]:41275c2a
A[7, 26]:3e99999a,B[7, 1]:3df5c28f,C[7, 1]:41283959
A[7, 27]:3f088889,B[7, 1]:3e75c28f,C[7, 1]:412b4bc8
A[7, 28]:3f444445,B[7, 1]:3eb851eb,C[7, 1]:4131eb86
A[7, 29]:0,B[7, 1]:3ef5c28f,C[7, 1]:4131eb86
A[7, 0]:3e6eeef0,B[7, 2]:0,C[7, 2]:3f666667
A[7, 1]:3eeeeef0,B[7, 2]:3e23d70a,C[7, 2]:3f818938
A[7, 2]:3f333334,B[7, 2]:3ea3d70a,C[7, 2]:3fac8b44
A[7, 3]:3f6eeef0,B[7, 2]:3ef5c28f,C[7, 2]:400147ae
A[7, 4]:3e2aaaab,B[7, 2]:3f23d70a,C[7, 2]:400b851f
A[7, 5]:3eccccce,B[7, 2]:3f4ccccc,C[7, 2]:402a3d71
A[7, 6]:3f222223,B[7, 2]:3f75c28f,C[7, 2]:40649ba6
A[7, 7]:3f5ddddf,B[7, 2]:3df5c28f,C[7, 2]:406e978d
A[7, 8]:3dccccce,B[7, 2]:3e8f5c29,C[7, 2]:407147ae
A[7, 9]:3eaaaaab,B[7, 2]:3ee147ae,C[7, 2]:407f5c29
A[7, 10]:3f111112,B[7, 2]:3f199999,C[7, 2]:40900000
A[7, 11]:3f4cccce,B[7, 2]:3f428f5c,C[7, 2]:40ad2f1b
A[7, 12]:3d088889,B[7, 2]:3f6b851e,C[7, 2]:40aea7f0
A[7, 13]:3e888889,B[7, 2]:3da3d70a,C[7, 2]:40afae15
A[7, 14]:3f000000,B[7, 2]:3e75c28f,C[7, 2]:40b570a4
A[7, 15]:3f3bbbbc,B[7, 2]:3ecccccc,C[7, 2]:40c3851f
A[7, 16]:3f777778,B[7, 2]:3f0f5c29,C[7, 2]:40dd8106
A[7, 17]:3e4cccce,B[7, 2]:3f3851eb,C[7, 2]:40e46a7f
A[7, 18]:3edddddf,B[7, 2]:3f6147ae,C[7, 2]:40f6b852
A[7, 19]:3f2aaaab,B[7, 2]:3d23d70a,C[7, 2]:40f80000
A[7, 20]:3f666667,B[7, 2]:3e4ccccc,C[7, 2]:410051ec
A[7, 21]:3e088889,B[7, 2]:3eb851eb,C[7, 2]:410178d5
A[7, 22]:3ebbbbbc,B[7, 2]:3f051eb8,C[7, 2]:41060c4a
A[7, 23]:3f19999a,B[7, 2]:3f2e147b,C[7, 2]:410fd70b
A[7, 24]:3f555556,B[7, 2]:3f570a3d,C[7, 2]:4120a3d8
A[7, 25]:3d888889,B[7, 2]:0,C[7, 2]:4120a3d8
A[7, 26]:3e99999a,B[7, 2]:3e23d70a,C[7, 2]:4121cac1
A[7, 27]:3f088889,B[7, 2]:3ea3d70a,C[7, 2]:4125e354
A[7, 28]:3f444445,B[7, 2]:3ef5c28f,C[7, 2]:412eb852
A[7, 29]:0,B[7, 2]:3f23d70a,C[7, 2]:412eb852
A[7, 0]:3e6eeef0,B[7, 3]:0,C[7, 3]:3df5c290
A[7, 1]:3eeeeef0,B[7, 3]:3e4ccccc,C[7, 3]:3e851eb8
A[7, 2]:3f333334,B[7, 3]:3ecccccc,C[7, 3]:3f2e147b
A[7, 3]:3f6eeef0,B[7, 3]:3f199999,C[7, 3]:3fc28f5c
A[7, 4]:3e2aaaab,B[7, 3]:3f4ccccc,C[7, 3]:3fdc28f6
A[7, 5]:3eccccce,B[7, 3]:0,C[7, 3]:3fdc28f6
A[7, 6]:3f222223,B[7, 3]:3e4ccccc,C[7, 3]:3ff47ae2
A[7, 7]:3f5ddddf,B[7, 3]:3ecccccc,C[7, 3]:401b851f
A[7, 8]:3dccccce,B[7, 3]:3f199999,C[7, 3]:402147ae
A[7, 9]:3eaaaaab,B[7, 3]:3f4ccccc,C[7, 3]:403ae148
A[7, 10]:3f111112,B[7, 3]:0,C[7, 3]:403ae148
A[7, 11]:3f4cccce,B[7, 3]:3e4ccccc,C[7, 3]:404a3d71
A[7, 12]:3d088889,B[7, 3]:3ecccccc,C[7, 3]:404b851f
A[7, 13]:3e888889,B[7, 3]:3f199999,C[7, 3]:405ae148
A[7, 14]:3f000000,B[7, 3]:3f4ccccc,C[7, 3]:4080a3d7
A[7, 15]:3f3bbbbc,B[7, 3]:0,C[7, 3]:4080a3d7
A[7, 16]:3f777778,B[7, 3]:3e4ccccc,C[7, 3]:4089eb85
A[7, 17]:3e4cccce,B[7, 3]:3ecccccc,C[7, 3]:408dc28f
A[7, 18]:3edddddf,B[7, 3]:3f199999,C[7, 3]:409a3d70
A[7, 19]:3f2aaaab,B[7, 3]:3f4ccccc,C[7, 3]:40b3d70a
A[7, 20]:3f666667,B[7, 3]:0,C[7, 3]:40b3d70a
A[7, 21]:3e088889,B[7, 3]:3e4ccccc,C[7, 3]:40b51eb8
A[7, 22]:3ebbbbbc,B[7, 3]:3ecccccc,C[7, 3]:40bc28f5
A[7, 23]:3f19999a,B[7, 3]:3f199999,C[7, 3]:40cd70a3
A[7, 24]:3f555556,B[7, 3]:3f4ccccc,C[7, 3]:40ed70a3
A[7, 25]:3d888889,B[7, 3]:0,C[7, 3]:40ed70a3
A[7, 26]:3e99999a,B[7, 3]:3e4ccccc,C[7, 3]:40f051eb
A[7, 27]:3f088889,B[7, 3]:3ecccccc,C[7, 3]:40fa8f5c
A[7, 28]:3f444445,B[7, 3]:3f199999,C[7, 3]:410851eb
A[7, 29]:0,B[7, 3]:3f4ccccc,C[7, 3]:410851eb
A[7, 0]:3e6eeef0,B[7, 4]:0,C[7, 4]:3f0a3d71
A[7, 1]:3eeeeef0,B[7, 4]:3e75c28f,C[7, 4]:3f353f7e
A[7, 2]:3f333334,B[7, 4]:3ef5c28f,C[7, 4]:3f9b22d2
A[7, 3]:3f6eeef0,B[7, 4]:3f3851eb,C[7, 4]:400e147c
A[7, 4]:3e2aaaab,B[7, 4]:3f75c28f,C[7, 4]:401d70a5
A[7, 5]:3eccccce,B[7, 4]:3e4ccccc,C[7, 4]:40251eb9
A[7, 6]:3f222223,B[7, 4]:3ee147ae,C[7, 4]:403fdf3c
A[7, 7]:3f5ddddf,B[7, 4]:3f2e147b,C[7, 4]:407872b1
A[7, 8]:3dccccce,B[7, 4]:3f6b851e,C[7, 4]:4080a3d7
A[7, 9]:3eaaaaab,B[7, 4]:3e23d70a,C[7, 4]:40833333
A[7, 10]:3f111112,B[7, 4]:3ecccccc,C[7, 4]:408e147b
A[7, 11]:3f4cccce,B[7, 4]:3f23d70a,C[7, 4]:40a6a7f0
A[7, 12]:3d088889,B[7, 4]:3f6147ae,C[7, 4]:40a81063
A[7, 13]:3e888889,B[7, 4]:3df5c28f,C[7, 4]:40a9999a
A[7, 14]:3f000000,B[7, 4]:3eb851eb,C[7, 4]:40b23d71
A[7, 15]:3f3bbbbc,B[7, 4]:3f199999,C[7, 4]:40c75c29
A[7, 16]:3f777778,B[7, 4]:3f570a3d,C[7, 4]:40ee5604
A[7, 17]:3e4cccce,B[7, 4]:3da3d70a,C[7, 4]:40ef1aa0
A[7, 18]:3edddddf,B[7, 4]:3ea3d70a,C[7, 4]:40f5c290
A[7, 19]:3f2aaaab,B[7, 4]:3f0f5c29,C[7, 4]:4103d70b
A[7, 20]:3f666667,B[7, 4]:3f4ccccc,C[7, 4]:41151eb9
A[7, 21]:3e088889,B[7, 4]:3d23d70a,C[7, 4]:41153f7e
A[7, 22]:3ebbbbbc,B[7, 4]:3e8f5c29,C[7, 4]:4117b647
A[7, 23]:3f19999a,B[7, 4]:3f051eb8,C[7, 4]:411f3335
A[7, 24]:3f555556,B[7, 4]:3f428f5c,C[7, 4]:412e6668
A[7, 25]:3d888889,B[7, 4]:0,C[7, 4]:412e6668
A[7, 26]:3e99999a,B[7, 4]:3e75c28f,C[7, 4]:413020c6
A[7, 27]:3f088889,B[7, 4]:3ef5c28f,C[7, 4]:413645a3
A[7, 28]:3f444445,B[7, 4]:3f3851eb,C[7, 4]:41438520
A[7, 29]:0,B[7, 4]:3f75c28f,C[7, 4]:41438520
A[7, 0]:3e6eeef0,B[7, 5]:0,C[7, 5]:3f75c290
A[7, 1]:3eeeeef0,B[7, 5]:3e8f5c29,C[7, 5]:3f93f7cf
A[7, 2]:3f333334,B[7, 5]:3f0f5c29,C[7, 5]:3fdf3b65
A[7, 3]:3f6eeef0,B[7, 5]:3f570a3d,C[7, 5]:403ae148
A[7, 4]:3e2aaaab,B[7, 5]:3df5c28f,C[7, 5]:403ccccd
A[7, 5]:3eccccce,B[7, 5]:3ecccccc,C[7, 5]:404c28f6
A[7, 6]:3f222223,B[7, 5]:3f2e147b,C[7, 5]:40758106
A[7, 7]:3f5ddddf,B[7, 5]:3f75c28f,C[7, 5]:40a2b021
A[7, 8]:3dccccce,B[7, 5]:3e75c28f,C[7, 5]:40a3d70a
A[7, 9]:3eaaaaab,B[7, 5]:3f051eb8,C[7, 5]:40ac28f6
A[7, 10]:3f111112,B[7, 5]:3f4ccccc,C[7, 5]:40c1eb85
A[7, 11]:3f4cccce,B[7, 5]:3da3d70a,C[7, 5]:40c4fdf4
A[7, 12]:3d088889,B[7, 5]:3eb851eb,C[7, 5]:40c59169
A[7, 13]:3e888889,B[7, 5]:3f23d70a,C[7, 5]:40cdc290
A[7, 14]:3f000000,B[7, 5]:3f6b851e,C[7, 5]:40e3d70b
A[7, 15]:3f3bbbbc,B[7, 5]:3e4ccccc,C[7, 5]:40eae148
A[7, 16]:3f777778,B[7, 5]:3ef5c28f,C[7, 5]:41009375
A[7, 17]:3e4cccce,B[7, 5]:3f428f5c,C[7, 5]:41043958
A[7, 18]:3edddddf,B[7, 5]:3d23d70a,C[7, 5]:4104a3d7
A[7, 19]:3f2aaaab,B[7, 5]:3ea3d70a,C[7, 5]:4109c28f
A[7, 20]:3f666667,B[7, 5]:3f199999,C[7, 5]:4116b852
A[7, 21]:3e088889,B[7, 5]:3f6147ae,C[7, 5]:41198937
A[7, 22]:3ebbbbbc,B[7, 5]:3e23d70a,C[7, 5]:411af1aa
A[7, 23]:3f19999a,B[7, 5]:3ee147ae,C[7, 5]:412147ae
A[7, 24]:3f555556,B[7, 5]:3f3851eb,C[7, 5]:412fae14
A[7, 25]:3d888889,B[7, 5]:0,C[7, 5]:412fae14
A[7, 26]:3e99999a,B[7, 5]:3e8f5c29,C[7, 5]:4131b22d
A[7, 27]:3f088889,B[7, 5]:3f0f5c29,C[7, 5]:4138dd2f
A[7, 28]:3f444445,B[7, 5]:3f570a3d,C[7, 5]:414851eb
A[7, 29]:0,B[7, 5]:3df5c28f,C[7, 5]:414851eb
A[7, 0]:3e6eeef0,B[7, 6]:0,C[7, 6]:3e3851ec
A[7, 1]:3eeeeef0,B[7, 6]:3ea3d70a,C[7, 6]:3eced917
A[7, 2]:3f333334,B[7, 6]:3f23d70a,C[7, 6]:3f89ba5f
A[7, 3]:3f6eeef0,B[7, 6]:3f75c28f,C[7, 6]:401ae148
A[7, 4]:3e2aaaab,B[7, 6]:3e8f5c29,C[7, 6]:401f5c29
A[7, 5]:3eccccce,B[7, 6]:3f199999,C[7, 6]:40366666
A[7, 6]:3f222223,B[7, 6]:3f6b851e,C[7, 6]:406e5604
A[7, 7]:3f5ddddf,B[7, 6]:3e75c28f,C[7, 6]:408126e9
A[7, 8]:3dccccce,B[7, 6]:3f0f5c29,C[7, 6]:4083d70a
A[7, 9]:3eaaaaab,B[7, 6]:3f6147ae,C[7, 6]:4091eb85
A[7, 10]:3f111112,B[7, 6]:3e4ccccc,C[7, 6]:40975c29
A[7, 11]:3f4cccce,B[7, 6]:3f051eb8,C[7, 6]:40ab53f8
A[7, 12]:3d088889,B[7, 6]:3f570a3d,C[7, 6]:40acac08
A[7, 13]:3e888889,B[7, 6]:3e23d70a,C[7, 6]:40aeb852
A[7, 14]:3f000000,B[7, 6]:3ef5c28f,C[7, 6]:40ba3d71
A[7, 15]:3f3bbbbc,B[7, 6]:3f4ccccc,C[7, 6]:40d66667
A[7, 16]:3f777778,B[7, 6]:3df5c28f,C[7, 6]:40dbf7cf
A[7, 17]:3e4cccce,B[7, 6]:3ee147ae,C[7, 6]:40e03127
A[7, 18]:3edddddf,B[7, 6]:3f428f5c,C[7, 6]:40f00000
A[7, 19]:3f2aaaab,B[7, 6]:3da3d70a,C[7, 6]:40f28f5c
A[7, 20]:3f666667,B[7, 6]:3ecccccc,C[7, 6]:4101eb85
A[7, 21]:3e088889,B[7, 6]:3f3851eb,C[7, 6]:41043958
A[7, 22]:3ebbbbbc,B[7, 6]:3d23d70a,C[7, 6]:41049375
A[7, 23]:3f19999a,B[7, 6]:3eb851eb,C[7, 6]:4109c290
A[7, 24]:3f555556,B[7, 6]:3f2e147b,C[7, 6]:41175c2a
A[7, 25]:3d888889,B[7, 6]:0,C[7, 6]:41175c2a
A[7, 26]:3e99999a,B[7, 6]:3ea3d70a,C[7, 6]:4119a9fd
A[7, 27]:3f088889,B[7, 6]:3f23d70a,C[7, 6]:4121db24
A[7, 28]:3f444445,B[7, 6]:3f75c28f,C[7, 6]:41338520
A[7, 29]:0,B[7, 6]:3e8f5c29,C[7, 6]:41338520
A[7, 0]:3e6eeef0,B[7, 7]:0,C[7, 7]:3f19999a
A[7, 1]:3eeeeef0,B[7, 7]:3eb851eb,C[7, 7]:3f5a1cac
A[7, 2]:3f333334,B[7, 7]:3f3851eb,C[7, 7]:3fcdd2f2
A[7, 3]:3f6eeef0,B[7, 7]:3da3d70a,C[7, 7]:3fdc28f6
A[7, 4]:3e2aaaab,B[7, 7]:3ee147ae,C[7, 7]:3fea3d71
A[7, 5]:3eccccce,B[7, 7]:3f4ccccc,C[7, 7]:4013d70a
A[7, 6]:3f222223,B[7, 7]:3e23d70a,C[7, 7]:401d9168
A[7, 7]:3f5ddddf,B[7, 7]:3f051eb8,C[7, 7]:4048d4fe
A[7, 8]:3dccccce,B[7, 7]:3f6147ae,C[7, 7]:405147ae
A[7, 9]:3eaaaaab,B[7, 7]:3e75c28f,C[7, 7]:4058f5c2
A[7, 10]:3f111112,B[7, 7]:3f199999,C[7, 7]:40799999
A[7, 11]:3f4cccce,B[7, 7]:3f75c28f,C[7, 7]:40a1a9fc
A[7, 12]:3d088889,B[7, 7]:3ea3d70a,C[7, 7]:40a22d0e
A[7, 13]:3e888889,B[7, 7]:3f2e147b,C[7, 7]:40aae147
A[7, 14]:3f000000,B[7, 7]:3d23d70a,C[7, 7]:40abd70a
A[7, 15]:3f3bbbbc,B[7, 7]:3ecccccc,C[7, 7]:40b9eb85
A[7, 16]:3f777778,B[7, 7]:3f428f5c,C[7, 7]:40dd2f1a
A[7, 17]:3e4cccce,B[7, 7]:3df5c28f,C[7, 7]:40de5603
A[7, 18]:3edddddf,B[7, 7]:3ef5c28f,C[7, 7]:40e851ea
A[7, 19]:3f2aaaab,B[7, 7]:3f570a3d,C[7, 7]:41019999
A[7, 20]:3f666667,B[7, 7]:3e4ccccc,C[7, 7]:4105eb84
A[7, 21]:3e088889,B[7, 7]:3f0f5c29,C[7, 7]:4107b645
A[7, 22]:3ebbbbbc,B[7, 7]:3f6b851e,C[7, 7]:410fced8
A[7, 23]:3f19999a,B[7, 7]:3e8f5c29,C[7, 7]:4113d709
A[7, 24]:3f555556,B[7, 7]:3f23d70a,C[7, 7]:4120a3d6
A[7, 25]:3d888889,B[7, 7]:0,C[7, 7]:4120a3d6
A[7, 26]:3e99999a,B[7, 7]:3eb851eb,C[7, 7]:41233b63
A[7, 27]:3f088889,B[7, 7]:3f3851eb,C[7, 7]:412c72af
A[7, 28]:3f444445,B[7, 7]:3da3d70a,C[7, 7]:412deb84
A[7, 29]:0,B[7, 7]:3ee147ae,C[7, 7]:412deb84
A[7, 0]:3e6eeef0,B[7, 8]:0,C[7, 8]:3f828f5d
A[7, 1]:3eeeeef0,B[7, 8]:3ecccccc,C[7, 8]:3fa66667
A[7, 2]:3f333334,B[7, 8]:3f4ccccc,C[7, 8]:4008f5c3
A[7, 3]:3f6eeef0,B[7, 8]:3e4ccccc,C[7, 8]:401ae148
A[7, 4]:3e2aaaab,B[7, 8]:3f199999,C[7, 8]:40247ae2
A[7, 5]:3eccccce,B[7, 8]:0,C[7, 8]:40247ae2
A[7, 6]:3f222223,B[7, 8]:3ecccccc,C[7, 8]:403cccce
A[7, 7]:3f5ddddf,B[7, 8]:3f4ccccc,C[7, 8]:407f5c2a
A[7, 8]:3dccccce,B[7, 8]:3e4ccccc,C[7, 8]:4080a3d8
A[7, 9]:3eaaaaab,B[7, 8]:3f199999,C[7, 8]:408a3d72
A[7, 10]:3f111112,B[7, 8]:0,C[7, 8]:408a3d72
A[7, 11]:3f4cccce,B[7, 8]:3ecccccc,C[7, 8]:4099999b
A[7, 12]:3d088889,B[7, 8]:3f4ccccc,C[7, 8]:409ae149
A[7, 13]:3e888889,B[7, 8]:3e4ccccc,C[7, 8]:409d70a5
A[7, 14]:3f000000,B[7, 8]:3f199999,C[7, 8]:40abd70b
A[7, 15]:3f3bbbbc,B[7, 8]:0,C[7, 8]:40abd70b
A[7, 16]:3f777778,B[7, 8]:3ecccccc,C[7, 8]:40be6667
A[7, 17]:3e4cccce,B[7, 8]:3f4ccccc,C[7, 8]:40c6147b
A[7, 18]:3edddddf,B[7, 8]:3e4ccccc,C[7, 8]:40ca3d71
A[7, 19]:3f2aaaab,B[7, 8]:3f199999,C[7, 8]:40dd70a4
A[7, 20]:3f666667,B[7, 8]:0,C[7, 8]:40dd70a4
A[7, 21]:3e088889,B[7, 8]:3ecccccc,C[7, 8]:40e00000
A[7, 22]:3ebbbbbc,B[7, 8]:3f4ccccc,C[7, 8]:40ee147b
A[7, 23]:3f19999a,B[7, 8]:3e4ccccc,C[7, 8]:40f3d70a
A[7, 24]:3f555556,B[7, 8]:3f199999,C[7, 8]:4105eb85
A[7, 25]:3d888889,B[7, 8]:0,C[7, 8]:4105eb85
A[7, 26]:3e99999a,B[7, 8]:3ecccccc,C[7, 8]:4108cccd
A[7, 27]:3f088889,B[7, 8]:3f4ccccc,C[7, 8]:41130a3e
A[7, 28]:3f444445,B[7, 8]:3e4ccccc,C[7, 8]:4116b852
A[7, 29]:0,B[7, 8]:3f199999,C[7, 8]:4116b852
A[7, 0]:3e6eeef0,B[7, 9]:0,C[7, 9]:3e75c290
A[7, 1]:3eeeeef0,B[7, 9]:3ee147ae,C[7, 9]:3f0c49bb
A[7, 2]:3f333334,B[7, 9]:3f6147ae,C[7, 9]:3fbc6a80
A[7, 3]:3f6eeef0,B[7, 9]:3ea3d70a,C[7, 9]:3ff5c290
A[7, 4]:3e2aaaab,B[7, 9]:3f428f5c,C[7, 9]:40070a3e
A[7, 5]:3eccccce,B[7, 9]:3e4ccccc,C[7, 9]:400eb852
A[7, 6]:3f222223,B[7, 9]:3f23d70a,C[7, 9]:4035a1cb
A[7, 7]:3f5ddddf,B[7, 9]:3da3d70a,C[7, 9]:403c49bb
A[7, 8]:3dccccce,B[7, 9]:3f051eb8,C[7, 9]:404147af
A[7, 9]:3eaaaaab,B[7, 9]:3f75c28f,C[7, 9]:40600001
A[7, 10]:3f111112,B[7, 9]:3ecccccc,C[7, 9]:4075c290
A[7, 11]:3f4cccce,B[7, 9]:3f570a3d,C[7, 9]:409b22d1
A[7, 12]:3d088889,B[7, 9]:3e8f5c29,C[7, 9]:409b9581
A[7, 13]:3e888889,B[7, 9]:3f3851eb,C[7, 9]:40a4cccd
A[7, 14]:3f000000,B[7, 9]:3e23d70a,C[7, 9]:40a8a3d7
A[7, 15]:3f3bbbbc,B[7, 9]:3f199999,C[7, 9]:40bdc28f
A[7, 16]:3f777778,B[7, 9]:3d23d70a,C[7, 9]:40bf9db2
A[7, 17]:3e4cccce,B[7, 9]:3ef5c28f,C[7, 9]:40c43958
A[7, 18]:3edddddf,B[7, 9]:3f6b851e,C[7, 9]:40d75c29
A[7, 19]:3f2aaaab,B[7, 9]:3eb851eb,C[7, 9]:40e2e148
A[7, 20]:3f666667,B[7, 9]:3f4ccccc,C[7, 9]:4102b852
A[7, 21]:3e088889,B[7, 9]:3e75c28f,C[7, 9]:41037cee
A[7, 22]:3ebbbbbc,B[7, 9]:3f2e147b,C[7, 9]:410978d5
A[7, 23]:3f19999a,B[7, 9]:3df5c28f,C[7, 9]:410b3333
A[7, 24]:3f555556,B[7, 9]:3f0f5c29,C[7, 9]:41166666
A[7, 25]:3d888889,B[7, 9]:0,C[7, 9]:41166666
A[7, 26]:3e99999a,B[7, 9]:3ee147ae,C[7, 9]:41199168
A[7, 27]:3f088889,B[7, 9]:3f6147ae,C[7, 9]:4124d4fe
A[7, 28]:3f444445,B[7, 9]:3ea3d70a,C[7, 9]:412ab852
A[7, 29]:0,B[7, 9]:3f428f5c,C[7, 9]:412ab852
A[7, 0]:3e6eeef0,B[7, 10]:0,C[7, 10]:3f28f5c3
A[7, 1]:3eeeeef0,B[7, 10]:3ef5c28f,C[7, 10]:3f7ef9dc
A[7, 2]:3f333334,B[7, 10]:3f75c28f,C[7, 10]:4000418a
A[7, 3]:3f6eeef0,B[7, 10]:3ee147ae,C[7, 10]:4027ae16
A[7, 4]:3e2aaaab,B[7, 10]:3f6b851e,C[7, 10]:40366668
A[7, 5]:3eccccce,B[7, 10]:3ecccccc,C[7, 10]:4045c291
A[7, 6]:3f222223,B[7, 10]:3f6147ae,C[7, 10]:407b4397
A[7, 7]:3f5ddddf,B[7, 10]:3eb851eb,C[7, 10]:408c9ba7
A[7, 8]:3dccccce,B[7, 10]:3f570a3d,C[7, 10]:4090a3d8
A[7, 9]:3eaaaaab,B[7, 10]:3ea3d70a,C[7, 10]:4095c290
A[7, 10]:3f111112,B[7, 10]:3f4ccccc,C[7, 10]:40ab851f
A[7, 11]:3f4cccce,B[7, 10]:3e8f5c29,C[7, 10]:40b645a2
A[7, 12]:3d088889,B[7, 10]:3f428f5c,C[7, 10]:40b77cee
A[7, 13]:3e888889,B[7, 10]:3e75c28f,C[7, 10]:40ba8f5d
A[7, 14]:3f000000,B[7, 10]:3f3851eb,C[7, 10]:40cbd70b
A[7, 15]:3f3bbbbc,B[7, 10]:3e4ccccc,C[7, 10]:40d2e148
A[7, 16]:3f777778,B[7, 10]:3f2e147b,C[7, 10]:40f26e98
A[7, 17]:3e4cccce,B[7, 10]:3e23d70a,C[7, 10]:40f3f7cf
A[7, 18]:3edddddf,B[7, 10]:3f23d70a,C[7, 10]:4100a3d7
A[7, 19]:3f2aaaab,B[7, 10]:3df5c28f,C[7, 10]:41028f5c
A[7, 20]:3f666667,B[7, 10]:3f199999,C[7, 10]:410f851e
A[7, 21]:3e088889,B[7, 10]:3da3d70a,C[7, 10]:410fc6a7
A[7, 22]:3ebbbbbc,B[7, 10]:3f0f5c29,C[7, 10]:4114b438
A[7, 23]:3f19999a,B[7, 10]:3d23d70a,C[7, 10]:411547ad
A[7, 24]:3f555556,B[7, 10]:3f051eb8,C[7, 10]:411fae13
A[7, 25]:3d888889,B[7, 10]:0,C[7, 10]:411fae13
A[7, 26]:3e99999a,B[7, 10]:3ef5c28f,C[7, 10]:412322cf
A[7, 27]:3f088889,B[7, 10]:3f75c28f,C[7, 10]:412f6c89
A[7, 28]:3f444445,B[7, 10]:3ee147ae,C[7, 10]:4137851c
A[7, 29]:0,B[7, 10]:3f6b851e,C[7, 10]:4137851c
A[7, 0]:3e6eeef0,B[7, 11]:0,C[7, 11]:3f8a3d71
A[7, 1]:3eeeeef0,B[7, 11]:3f051eb8,C[7, 11]:3fb8d4fe
A[7, 2]:3f333334,B[7, 11]:3d23d70a,C[7, 11]:3fbe3540
A[7, 3]:3f6eeef0,B[7, 11]:3f0f5c29,C[7, 11]:401147ae
A[7, 4]:3e2aaaab,B[7, 11]:3da3d70a,C[7, 11]:40128f5c
A[7, 5]:3eccccce,B[7, 11]:3f199999,C[7, 11]:40299999
A[7, 6]:3f222223,B[7, 11]:3df5c28f,C[7, 11]:4030e560
A[7, 7]:3f5ddddf,B[7, 11]:3f23d70a,C[7, 11]:406624dd
A[7, 8]:3dccccce,B[7, 11]:3e23d70a,C[7, 11]:4067ae14
A[7, 9]:3eaaaaab,B[7, 11]:3f2e147b,C[7, 11]:407d70a3
A[7, 10]:3f111112,B[7, 11]:3e4ccccc,C[7, 11]:408428f5
A[7, 11]:3f4cccce,B[7, 11]:3f3851eb,C[7, 11]:409fced8
A[7, 12]:3d088889,B[7, 11]:3e75c28f,C[7, 11]:40a03126
A[7, 13]:3e888889,B[7, 11]:3f428f5c,C[7, 11]:40a9eb84
A[7, 14]:3f000000,B[7, 11]:3e8f5c29,C[7, 11]:40b0a3d6
A[7, 15]:3f3bbbbc,B[7, 11]:3f4ccccc,C[7, 11]:40cccccc
A[7, 16]:3f777778,B[7, 11]:3ea3d70a,C[7, 11]:40dba5e3
A[7, 17]:3e4cccce,B[7, 11]:3f570a3d,C[7, 11]:40e3b645
A[7, 18]:3edddddf,B[7, 11]:3eb851eb,C[7, 11]:40eb3333
A[7, 19]:3f2aaaab,B[7, 11]:3f6147ae,C[7, 11]:4103ae14
A[7, 20]:3f666667,B[7, 11]:3ecccccc,C[7, 11]:410c51eb
A[7, 21]:3e088889,B[7, 11]:3f6b851e,C[7, 11]:410f4395
A[7, 22]:3ebbbbbc,B[7, 11]:3ee147ae,C[7, 11]:411322d0
A[7, 23]:3f19999a,B[7, 11]:3f75c28f,C[7, 11]:4120f5c2
A[7, 24]:3f555556,B[7, 11]:3ef5c28f,C[7, 11]:412a8f5c
A[7, 25]:3d888889,B[7, 11]:0,C[7, 11]:412a8f5c
A[7, 26]:3e99999a,B[7, 11]:3f051eb8,C[7, 11]:412e4dd3
A[7, 27]:3f088889,B[7, 11]:3d23d70a,C[7, 11]:412ed0e5
A[7, 28]:3f444445,B[7, 11]:3f0f5c29,C[7, 11]:41391eb8
A[7, 29]:0,B[7, 11]:3da3d70a,C[7, 11]:41391eb8
A[7, 0]:3e6eeef0,B[7, 12]:0,C[7, 12]:3e99999a
A[7, 1]:3eeeeef0,B[7, 12]:3f0f5c29,C[7, 12]:3f3126ea
A[7, 2]:3f333334,B[7, 12]:3df5c28f,C[7, 12]:3f516873
A[7, 3]:3f6eeef0,B[7, 12]:3f2e147b,C[7, 12]:3fe28f5d
A[7, 4]:3e2aaaab,B[7, 12]:3e75c28f,C[7, 12]:3fea3d71
A[7, 5]:3eccccce,B[7, 12]:3f4ccccc,C[7, 12]:4013d70a
A[7, 6]:3f222223,B[7, 12]:3eb851eb,C[7, 12]:4029ba5e
A[7, 7]:3f5ddddf,B[7, 12]:3f6b851e,C[7, 12]:407645a2
A[7, 8]:3dccccce,B[7, 12]:3ef5c28f,C[7, 12]:407ae148
A[7, 9]:3eaaaaab,B[7, 12]:3d23d70a,C[7, 12]:407c28f6
A[7, 10]:3f111112,B[7, 12]:3f199999,C[7, 12]:408e6666
A[7, 11]:3f4cccce,B[7, 12]:3e23d70a,C[7, 12]:40948b43
A[7, 12]:3d088889,B[7, 12]:3f3851eb,C[7, 12]:4095b22c
A[7, 13]:3e888889,B[7, 12]:3e8f5c29,C[7, 12]:409947ad
A[7, 14]:3f000000,B[7, 12]:3f570a3d,C[7, 12]:40ad70a3
A[7, 15]:3f3bbbbc,B[7, 12]:3ecccccc,C[7, 12]:40bb851e
A[7, 16]:3f777778,B[7, 12]:3f75c28f,C[7, 12]:40e81062
A[7, 17]:3e4cccce,B[7, 12]:3f051eb8,C[7, 12]:40ed0e56
A[7, 18]:3edddddf,B[7, 12]:3da3d70a,C[7, 12]:40eeb852
A[7, 19]:3f2aaaab,B[7, 12]:3f23d70a,C[7, 12]:4101999a
A[7, 20]:3f666667,B[7, 12]:3e4ccccc,C[7, 12]:4105eb86
A[7, 21]:3e088889,B[7, 12]:3f428f5c,C[7, 12]:41085a1e
A[7, 22]:3ebbbbbc,B[7, 12]:3ea3d70a,C[7, 12]:410b2b03
A[7, 23]:3f19999a,B[7, 12]:3f6147ae,C[7, 12]:4117d70b
A[7, 24]:3f555556,B[7, 12]:3ee147ae,C[7, 12]:4120a3d8
A[7, 25]:3d888889,B[7, 12]:0,C[7, 12]:4120a3d8
A[7, 26]:3e99999a,B[7, 12]:3f0f5c29,C[7, 12]:4124ac09
A[7, 27]:3f088889,B[7, 12]:3df5c28f,C[7, 12]:41263540
A[7, 28]:3f444445,B[7, 12]:3f2e147b,C[7, 12]:4132b852
A[7, 29]:0,B[7, 12]:3e75c28f,C[7, 12]:4132b852
A[7, 0]:3e6eeef0,B[7, 13]:0,C[7, 13]:3f3851ec
A[7, 1]:3eeeeef0,B[7, 13]:3f199999,C[7, 13]:3f91eb86
A[7, 2]:3f333334,B[7, 13]:3e4ccccc,C[7, 13]:3facccce
A[7, 3]:3f6eeef0,B[7, 13]:3f4ccccc,C[7, 13]:401e147c
A[7, 4]:3e2aaaab,B[7, 13]:3ecccccc,C[7, 13]:40247ae2
A[7, 5]:3eccccce,B[7, 13]:0,C[7, 13]:40247ae2
A[7, 6]:3f222223,B[7, 13]:3f199999,C[7, 13]:4048f5c3
A[7, 7]:3f5ddddf,B[7, 13]:3e4ccccc,C[7, 13]:4059999a
A[7, 8]:3dccccce,B[7, 13]:3f4ccccc,C[7, 13]:406147ae
A[7, 9]:3eaaaaab,B[7, 13]:3ecccccc,C[7, 13]:406e147b
A[7, 10]:3f111112,B[7, 13]:0,C[7, 13]:406e147b
A[7, 11]:3f4cccce,B[7, 13]:3f199999,C[7, 13]:408e147b
A[7, 12]:3d088889,B[7, 13]:3e4ccccc,C[7, 13]:408e6667
A[7, 13]:3e888889,B[7, 13]:3f4ccccc,C[7, 13]:4098a3d8
A[7, 14]:3f000000,B[7, 13]:3ecccccc,C[7, 13]:40a23d72
A[7, 15]:3f3bbbbc,B[7, 13]:0,C[7, 13]:40a23d72
A[7, 16]:3f777778,B[7, 13]:3f199999,C[7, 13]:40be147c
A[7, 17]:3e4cccce,B[7, 13]:3e4ccccc,C[7, 13]:40c00001
A[7, 18]:3edddddf,B[7, 13]:3f4ccccc,C[7, 13]:40d0a3d8
A[7, 19]:3f2aaaab,B[7, 13]:3ecccccc,C[7, 13]:40dd70a5
A[7, 20]:3f666667,B[7, 13]:0,C[7, 13]:40dd70a5
A[7, 21]:3e088889,B[7, 13]:3f199999,C[7, 13]:40e147af
A[7, 22]:3ebbbbbc,B[7, 13]:3e4ccccc,C[7, 13]:40e4ccce
A[7, 23]:3f19999a,B[7, 13]:3f4ccccc,C[7, 13]:40fbd70b
A[7, 24]:3f555556,B[7, 13]:3ecccccc,C[7, 13]:4105eb85
A[7, 25]:3d888889,B[7, 13]:0,C[7, 13]:4105eb85
A[7, 26]:3e99999a,B[7, 13]:3f199999,C[7, 13]:410a3d70
A[7, 27]:3f088889,B[7, 13]:3e4ccccc,C[7, 13]:410ccccc
A[7, 28]:3f444445,B[7, 13]:3f4ccccc,C[7, 13]:411b851e
A[7, 29]:0,B[7, 13]:3ecccccc,C[7, 13]:411b851e
A[7, 0]:3e6eeef0,B[7, 14]:0,C[7, 14]:3f91eb85
A[7, 1]:3eeeeef0,B[7, 14]:3f23d70a,C[7, 14]:3fcb4396
A[7, 2]:3f333334,B[7, 14]:3e8f5c29,C[7, 14]:3ff0e561
A[7, 3]:3f6eeef0,B[7, 14]:3f6b851e,C[7, 14]:404ae148
A[7, 4]:3e2aaaab,B[7, 14]:3f0f5c29,C[7, 14]:4053d70b
A[7, 5]:3eccccce,B[7, 14]:3e4ccccc,C[7, 14]:405b851f
A[7, 6]:3f222223,B[7, 14]:3f570a3d,C[7, 14]:40874bc7
A[7, 7]:3f5ddddf,B[7, 14]:3ef5c28f,C[7, 14]:409b4396
A[7, 8]:3dccccce,B[7, 14]:3df5c28f,C[7, 14]:409bd70b
A[7, 9]:3eaaaaab,B[7, 14]:3f428f5c,C[7, 14]:40a80001
A[7, 10]:3f111112,B[7, 14]:3ecccccc,C[7, 14]:40b2e149
A[7, 11]:3f4cccce,B[7, 14]:3d23d70a,C[7, 14]:40b46a80
A[7, 12]:3d088889,B[7, 14]:3f2e147b,C[7, 14]:40b58107
A[7, 13]:3e888889,B[7, 14]:3ea3d70a,C[7, 14]:40b9999a
A[7, 14]:3f000000,B[7, 14]:3f75c28f,C[7, 14]:40d0a3d7
A[7, 15]:3f3bbbbc,B[7, 14]:3f199999,C[7, 14]:40e5c28f
A[7, 16]:3f777778,B[7, 14]:3e75c28f,C[7, 14]:40f0e560
A[7, 17]:3e4cccce,B[7, 14]:3f6147ae,C[7, 14]:40f95810
A[7, 18]:3edddddf,B[7, 14]:3f051eb8,C[7, 14]:4102147b
A[7, 19]:3f2aaaab,B[7, 14]:3e23d70a,C[7, 14]:4104a3d7
A[7, 20]:3f666667,B[7, 14]:3f4ccccc,C[7, 14]:4115eb85
A[7, 21]:3e088889,B[7, 14]:3ee147ae,C[7, 14]:411753f8
A[7, 22]:3ebbbbbc,B[7, 14]:3da3d70a,C[7, 14]:41180831
A[7, 23]:3f19999a,B[7, 14]:3f3851eb,C[7, 14]:41226666
A[7, 24]:3f555556,B[7, 14]:3eb851eb,C[7, 14]:41299999
A[7, 25]:3d888889,B[7, 14]:0,C[7, 14]:41299999
A[7, 26]:3e99999a,B[7, 14]:3f23d70a,C[7, 14]:412e353f
A[7, 27]:3f088889,B[7, 14]:3e8f5c29,C[7, 14]:4131cac0
A[7, 28]:3f444445,B[7, 14]:3f6b851e,C[7, 14]:4142b852
A[7, 29]:0,B[7, 14]:3f0f5c29,C[7, 14]:4142b852
A[7, 0]:3e6eeef0,B[7, 15]:0,C[7, 15]:3eb851ec
A[7, 1]:3eeeeef0,B[7, 15]:3f2e147b,C[7, 15]:3f56041a
A[7, 2]:3f333334,B[7, 15]:3eb851eb,C[7, 15]:3f9b645b
A[7, 3]:3f6eeef0,B[7, 15]:3d23d70a,C[7, 15]:3fa28f5d
A[7, 4]:3e2aaaab,B[7, 15]:3f3851eb,C[7, 15]:3fb9999a
A[7, 5]:3eccccce,B[7, 15]:3ecccccc,C[7, 15]:3fd851ec
A[7, 6]:3f222223,B[7, 15]:3da3d70a,C[7, 15]:3fe20c4a
A[7, 7]:3f5ddddf,B[7, 15]:3f428f5c,C[7, 15]:4030418a
A[7, 8]:3dccccce,B[7, 15]:3ee147ae,C[7, 15]:40347ae2
A[7, 9]:3eaaaaab,B[7, 15]:3df5c28f,C[7, 15]:403851ec
A[7, 10]:3f111112,B[7, 15]:3f4ccccc,C[7, 15]:4063d70b
A[7, 11]:3f4cccce,B[7, 15]:3ef5c28f,C[7, 15]:40845a1d
A[7, 12]:3d088889,B[7, 15]:3e23d70a,C[7, 15]:40849ba6
A[7, 13]:3e888889,B[7, 15]:3f570a3d,C[7, 15]:408f5c29
A[7, 14]:3f000000,B[7, 15]:3f051eb8,C[7, 15]:409bd70a
A[7, 15]:3f3bbbbc,B[7, 15]:3e4ccccc,C[7, 15]:40a2e147
A[7, 16]:3f777778,B[7, 15]:3f6147ae,C[7, 15]:40cbb645
A[7, 17]:3e4cccce,B[7, 15]:3f0f5c29,C[7, 15]:40d11687
A[7, 18]:3edddddf,B[7, 15]:3e75c28f,C[7, 15]:40d6147b
A[7, 19]:3f2aaaab,B[7, 15]:3f6b851e,C[7, 15]:40f3851f
A[7, 20]:3f666667,B[7, 15]:3f199999,C[7, 15]:4106b852
A[7, 21]:3e088889,B[7, 15]:3e8f5c29,C[7, 15]:41079db2
A[7, 22]:3ebbbbbc,B[7, 15]:3f75c28f,C[7, 15]:41101062
A[7, 23]:3f19999a,B[7, 15]:3f23d70a,C[7, 15]:411947ae
A[7, 24]:3f555556,B[7, 15]:3ea3d70a,C[7, 15]:411fae14
A[7, 25]:3d888889,B[7, 15]:0,C[7, 15]:411fae14
A[7, 26]:3e99999a,B[7, 15]:3f2e147b,C[7, 15]:41249374
A[7, 27]:3f088889,B[7, 15]:3eb851eb,C[7, 15]:41292f1a
A[7, 28]:3f444445,B[7, 15]:3d23d70a,C[7, 15]:4129eb84
A[7, 29]:0,B[7, 15]:3f3851eb,C[7, 15]:4129eb84
A[7, 0]:3e6eeef0,B[7, 16]:0,C[7, 16]:3f47ae16
A[7, 1]:3eeeeef0,B[7, 16]:3f3851eb,C[7, 16]:3fa45a1e
A[7, 2]:3f333334,B[7, 16]:3ee147ae,C[7, 16]:3fdf7cef
A[7, 3]:3f6eeef0,B[7, 16]:3e23d70a,C[7, 16]:3ffc28f7
A[7, 4]:3e2aaaab,B[7, 16]:3f6147ae,C[7, 16]:400c28f6
A[7, 5]:3eccccce,B[7, 16]:3f199999,C[7, 16]:40233333
A[7, 6]:3f222223,B[7, 16]:3ea3d70a,C[7, 16]:4036a7f0
A[7, 7]:3f5ddddf,B[7, 16]:3d23d70a,C[7, 16]:4039fbe8
A[7, 8]:3dccccce,B[7, 16]:3f428f5c,C[7, 16]:404147af
A[7, 9]:3eaaaaab,B[7, 16]:3ef5c28f,C[7, 16]:4050a3d8
A[7, 10]:3f111112,B[7, 16]:3e4ccccc,C[7, 16]:405b8520
A[7, 11]:3f4cccce,B[7, 16]:3f6b851e,C[7, 16]:40911688
A[7, 12]:3d088889,B[7, 16]:3f23d70a,C[7, 16]:40921cad
A[7, 13]:3e888889,B[7, 16]:3eb851eb,C[7, 16]:4096b853
A[7, 14]:3f000000,B[7, 16]:3da3d70a,C[7, 16]:4098a3d8
A[7, 15]:3f3bbbbc,B[7, 16]:3f4ccccc,C[7, 16]:40b4ccce
A[7, 16]:3f777778,B[7, 16]:3f051eb8,C[7, 16]:40cced93
A[7, 17]:3e4cccce,B[7, 16]:3e75c28f,C[7, 16]:40cf3b66
A[7, 18]:3edddddf,B[7, 16]:3f75c28f,C[7, 16]:40e33335
A[7, 19]:3f2aaaab,B[7, 16]:3f2e147b,C[7, 16]:40f8f5c4
A[7, 20]:3f666667,B[7, 16]:3ecccccc,C[7, 16]:41051eb9
A[7, 21]:3e088889,B[7, 16]:3df5c28f,C[7, 16]:41058107
A[7, 22]:3ebbbbbc,B[7, 16]:3f570a3d,C[7, 16]:410ce561
A[7, 23]:3f19999a,B[7, 16]:3f0f5c29,C[7, 16]:4114f5c3
A[7, 24]:3f555556,B[7, 16]:3e8f5c29,C[7, 16]:411a8f5d
A[7, 25]:3d888889,B[7, 16]:0,C[7, 16]:411a8f5d
A[7, 26]:3e99999a,B[7, 16]:3f3851eb,C[7, 16]:411fbe78
A[7, 27]:3f088889,B[7, 16]:3ee147ae,C[7, 16]:41256043
A[7, 28]:3f444445,B[7, 16]:3e23d70a,C[7, 16]:412851ed
A[7, 29]:0,B[7, 16]:3f6147ae,C[7, 16]:412851ed
A[7, 0]:3e6eeef0,B[7, 17]:0,C[7, 17]:0
A[7, 1]:3eeeeef0,B[7, 17]:3f428f5c,C[7, 17]:3f083127
A[7, 2]:3f333334,B[7, 17]:3f051eb8,C[7, 17]:3f89fbe8
A[7, 3]:3f6eeef0,B[7, 17]:3e8f5c29,C[7, 17]:3fbc28f6
A[7, 4]:3e2aaaab,B[7, 17]:3d23d70a,C[7, 17]:3fbd70a4
A[7, 5]:3eccccce,B[7, 17]:3f4ccccc,C[7, 17]:3ffae148
A[7, 6]:3f222223,B[7, 17]:3f0f5c29,C[7, 17]:401f7cee
A[7, 7]:3f5ddddf,B[7, 17]:3ea3d70a,C[7, 17]:403a1cac
A[7, 8]:3dccccce,B[7, 17]:3da3d70a,C[7, 17]:403ae148
A[7, 9]:3eaaaaab,B[7, 17]:3f570a3d,C[7, 17]:4055c290
A[7, 10]:3f111112,B[7, 17]:3f199999,C[7, 17]:40766667
A[7, 11]:3f4cccce,B[7, 17]:3eb851eb,C[7, 17]:40890625
A[7, 12]:3d088889,B[7, 17]:3df5c28f,C[7, 17]:4089374c
A[7, 13]:3e888889,B[7, 17]:3f6147ae,C[7, 17]:40947ae2
A[7, 14]:3f000000,B[7, 17]:3f23d70a,C[7, 17]:40a3d70b
A[7, 15]:3f3bbbbc,B[7, 17]:3ecccccc,C[7, 17]:40b1eb86
A[7, 16]:3f777778,B[7, 17]:3e23d70a,C[7, 17]:40b95811
A[7, 17]:3e4cccce,B[7, 17]:3f6b851e,C[7, 17]:40c22d0f
A[7, 18]:3edddddf,B[7, 17]:3f2e147b,C[7, 17]:40d051ec
A[7, 19]:3f2aaaab,B[7, 17]:3ee147ae,C[7, 17]:40de6667
A[7, 20]:3f666667,B[7, 17]:3e4ccccc,C[7, 17]:40e70a3e
A[7, 21]:3e088889,B[7, 17]:3f75c28f,C[7, 17]:40ed2f1b
A[7, 22]:3ebbbbbc,B[7, 17]:3f3851eb,C[7, 17]:40f9db23
A[7, 23]:3f19999a,B[7, 17]:3ef5c28f,C[7, 17]:4103d70a
A[7, 24]:3f555556,B[7, 17]:3e75c28f,C[7, 17]:4108a3d7
A[7, 25]:3d888889,B[7, 17]:0,C[7, 17]:4108a3d7
A[7, 26]:3e99999a,B[7, 17]:3f428f5c,C[7, 17]:410e1cac
A[7, 27]:3f088889,B[7, 17]:3f051eb8,C[7, 17]:4114c49c
A[7, 28]:3f444445,B[7, 17]:3e8f5c29,C[7, 17]:4119eb86
A[7, 29]:0,B[7, 17]:3d23d70a,C[7, 17]:4119eb86
A[7, 0]:3e6eeef0,B[7, 18]:0,C[7, 18]:3ed70a3e
A[7, 1]:3eeeeef0,B[7, 18]:3f4ccccc,C[7, 18]:3f7ae148
A[7, 2]:3f333334,B[7, 18]:3f199999,C[7, 18]:3fce147b
A[7, 3]:3f6eeef0,B[7, 18]:3ecccccc,C[7, 18]:400ae148
A[7, 4]:3e2aaaab,B[7, 18]:3e4ccccc,C[7, 18]:400e147b
A[7, 5]:3eccccce,B[7, 18]:0,C[7, 18]:400e147b
A[7, 6]:3f222223,B[7, 18]:3f4ccccc,C[7, 18]:403eb852
A[7, 7]:3f5ddddf,B[7, 18]:3f199999,C[7, 18]:4070a3d7
A[7, 8]:3dccccce,B[7, 18]:3ecccccc,C[7, 18]:40747ae1
A[7, 9]:3eaaaaab,B[7, 18]:3e4ccccc,C[7, 18]:407ae147
A[7, 10]:3f111112,B[7, 18]:0,C[7, 18]:407ae147
A[7, 11]:3f4cccce,B[7, 18]:3f4ccccc,C[7, 18]:409c28f5
A[7, 12]:3d088889,B[7, 18]:3f199999,C[7, 18]:409d1eb8
A[7, 13]:3e888889,B[7, 18]:3ecccccc,C[7, 18]:40a23d70
A[7, 14]:3f000000,B[7, 18]:3e4ccccc,C[7, 18]:40a70a3d
A[7, 15]:3f3bbbbc,B[7, 18]:0,C[7, 18]:40a70a3d
A[7, 16]:3f777778,B[7, 18]:3f4ccccc,C[7, 18]:40cc28f5
A[7, 17]:3e4cccce,B[7, 18]:3f199999,C[7, 18]:40d1eb84
A[7, 18]:3edddddf,B[7, 18]:3ecccccc,C[7, 18]:40da3d70
A[7, 19]:3f2aaaab,B[7, 18]:3e4ccccc,C[7, 18]:40e0a3d6
A[7, 20]:3f666667,B[7, 18]:0,C[7, 18]:40e0a3d6
A[7, 21]:3e088889,B[7, 18]:3f4ccccc,C[7, 18]:40e5c28e
A[7, 22]:3ebbbbbc,B[7, 18]:3f199999,C[7, 18]:40f051ea
A[7, 23]:3f19999a,B[7, 18]:3ecccccc,C[7, 18]:40fbd709
A[7, 24]:3f555556,B[7, 18]:3e4ccccc,C[7, 18]:4101eb84
A[7, 25]:3d888889,B[7, 18]:0,C[7, 18]:4101eb84
A[7, 26]:3e99999a,B[7, 18]:3f4ccccc,C[7, 18]:4107ae13
A[7, 27]:3f088889,B[7, 18]:3f199999,C[7, 18]:410f5c28
A[7, 28]:3f444445,B[7, 18]:3ecccccc,C[7, 18]:4116b851
A[7, 29]:0,B[7, 18]:3e4ccccc,C[7, 18]:4116b851
A[7, 0]:3e6eeef0,B[7, 19]:0,C[7, 19]:3f570a3e
A[7, 1]:3eeeeef0,B[7, 19]:3f570a3d,C[7, 19]:3fb6c8b4
A[7, 2]:3f333334,B[7, 19]:3f2e147b,C[7, 19]:40091687
A[7, 3]:3f6eeef0,B[7, 19]:3f051eb8,C[7, 19]:4037ae14
A[7, 4]:3e2aaaab,B[7, 19]:3eb851eb,C[7, 19]:403d70a3
A[7, 5]:3eccccce,B[7, 19]:3e4ccccc,C[7, 19]:40451eb7
A[7, 6]:3f222223,B[7, 19]:3d23d70a,C[7, 19]:40478d4f
A[7, 7]:3f5ddddf,B[7, 19]:3f6147ae,C[7, 19]:4088624e
A[7, 8]:3dccccce,B[7, 19]:3f3851eb,C[7, 19]:408bd70a
A[7, 9]:3eaaaaab,B[7, 19]:3f0f5c29,C[7, 19]:4094cccd
A[7, 10]:3f111112,B[7, 19]:3ecccccc,C[7, 19]:409fae15
A[7, 11]:3f4cccce,B[7, 19]:3e75c28f,C[7, 19]:40a8e561
A[7, 12]:3d088889,B[7, 19]:3da3d70a,C[7, 19]:40a90626
A[7, 13]:3e888889,B[7, 19]:3f6b851e,C[7, 19]:40b4ccce
A[7, 14]:3f000000,B[7, 19]:3f428f5c,C[7, 19]:40c70a3f
A[7, 15]:3f3bbbbc,B[7, 19]:3f199999,C[7, 19]:40dc28f7
A[7, 16]:3f777778,B[7, 19]:3ee147ae,C[7, 19]:40f09376
A[7, 17]:3e4cccce,B[7, 19]:3e8f5c29,C[7, 19]:40f34397
A[7, 18]:3edddddf,B[7, 19]:3df5c28f,C[7, 19]:40f5c291
A[7, 19]:3f2aaaab,B[7, 19]:3f75c28f,C[7, 19]:410a3d71
A[7, 20]:3f666667,B[7, 19]:3f4ccccc,C[7, 19]:411b851f
A[7, 21]:3e088889,B[7, 19]:3f23d70a,C[7, 19]:411d9169
A[7, 22]:3ebbbbbc,B[7, 19]:3ef5c28f,C[7, 19]:4121cac1
A[7, 23]:3f19999a,B[7, 19]:3ea3d70a,C[7, 19]:41266667
A[7, 24]:3f555556,B[7, 19]:3e23d70a,C[7, 19]:4129999a
A[7, 25]:3d888889,B[7, 19]:0,C[7, 19]:4129999a
A[7, 26]:3e99999a,B[7, 19]:3f570a3d,C[7, 19]:412fa5e4
A[7, 27]:3f088889,B[7, 19]:3f2e147b,C[7, 19]:41385a1d
A[7, 28]:3f444445,B[7, 19]:3f051eb8,C[7, 19]:4141eb86
A[7, 29]:0,B[7, 19]:3eb851eb,C[7, 19]:4141eb86
A[7, 0]:3e6eeef0,B[7, 20]:0,C[7, 20]:3d75c290
A[7, 1]:3eeeeef0,B[7, 20]:3f6147ae,C[7, 20]:3f2d0e57
A[7, 2]:3f333334,B[7, 20]:3f428f5c,C[7, 20]:3fbcac09
A[7, 3]:3f6eeef0,B[7, 20]:3f23d70a,C[7, 20]:4017ae15
A[7, 4]:3e2aaaab,B[7, 20]:3f051eb8,C[7, 20]:40200000
A[7, 5]:3eccccce,B[7, 20]:3ecccccc,C[7, 20]:402f5c29
A[7, 6]:3f222223,B[7, 20]:3e8f5c29,C[7, 20]:4040624e
A[7, 7]:3f5ddddf,B[7, 20]:3e23d70a,C[7, 20]:404db22d
A[7, 8]:3dccccce,B[7, 20]:3d23d70a,C[7, 20]:404e147b
A[7, 9]:3eaaaaab,B[7, 20]:3f6b851e,C[7, 20]:406b851f
A[7, 10]:3f111112,B[7, 20]:3f4ccccc,C[7, 20]:408b851f
A[7, 11]:3f4cccce,B[7, 20]:3f2e147b,C[7, 20]:40a5a1cb
A[7, 12]:3d088889,B[7, 20]:3f0f5c29,C[7, 20]:40a6872b
A[7, 13]:3e888889,B[7, 20]:3ee147ae,C[7, 20]:40ac28f6
A[7, 14]:3f000000,B[7, 20]:3ea3d70a,C[7, 20]:40b3d70a
A[7, 15]:3f3bbbbc,B[7, 20]:3e4ccccc,C[7, 20]:40bae147
A[7, 16]:3f777778,B[7, 20]:3da3d70a,C[7, 20]:40be978d
A[7, 17]:3e4cccce,B[7, 20]:3f75c28f,C[7, 20]:40c7ced9
A[7, 18]:3edddddf,B[7, 20]:3f570a3d,C[7, 20]:40d947ae
A[7, 19]:3f2aaaab,B[7, 20]:3f3851eb,C[7, 20]:40f051eb
A[7, 20]:3f666667,B[7, 20]:3f199999,C[7, 20]:41051eb8
A[7, 21]:3e088889,B[7, 20]:3ef5c28f,C[7, 20]:4106a7ef
A[7, 22]:3ebbbbbc,B[7, 20]:3eb851eb,C[7, 20]:4109d2f1
A[7, 23]:3f19999a,B[7, 20]:3e75c28f,C[7, 20]:410d47ad
A[7, 24]:3f555556,B[7, 20]:3df5c28f,C[7, 20]:410fae13
A[7, 25]:3d888889,B[7, 20]:0,C[7, 20]:410fae13
A[7, 26]:3e99999a,B[7, 20]:3f6147ae,C[7, 20]:41160417
A[7, 27]:3f088889,B[7, 20]:3f428f5c,C[7, 20]:411fbe75
A[7, 28]:3f444445,B[7, 20]:3f23d70a,C[7, 20]:412b851d
A[7, 29]:0,B[7, 20]:3f051eb8,C[7, 20]:412b851d
A[7, 0]:3e6eeef0,B[7, 21]:0,C[7, 21]:3ef5c290
A[7, 1]:3eeeeef0,B[7, 21]:3f6b851e,C[7, 21]:3f8fdf3c
A[7, 2]:3f333334,B[7, 21]:3f570a3d,C[7, 21]:4000624e
A[7, 3]:3f6eeef0,B[7, 21]:3f428f5c,C[7, 21]:40447ae2
A[7, 4]:3e2aaaab,B[7, 21]:3f2e147b,C[7, 21]:404f5c2a
A[7, 5]:3eccccce,B[7, 21]:3f199999,C[7, 21]:40666667
A[7, 6]:3f222223,B[7, 21]:3f051eb8,C[7, 21]:4083020d
A[7, 7]:3f5ddddf,B[7, 21]:3ee147ae,C[7, 21]:40954fe0
A[7, 8]:3dccccce,B[7, 21]:3eb851eb,C[7, 21]:40970a3e
A[7, 9]:3eaaaaab,B[7, 21]:3e8f5c29,C[7, 21]:409b851f
A[7, 10]:3f111112,B[7, 21]:3e4ccccc,C[7, 21]:40a0f5c3
A[7, 11]:3f4cccce,B[7, 21]:3df5c28f,C[7, 21]:40a59169
A[7, 12]:3d088889,B[7, 21]:3d23d70a,C[7, 21]:40a5a1cb
A[7, 13]:3e888889,B[7, 21]:3f75c28f,C[7, 21]:40b1eb85
A[7, 14]:3f000000,B[7, 21]:3f6147ae,C[7, 21]:40c70a3d
A[7, 15]:3f3bbbbc,B[7, 21]:3f4ccccc,C[7, 21]:40e33333
A[7, 16]:3f777778,B[7, 21]:3f3851eb,C[7, 21]:41024dd3
A[7, 17]:3e4cccce,B[7, 21]:3f23d70a,C[7, 21]:41056042
A[7, 18]:3edddddf,B[7, 21]:3f0f5c29,C[7, 21]:410b3334
A[7, 19]:3f2aaaab,B[7, 21]:3ef5c28f,C[7, 21]:4112e148
A[7, 20]:3f666667,B[7, 21]:3ecccccc,C[7, 21]:411b851f
A[7, 21]:3e088889,B[7, 21]:3ea3d70a,C[7, 21]:411c8b44
A[7, 22]:3ebbbbbc,B[7, 21]:3e75c28f,C[7, 21]:411ea7f0
A[7, 23]:3f19999a,B[7, 21]:3e23d70a,C[7, 21]:4120f5c3
A[7, 24]:3f555556,B[7, 21]:3da3d70a,C[7, 21]:41228f5d
A[7, 25]:3d888889,B[7, 21]:0,C[7, 21]:41228f5d
A[7, 26]:3e99999a,B[7, 21]:3f6b851e,C[7, 21]:41292f1b
A[7, 27]:3f088889,B[7, 21]:3f570a3d,C[7, 21]:4133ef9e
A[7, 28]:3f444445,B[7, 21]:3f428f5c,C[7, 21]:4141eb86
A[7, 29]:0,B[7, 21]:3f2e147b,C[7, 21]:4141eb86
A[7, 0]:3e6eeef0,B[7, 22]:0,C[7, 22]:3f666667
A[7, 1]:3eeeeef0,B[7, 22]:3f75c28f,C[7, 22]:3fc9374c
A[7, 2]:3f333334,B[7, 22]:3f6b851e,C[7, 22]:40226e98
A[7, 3]:3f6eeef0,B[7, 22]:3f6147ae,C[7, 22]:407147af
A[7, 4]:3e2aaaab,B[7, 22]:3f570a3d,C[7, 22]:407eb853
A[7, 5]:3eccccce,B[7, 22]:3f4ccccc,C[7, 22]:408eb852
A[7, 6]:3f222223,B[7, 22]:3f428f5c,C[7, 22]:40a5d2f2
A[7, 7]:3f5ddddf,B[7, 22]:3f3851eb,C[7, 22]:40c3c6a8
A[7, 8]:3dccccce,B[7, 22]:3f2e147b,C[7, 22]:40c70a3e
A[7, 9]:3eaaaaab,B[7, 22]:3f23d70a,C[7, 22]:40d147af
A[7, 10]:3f111112,B[7, 22]:3f199999,C[7, 22]:40e1999a
A[7, 11]:3f4cccce,B[7, 22]:3f0f5c29,C[7, 22]:40f71aa0
A[7, 12]:3d088889,B[7, 22]:3f051eb8,C[7, 22]:40f7ef9e
A[7, 13]:3e888889,B[7, 22]:3ef5c28f,C[7, 22]:40fe147b
A[7, 14]:3f000000,B[7, 22]:3ee147ae,C[7, 22]:410451ec
A[7, 15]:3f3bbbbc,B[7, 22]:3ecccccc,C[7, 22]:410b5c29
A[7, 16]:3f777778,B[7, 22]:3eb851eb,C[7, 22]:4113b646
A[7, 17]:3e4cccce,B[7, 22]:3ea3d70a,C[7, 22]:41153f7d
A[7, 18]:3edddddf,B[7, 22]:3e8f5c29,C[7, 22]:411828f6
A[7, 19]:3f2aaaab,B[7, 22]:3e75c28f,C[7, 22]:411c0000
A[7, 20]:3f666667,B[7, 22]:3e4ccccc,C[7, 22]:412051ec
A[7, 21]:3e088889,B[7, 22]:3e23d70a,C[7, 22]:4120d4fe
A[7, 22]:3ebbbbbc,B[7, 22]:3df5c28f,C[7, 22]:4121e354
A[7, 23]:3f19999a,B[7, 22]:3da3d70a,C[7, 22]:41230a3d
A[7, 24]:3f555556,B[7, 22]:3d23d70a,C[7, 22]:4123d70a
A[7, 25]:3d888889,B[7, 22]:0,C[7, 22]:4123d70a
A[7, 26]:3e99999a,B[7, 22]:3f75c28f,C[7, 22]:412ac083
A[7, 27]:3f088889,B[7, 22]:3f6b851e,C[7, 22]:4136872b
A[7, 28]:3f444445,B[7, 22]:3f6147ae,C[7, 22]:4146b852
A[7, 29]:0,B[7, 22]:3f570a3d,C[7, 22]:4146b852
A[7, 0]:3e6eeef0,B[7, 23]:0,C[7, 23]:3df5c290
A[7, 1]:3eeeeef0,B[7, 23]:0,C[7, 23]:3df5c290
A[7, 2]:3f333334,B[7, 23]:0,C[7, 23]:3df5c290
A[7, 3]:3f6eeef0,B[7, 23]:0,C[7, 23]:3df5c290
A[7, 4]:3e2aaaab,B[7, 23]:0,C[7, 23]:3df5c290
A[7, 5]:3eccccce,B[7, 23]:0,C[7, 23]:3df5c290
A[7, 6]:3f222223,B[7, 23]:0,C[7, 23]:3df5c290
A[7, 7]:3f5ddddf,B[7, 23]:0,C[7, 23]:3df5c290
A[7, 8]:3dccccce,B[7, 23]:0,C[7, 23]:3df5c290
A[7, 9]:3eaaaaab,B[7, 23]:0,C[7, 23]:3df5c290
A[7, 10]:3f111112,B[7, 23]:0,C[7, 23]:3df5c290
A[7, 11]:3f4cccce,B[7, 23]:0,C[7, 23]:3df5c290
A[7, 12]:3d088889,B[7, 23]:0,C[7, 23]:3df5c290
A[7, 13]:3e888889,B[7, 23]:0,C[7, 23]:3df5c290
A[7, 14]:3f000000,B[7, 23]:0,C[7, 23]:3df5c290
A[7, 15]:3f3bbbbc,B[7, 23]:0,C[7, 23]:3df5c290
A[7, 16]:3f777778,B[7, 23]:0,C[7, 23]:3df5c290
A[7, 17]:3e4cccce,B[7, 23]:0,C[7, 23]:3df5c290
A[7, 18]:3edddddf,B[7, 23]:0,C[7, 23]:3df5c290
A[7, 19]:3f2aaaab,B[7, 23]:0,C[7, 23]:3df5c290
A[7, 20]:3f666667,B[7, 23]:0,C[7, 23]:3df5c290
A[7, 21]:3e088889,B[7, 23]:0,C[7, 23]:3df5c290
A[7, 22]:3ebbbbbc,B[7, 23]:0,C[7, 23]:3df5c290
A[7, 23]:3f19999a,B[7, 23]:0,C[7, 23]:3df5c290
A[7, 24]:3f555556,B[7, 23]:0,C[7, 23]:3df5c290
A[7, 25]:3d888889,B[7, 23]:0,C[7, 23]:3df5c290
A[7, 26]:3e99999a,B[7, 23]:0,C[7, 23]:3df5c290
A[7, 27]:3f088889,B[7, 23]:0,C[7, 23]:3df5c290
A[7, 28]:3f444445,B[7, 23]:0,C[7, 23]:3df5c290
A[7, 29]:0,B[7, 23]:0,C[7, 23]:3df5c290
A[7, 0]:3e6eeef0,B[7, 24]:0,C[7, 24]:3f0a3d71
A[7, 1]:3eeeeef0,B[7, 24]:3d23d70a,C[7, 24]:3f116873
A[7, 2]:3f333334,B[7, 24]:3da3d70a,C[7, 24]:3f26e979
A[7, 3]:3f6eeef0,B[7, 24]:3df5c28f,C[7, 24]:3f51eb86
A[7, 4]:3e2aaaab,B[7, 24]:3e23d70a,C[7, 24]:3f5c28f7
A[7, 5]:3eccccce,B[7, 24]:3e4ccccc,C[7, 24]:3f7ae149
A[7, 6]:3f222223,B[7, 24]:3e75c28f,C[7, 24]:3f9a9fbf
A[7, 7]:3f5ddddf,B[7, 24]:3e8f5c29,C[7, 24]:3fc9374c
A[7, 8]:3dccccce,B[7, 24]:3ea3d70a,C[7, 24]:3fcf5c29
A[7, 9]:3eaaaaab,B[7, 24]:3eb851eb,C[7, 24]:3fe66666
A[7, 10]:3f111112,B[7, 24]:3ecccccc,C[7, 24]:4008f5c2
A[7, 11]:3f4cccce,B[7, 24]:3ee147ae,C[7, 24]:402ac082
A[7, 12]:3d088889,B[7, 24]:3ef5c28f,C[7, 24]:402c49b9
A[7, 13]:3e888889,B[7, 24]:3f051eb8,C[7, 24]:40399998
A[7, 14]:3f000000,B[7, 24]:3f0f5c29,C[7, 24]:40547ae0
A[7, 15]:3f3bbbbc,B[7, 24]:3f199999,C[7, 24]:407eb850
A[7, 16]:3f777778,B[7, 24]:3f23d70a,C[7, 24]:409d0e55
A[7, 17]:3e4cccce,B[7, 24]:3f2e147b,C[7, 24]:40a39580
A[7, 18]:3edddddf,B[7, 24]:3f3851eb,C[7, 24]:40b28f5b
A[7, 19]:3f2aaaab,B[7, 24]:3f428f5c,C[7, 24]:40cae146
A[7, 20]:3f666667,B[7, 24]:3f4ccccc,C[7, 24]:40ed70a2
A[7, 21]:3e088889,B[7, 24]:3f570a3d,C[7, 24]:40f2d0e4
A[7, 22]:3ebbbbbc,B[7, 24]:3f6147ae,C[7, 24]:410126e9
A[7, 23]:3f19999a,B[7, 24]:3f6b851e,C[7, 24]:410e6666
A[7, 24]:3f555556,B[7, 24]:3f75c28f,C[7, 24]:41219999
A[7, 25]:3d888889,B[7, 24]:0,C[7, 24]:41219999
A[7, 26]:3e99999a,B[7, 24]:3d23d70a,C[7, 24]:4121e353
A[7, 27]:3f088889,B[7, 24]:3da3d70a,C[7, 24]:4122e978
A[7, 28]:3f444445,B[7, 24]:3df5c28f,C[7, 24]:41251eb8
A[7, 29]:0,B[7, 24]:3e23d70a,C[7, 24]:41251eb8

done computing: 7, print C
C[7, 0]:411b851f,C[7, 1]:4131eb86,C[7, 2]:412eb852,C[7, 3]:410851eb,C[7, 4]:41438520,C[7, 5]:414851eb,C[7, 6]:41338520,C[7, 7]:412deb84,C[7, 8]:4116b852,C[7, 9]:412ab852,C[7, 10]:4137851c,C[7, 11]:41391eb8,C[7, 12]:4132b852,C[7, 13]:411b851e,C[7, 14]:4142b852,C[7, 15]:4129eb84,C[7, 16]:412851ed,C[7, 17]:4119eb86,C[7, 18]:4116b851,C[7, 19]:4141eb86,C[7, 20]:412b851d,C[7, 21]:4141eb86,C[7, 22]:4146b852,C[7, 23]:3df5c290,C[7, 24]:41251eb8,

//========================

Init I: 8
C[8, 0]:3d4ccccd->3d75c290,C[8, 1]:3ee66667->3f0a3d71,C[8, 2]:3f59999a->3f828f5d,C[8, 3]:3e800000->3e99999a,C[8, 4]:3f266667->3f47ae16,C[8, 5]:3d4ccccd->3d75c290,C[8, 6]:3ee66667->3f0a3d71,C[8, 7]:3f59999a->3f828f5d,C[8, 8]:3e800000->3e99999a,C[8, 9]:3f266667->3f47ae16,C[8, 10]:3d4ccccd->3d75c290,C[8, 11]:3ee66667->3f0a3d71,C[8, 12]:3f59999a->3f828f5d,C[8, 13]:3e800000->3e99999a,C[8, 14]:3f266667->3f47ae16,C[8, 15]:3d4ccccd->3d75c290,C[8, 16]:3ee66667->3f0a3d71,C[8, 17]:3f59999a->3f828f5d,C[8, 18]:3e800000->3e99999a,C[8, 19]:3f266667->3f47ae16,C[8, 20]:3d4ccccd->3d75c290,C[8, 21]:3ee66667->3f0a3d71,C[8, 22]:3f59999a->3f828f5d,C[8, 23]:3e800000->3e99999a,C[8, 24]:3f266667->3f47ae16,
Start computing: 8
A[8, 0]:3e888889,B[8, 0]:0,C[8, 0]:3d75c290
A[8, 1]:3f088889,B[8, 0]:3da3d70a,C[8, 0]:3dfdf3b7
A[8, 2]:3f4cccce,B[8, 0]:3e23d70a,C[8, 0]:3ea1cac1
A[8, 3]:3d888889,B[8, 0]:3e75c28f,C[8, 0]:3eae147b
A[8, 4]:3eaaaaab,B[8, 0]:3ea3d70a,C[8, 0]:3f000000
A[8, 5]:3f19999a,B[8, 0]:3ecccccc,C[8, 0]:3f5c28f6
A[8, 6]:3f5ddddf,B[8, 0]:3ef5c28f,C[8, 0]:3fbdf3b6
A[8, 7]:3e088889,B[8, 0]:3f0f5c29,C[8, 0]:3fcc49ba
A[8, 8]:3eccccce,B[8, 0]:3f23d70a,C[8, 0]:3ffd70a4
A[8, 9]:3f2aaaab,B[8, 0]:3f3851eb,C[8, 0]:402ccccd
A[8, 10]:3f6eeef0,B[8, 0]:3f4ccccc,C[8, 0]:40747ae2
A[8, 11]:3e4cccce,B[8, 0]:3f6147ae,C[8, 0]:4082b021
A[8, 12]:3eeeeef0,B[8, 0]:3f75c28f,C[8, 0]:40983127
A[8, 13]:3f3bbbbc,B[8, 0]:3d23d70a,C[8, 0]:4099999a
A[8, 14]:0,B[8, 0]:3df5c28f,C[8, 0]:4099999a
A[8, 15]:3e888889,B[8, 0]:3e4ccccc,C[8, 0]:409c28f6
A[8, 16]:3f088889,B[8, 0]:3e8f5c29,C[8, 0]:40a353f8
A[8, 17]:3f4cccce,B[8, 0]:3eb851eb,C[8, 0]:40b126ea
A[8, 18]:3d888889,B[8, 0]:3ee147ae,C[8, 0]:40b28f5d
A[8, 19]:3eaaaaab,B[8, 0]:3f051eb8,C[8, 0]:40bae148
A[8, 20]:3f19999a,B[8, 0]:3f199999,C[8, 0]:40cc28f6
A[8, 21]:3f5ddddf,B[8, 0]:3f2e147b,C[8, 0]:40e872b0
A[8, 22]:3e088889,B[8, 0]:3f428f5c,C[8, 0]:40ed4fdf
A[8, 23]:3eccccce,B[8, 0]:3f570a3d,C[8, 0]:40fd70a4
A[8, 24]:3f2aaaab,B[8, 0]:3f6b851e,C[8, 0]:410d70a4
A[8, 25]:3f6eeef0,B[8, 0]:0,C[8, 0]:410d70a4
A[8, 26]:3e4cccce,B[8, 0]:3da3d70a,C[8, 0]:410dd2f2
A[8, 27]:3eeeeef0,B[8, 0]:3e23d70a,C[8, 0]:410f9db3
A[8, 28]:3f3bbbbc,B[8, 0]:3e75c28f,C[8, 0]:4113d70b
A[8, 29]:0,B[8, 0]:3ea3d70a,C[8, 0]:4113d70b
A[8, 0]:3e888889,B[8, 1]:0,C[8, 1]:3f0a3d71
A[8, 1]:3f088889,B[8, 1]:3df5c28f,C[8, 1]:3f22d0e6
A[8, 2]:3f4cccce,B[8, 1]:3e75c28f,C[8, 1]:3f6c8b44
A[8, 3]:3d888889,B[8, 1]:3eb851eb,C[8, 1]:3f75c290
A[8, 4]:3eaaaaab,B[8, 1]:3ef5c28f,C[8, 1]:3f99999a
A[8, 5]:3f19999a,B[8, 1]:3f199999,C[8, 1]:3fdeb852
A[8, 6]:3f5ddddf,B[8, 1]:3f3851eb,C[8, 1]:402b4396
A[8, 7]:3e088889,B[8, 1]:3f570a3d,C[8, 1]:40360419
A[8, 8]:3eccccce,B[8, 1]:3f75c28f,C[8, 1]:405ae148
A[8, 9]:3f2aaaab,B[8, 1]:3da3d70a,C[8, 1]:40600000
A[8, 10]:3f6eeef0,B[8, 1]:3e4ccccc,C[8, 1]:4071eb85
A[8, 11]:3e4cccce,B[8, 1]:3ea3d70a,C[8, 1]:40781062
A[8, 12]:3eeeeef0,B[8, 1]:3ee147ae,C[8, 1]:4085e354
A[8, 13]:3f3bbbbc,B[8, 1]:3f0f5c29,C[8, 1]:4099999a
A[8, 14]:0,B[8, 1]:3f2e147b,C[8, 1]:4099999a
A[8, 15]:3e888889,B[8, 1]:3f4ccccc,C[8, 1]:40a3d70b
A[8, 16]:3f088889,B[8, 1]:3f6b851e,C[8, 1]:40bb645b
A[8, 17]:3f4cccce,B[8, 1]:3d23d70a,C[8, 1]:40bced92
A[8, 18]:3d888889,B[8, 1]:3e23d70a,C[8, 1]:40bd70a4
A[8, 19]:3eaaaaab,B[8, 1]:3e8f5c29,C[8, 1]:40c1eb85
A[8, 20]:3f19999a,B[8, 1]:3ecccccc,C[8, 1]:40cd70a4
A[8, 21]:3f5ddddf,B[8, 1]:3f051eb8,C[8, 1]:40e3126f
A[8, 22]:3e088889,B[8, 1]:3f23d70a,C[8, 1]:40e72b02
A[8, 23]:3eccccce,B[8, 1]:3f428f5c,C[8, 1]:40f5c28f
A[8, 24]:3f2aaaab,B[8, 1]:3f6147ae,C[8, 1]:4108f5c2
A[8, 25]:3f6eeef0,B[8, 1]:0,C[8, 1]:4108f5c2
A[8, 26]:3e4cccce,B[8, 1]:3df5c28f,C[8, 1]:41098937
A[8, 27]:3eeeeef0,B[8, 1]:3e75c28f,C[8, 1]:410c3958
A[8, 28]:3f3bbbbc,B[8, 1]:3eb851eb,C[8, 1]:41128f5c
A[8, 29]:0,B[8, 1]:3ef5c28f,C[8, 1]:41128f5c
A[8, 0]:3e888889,B[8, 2]:0,C[8, 2]:3f828f5d
A[8, 1]:3f088889,B[8, 2]:3e23d70a,C[8, 2]:3f92f1ab
A[8, 2]:3f4cccce,B[8, 2]:3ea3d70a,C[8, 2]:3fc41894
A[8, 3]:3d888889,B[8, 2]:3ef5c28f,C[8, 2]:3fca3d71
A[8, 4]:3eaaaaab,B[8, 2]:3f23d70a,C[8, 2]:3ff33334
A[8, 5]:3f19999a,B[8, 2]:3f4ccccc,C[8, 2]:4027ae15
A[8, 6]:3f5ddddf,B[8, 2]:3f75c28f,C[8, 2]:40778d50
A[8, 7]:3e088889,B[8, 2]:3df5c28f,C[8, 2]:40791687
A[8, 8]:3eccccce,B[8, 2]:3e8f5c29,C[8, 2]:4081eb85
A[8, 9]:3f2aaaab,B[8, 2]:3ee147ae,C[8, 2]:40900000
A[8, 10]:3f6eeef0,B[8, 2]:3f199999,C[8, 2]:40aae148
A[8, 11]:3e4cccce,B[8, 2]:3f428f5c,C[8, 2]:40b22d0f
A[8, 12]:3eeeeef0,B[8, 2]:3f6b851e,C[8, 2]:40c6c8b5
A[8, 13]:3f3bbbbc,B[8, 2]:3da3d70a,C[8, 2]:40c9999a
A[8, 14]:0,B[8, 2]:3e75c28f,C[8, 2]:40c9999a
A[8, 15]:3e888889,B[8, 2]:3ecccccc,C[8, 2]:40ceb852
A[8, 16]:3f088889,B[8, 2]:3f0f5c29,C[8, 2]:40dd0e56
A[8, 17]:3f4cccce,B[8, 2]:3f3851eb,C[8, 2]:40f8b439
A[8, 18]:3d888889,B[8, 2]:3f6147ae,C[8, 2]:40fb851e
A[8, 19]:3eaaaaab,B[8, 2]:3d23d70a,C[8, 2]:40fc28f5
A[8, 20]:3f19999a,B[8, 2]:3e4ccccc,C[8, 2]:4100f5c2
A[8, 21]:3f5ddddf,B[8, 2]:3eb851eb,C[8, 2]:410872b0
A[8, 22]:3e088889,B[8, 2]:3f051eb8,C[8, 2]:410a1cac
A[8, 23]:3eccccce,B[8, 2]:3f2e147b,C[8, 2]:4110a3d7
A[8, 24]:3f2aaaab,B[8, 2]:3f570a3d,C[8, 2]:411e147b
A[8, 25]:3f6eeef0,B[8, 2]:0,C[8, 2]:411e147b
A[8, 26]:3e4cccce,B[8, 2]:3e23d70a,C[8, 2]:411ed917
A[8, 27]:3eeeeef0,B[8, 2]:3ea3d70a,C[8, 2]:41226e98
A[8, 28]:3f3bbbbc,B[8, 2]:3ef5c28f,C[8, 2]:412ae148
A[8, 29]:0,B[8, 2]:3f23d70a,C[8, 2]:412ae148
A[8, 0]:3e888889,B[8, 3]:0,C[8, 3]:3e99999a
A[8, 1]:3f088889,B[8, 3]:3e4ccccc,C[8, 3]:3eeb8520
A[8, 2]:3f4cccce,B[8, 3]:3ecccccc,C[8, 3]:3f70a3d8
A[8, 3]:3d888889,B[8, 3]:3f199999,C[8, 3]:3f800000
A[8, 4]:3eaaaaab,B[8, 3]:3f4ccccc,C[8, 3]:3fb33333
A[8, 5]:3f19999a,B[8, 3]:0,C[8, 3]:3fb33333
A[8, 6]:3f5ddddf,B[8, 3]:3e4ccccc,C[8, 3]:3fd47ae1
A[8, 7]:3e088889,B[8, 3]:3ecccccc,C[8, 3]:3fdeb852
A[8, 8]:3eccccce,B[8, 3]:3f199999,C[8, 3]:40066666
A[8, 9]:3f2aaaab,B[8, 3]:3f4ccccc,C[8, 3]:40399999
A[8, 10]:3f6eeef0,B[8, 3]:0,C[8, 3]:40399999
A[8, 11]:3e4cccce,B[8, 3]:3e4ccccc,C[8, 3]:403d70a3
A[8, 12]:3eeeeef0,B[8, 3]:3ecccccc,C[8, 3]:404f5c28
A[8, 13]:3f3bbbbc,B[8, 3]:3f199999,C[8, 3]:40799998
A[8, 14]:0,B[8, 3]:3f4ccccc,C[8, 3]:40799998
A[8, 15]:3e888889,B[8, 3]:0,C[8, 3]:40799998
A[8, 16]:3f088889,B[8, 3]:3e4ccccc,C[8, 3]:4081eb84
A[8, 17]:3f4cccce,B[8, 3]:3ecccccc,C[8, 3]:409147ad
A[8, 18]:3d888889,B[8, 3]:3f199999,C[8, 3]:40933332
A[8, 19]:3eaaaaab,B[8, 3]:3f4ccccc,C[8, 3]:409fffff
A[8, 20]:3f19999a,B[8, 3]:0,C[8, 3]:409fffff
A[8, 21]:3f5ddddf,B[8, 3]:3e4ccccc,C[8, 3]:40a851ea
A[8, 22]:3e088889,B[8, 3]:3ecccccc,C[8, 3]:40aae146
A[8, 23]:3eccccce,B[8, 3]:3f199999,C[8, 3]:40b66665
A[8, 24]:3f2aaaab,B[8, 3]:3f4ccccc,C[8, 3]:40cffffe
A[8, 25]:3f6eeef0,B[8, 3]:0,C[8, 3]:40cffffe
A[8, 26]:3e4cccce,B[8, 3]:3e4ccccc,C[8, 3]:40d1eb83
A[8, 27]:3eeeeef0,B[8, 3]:3ecccccc,C[8, 3]:40dae146
A[8, 28]:3f3bbbbc,B[8, 3]:3f199999,C[8, 3]:40effffe
A[8, 29]:0,B[8, 3]:3f4ccccc,C[8, 3]:40effffe
A[8, 0]:3e888889,B[8, 4]:0,C[8, 4]:3f47ae16
A[8, 1]:3f088889,B[8, 4]:3e75c28f,C[8, 4]:3f78d500
A[8, 2]:3f4cccce,B[8, 4]:3ef5c28f,C[8, 4]:3fc624de
A[8, 3]:3d888889,B[8, 4]:3f3851eb,C[8, 4]:3fcf5c2a
A[8, 4]:3eaaaaab,B[8, 4]:3f75c28f,C[8, 4]:40066667
A[8, 5]:3f19999a,B[8, 4]:3e4ccccc,C[8, 4]:4011eb86
A[8, 6]:3f5ddddf,B[8, 4]:3ee147ae,C[8, 4]:4036872c
A[8, 7]:3e088889,B[8, 4]:3f2e147b,C[8, 4]:403f3b65
A[8, 8]:3eccccce,B[8, 4]:3f6b851e,C[8, 4]:40628f5d
A[8, 9]:3f2aaaab,B[8, 4]:3e23d70a,C[8, 4]:406cccce
A[8, 10]:3f6eeef0,B[8, 4]:3ecccccc,C[8, 4]:408851ec
A[8, 11]:3e4cccce,B[8, 4]:3f23d70a,C[8, 4]:408e76c9
A[8, 12]:3eeeeef0,B[8, 4]:3f6147ae,C[8, 4]:40a22d0f
A[8, 13]:3f3bbbbc,B[8, 4]:3df5c28f,C[8, 4]:40a66667
A[8, 14]:0,B[8, 4]:3eb851eb,C[8, 4]:40a66667
A[8, 15]:3e888889,B[8, 4]:3f199999,C[8, 4]:40ae147c
A[8, 16]:3f088889,B[8, 4]:3f570a3d,C[8, 4]:40c39582
A[8, 17]:3f4cccce,B[8, 4]:3da3d70a,C[8, 4]:40c6a7f1
A[8, 18]:3d888889,B[8, 4]:3ea3d70a,C[8, 4]:40c7ae16
A[8, 19]:3eaaaaab,B[8, 4]:3f0f5c29,C[8, 4]:40d0a3d9
A[8, 20]:3f19999a,B[8, 4]:3f4ccccc,C[8, 4]:40e7ae16
A[8, 21]:3f5ddddf,B[8, 4]:3d23d70a,C[8, 4]:40e95812
A[8, 22]:3e088889,B[8, 4]:3e8f5c29,C[8, 4]:40eb22d3
A[8, 23]:3eccccce,B[8, 4]:3f051eb8,C[8, 4]:40f51eba
A[8, 24]:3f2aaaab,B[8, 4]:3f428f5c,C[8, 4]:4106b853
A[8, 25]:3f6eeef0,B[8, 4]:0,C[8, 4]:4106b853
A[8, 26]:3e4cccce,B[8, 4]:3e75c28f,C[8, 4]:4107df3c
A[8, 27]:3eeeeef0,B[8, 4]:3ef5c28f,C[8, 4]:410d3f7e
A[8, 28]:3f3bbbbc,B[8, 4]:3f3851eb,C[8, 4]:4119eb86
A[8, 29]:0,B[8, 4]:3f75c28f,C[8, 4]:4119eb86
A[8, 0]:3e888889,B[8, 5]:0,C[8, 5]:3d75c290
A[8, 1]:3f088889,B[8, 5]:3e8f5c29,C[8, 5]:3e916874
A[8, 2]:3f4cccce,B[8, 5]:3f0f5c29,C[8, 5]:3f74bc6c
A[8, 3]:3d888889,B[8, 5]:3f570a3d,C[8, 5]:3f851eb9
A[8, 4]:3eaaaaab,B[8, 5]:3df5c28f,C[8, 5]:3f8ccccd
A[8, 5]:3f19999a,B[8, 5]:3ecccccc,C[8, 5]:3fbae148
A[8, 6]:3f5ddddf,B[8, 5]:3f2e147b,C[8, 5]:40160419
A[8, 7]:3e088889,B[8, 5]:3f75c28f,C[8, 5]:40224dd3
A[8, 8]:3eccccce,B[8, 5]:3e75c28f,C[8, 5]:402b851f
A[8, 9]:3f2aaaab,B[8, 5]:3f051eb8,C[8, 5]:404ccccd
A[8, 10]:3f6eeef0,B[8, 5]:3f4ccccc,C[8, 5]:408a3d71
A[8, 11]:3e4cccce,B[8, 5]:3da3d70a,C[8, 5]:408b020d
A[8, 12]:3eeeeef0,B[8, 5]:3eb851eb,C[8, 5]:4093126f
A[8, 13]:3f3bbbbc,B[8, 5]:3f23d70a,C[8, 5]:40a9999a
A[8, 14]:0,B[8, 5]:3f6b851e,C[8, 5]:40a9999a
A[8, 15]:3e888889,B[8, 5]:3e4ccccc,C[8, 5]:40ac28f6
A[8, 16]:3f088889,B[8, 5]:3ef5c28f,C[8, 5]:40b872b0
A[8, 17]:3f4cccce,B[8, 5]:3f428f5c,C[8, 5]:40d5a1cb
A[8, 18]:3d888889,B[8, 5]:3d23d70a,C[8, 5]:40d5c290
A[8, 19]:3eaaaaab,B[8, 5]:3ea3d70a,C[8, 5]:40dae148
A[8, 20]:3f19999a,B[8, 5]:3f199999,C[8, 5]:40ec28f6
A[8, 21]:3f5ddddf,B[8, 5]:3f6147ae,C[8, 5]:4108624e
A[8, 22]:3e088889,B[8, 5]:3e23d70a,C[8, 5]:4108e560
A[8, 23]:3eccccce,B[8, 5]:3ee147ae,C[8, 5]:410d1eb8
A[8, 24]:3f2aaaab,B[8, 5]:3f3851eb,C[8, 5]:4118a3d7
A[8, 25]:3f6eeef0,B[8, 5]:0,C[8, 5]:4118a3d7
A[8, 26]:3e4cccce,B[8, 5]:3e8f5c29,C[8, 5]:4119fbe7
A[8, 27]:3eeeeef0,B[8, 5]:3f0f5c29,C[8, 5]:41204189
A[8, 28]:3f3bbbbc,B[8, 5]:3f570a3d,C[8, 5]:412f0a3d
A[8, 29]:0,B[8, 5]:3df5c28f,C[8, 5]:412f0a3d
A[8, 0]:3e888889,B[8, 6]:0,C[8, 6]:3f0a3d71
A[8, 1]:3f088889,B[8, 6]:3ea3d70a,C[8, 6]:3f4bc6a8
A[8, 2]:3f4cccce,B[8, 6]:3f23d70a,C[8, 6]:3fc83127
A[8, 3]:3d888889,B[8, 6]:3f75c28f,C[8, 6]:3fd47ae1
A[8, 4]:3eaaaaab,B[8, 6]:3e8f5c29,C[8, 6]:3fe66666
A[8, 5]:3f19999a,B[8, 6]:3f199999,C[8, 6]:4015c28f
A[8, 6]:3f5ddddf,B[8, 6]:3f6b851e,C[8, 6]:40624dd2
A[8, 7]:3e088889,B[8, 6]:3e75c28f,C[8, 6]:40656041
A[8, 8]:3eccccce,B[8, 6]:3f0f5c29,C[8, 6]:407ae147
A[8, 9]:3f2aaaab,B[8, 6]:3f6147ae,C[8, 6]:40999999
A[8, 10]:3f6eeef0,B[8, 6]:3e4ccccc,C[8, 6]:40a28f5c
A[8, 11]:3e4cccce,B[8, 6]:3f051eb8,C[8, 6]:40a78d50
A[8, 12]:3eeeeef0,B[8, 6]:3f570a3d,C[8, 6]:40ba5e35
A[8, 13]:3f3bbbbc,B[8, 6]:3e23d70a,C[8, 6]:40c00000
A[8, 14]:0,B[8, 6]:3ef5c28f,C[8, 6]:40c00000
A[8, 15]:3e888889,B[8, 6]:3f4ccccc,C[8, 6]:40ca3d71
A[8, 16]:3f088889,B[8, 6]:3df5c28f,C[8, 6]:40cd4fe0
A[8, 17]:3f4cccce,B[8, 6]:3ee147ae,C[8, 6]:40de3540
A[8, 18]:3d888889,B[8, 6]:3f428f5c,C[8, 6]:40e0a3d8
A[8, 19]:3eaaaaab,B[8, 6]:3da3d70a,C[8, 6]:40e1eb86
A[8, 20]:3f19999a,B[8, 6]:3ecccccc,C[8, 6]:40ed70a5
A[8, 21]:3f5ddddf,B[8, 6]:3f3851eb,C[8, 6]:4105b22e
A[8, 22]:3e088889,B[8, 6]:3d23d70a,C[8, 6]:4105d2f3
A[8, 23]:3eccccce,B[8, 6]:3eb851eb,C[8, 6]:410947af
A[8, 24]:3f2aaaab,B[8, 6]:3f2e147b,C[8, 6]:411428f7
A[8, 25]:3f6eeef0,B[8, 6]:0,C[8, 6]:411428f7
A[8, 26]:3e4cccce,B[8, 6]:3ea3d70a,C[8, 6]:4115b22e
A[8, 27]:3eeeeef0,B[8, 6]:3f23d70a,C[8, 6]:411cdd30
A[8, 28]:3f3bbbbc,B[8, 6]:3f75c28f,C[8, 6]:412dc290
A[8, 29]:0,B[8, 6]:3e8f5c29,C[8, 6]:412dc290
A[8, 0]:3e888889,B[8, 7]:0,C[8, 7]:3f828f5d
A[8, 1]:3f088889,B[8, 7]:3eb851eb,C[8, 7]:3fa76c8c
A[8, 2]:3f4cccce,B[8, 7]:3f3851eb,C[8, 7]:400b020d
A[8, 3]:3d888889,B[8, 7]:3da3d70a,C[8, 7]:400b851f
A[8, 4]:3eaaaaab,B[8, 7]:3ee147ae,C[8, 7]:4019999a
A[8, 5]:3f19999a,B[8, 7]:3f4ccccc,C[8, 7]:4047ae15
A[8, 6]:3f5ddddf,B[8, 7]:3e23d70a,C[8, 7]:4054fdf4
A[8, 7]:3e088889,B[8, 7]:3f051eb8,C[8, 7]:405ba5e4
A[8, 8]:3eccccce,B[8, 7]:3f6147ae,C[8, 7]:407d70a4
A[8, 9]:3f2aaaab,B[8, 7]:3e75c28f,C[8, 7]:40866666
A[8, 10]:3f6eeef0,B[8, 7]:3f199999,C[8, 7]:40a147ae
A[8, 11]:3e4cccce,B[8, 7]:3f75c28f,C[8, 7]:40aa7efa
A[8, 12]:3eeeeef0,B[8, 7]:3ea3d70a,C[8, 7]:40b1a9fc
A[8, 13]:3f3bbbbc,B[8, 7]:3f2e147b,C[8, 7]:40c9999a
A[8, 14]:0,B[8, 7]:3d23d70a,C[8, 7]:40c9999a
A[8, 15]:3e888889,B[8, 7]:3ecccccc,C[8, 7]:40ceb852
A[8, 16]:3f088889,B[8, 7]:3f428f5c,C[8, 7]:40e22d0e
A[8, 17]:3f4cccce,B[8, 7]:3df5c28f,C[8, 7]:40e6c8b4
A[8, 18]:3d888889,B[8, 7]:3ef5c28f,C[8, 7]:40e851eb
A[8, 19]:3eaaaaab,B[8, 7]:3f570a3d,C[8, 7]:40f5c28f
A[8, 20]:3f19999a,B[8, 7]:3e4ccccc,C[8, 7]:40fb851e
A[8, 21]:3f5ddddf,B[8, 7]:3f0f5c29,C[8, 7]:41096872
A[8, 22]:3e088889,B[8, 7]:3f6b851e,C[8, 7]:410c5a1c
A[8, 23]:3eccccce,B[8, 7]:3e8f5c29,C[8, 7]:410f0a3d
A[8, 24]:3f2aaaab,B[8, 7]:3f23d70a,C[8, 7]:411947ae
A[8, 25]:3f6eeef0,B[8, 7]:0,C[8, 7]:411947ae
A[8, 26]:3e4cccce,B[8, 7]:3eb851eb,C[8, 7]:411b020c
A[8, 27]:3eeeeef0,B[8, 7]:3f3851eb,C[8, 7]:4123126e
A[8, 28]:3f3bbbbc,B[8, 7]:3da3d70a,C[8, 7]:41247ae1
A[8, 29]:0,B[8, 7]:3ee147ae,C[8, 7]:41247ae1
A[8, 0]:3e888889,B[8, 8]:0,C[8, 8]:3e99999a
A[8, 1]:3f088889,B[8, 8]:3ecccccc,C[8, 8]:3f1eb852
A[8, 2]:3f4cccce,B[8, 8]:3f4ccccc,C[8, 8]:3fca3d70
A[8, 3]:3d888889,B[8, 8]:3e4ccccc,C[8, 8]:3fcccccc
A[8, 4]:3eaaaaab,B[8, 8]:3f199999,C[8, 8]:3ff33332
A[8, 5]:3f19999a,B[8, 8]:0,C[8, 8]:3ff33332
A[8, 6]:3f5ddddf,B[8, 8]:3ecccccc,C[8, 8]:401ae147
A[8, 7]:3e088889,B[8, 8]:3f4ccccc,C[8, 8]:40251eb8
A[8, 8]:3eccccce,B[8, 8]:3e4ccccc,C[8, 8]:402ccccc
A[8, 9]:3f2aaaab,B[8, 8]:3f199999,C[8, 8]:40533332
A[8, 10]:3f6eeef0,B[8, 8]:0,C[8, 8]:40533332
A[8, 11]:3e4cccce,B[8, 8]:3ecccccc,C[8, 8]:405ae146
A[8, 12]:3eeeeef0,B[8, 8]:3f4ccccc,C[8, 8]:407eb850
A[8, 13]:3f3bbbbc,B[8, 8]:3e4ccccc,C[8, 8]:40866665
A[8, 14]:0,B[8, 8]:3f199999,C[8, 8]:40866665
A[8, 15]:3e888889,B[8, 8]:0,C[8, 8]:40866665
A[8, 16]:3f088889,B[8, 8]:3ecccccc,C[8, 8]:4090a3d6
A[8, 17]:3f4cccce,B[8, 8]:3f4ccccc,C[8, 8]:40af5c28
A[8, 18]:3d888889,B[8, 8]:3e4ccccc,C[8, 8]:40afffff
A[8, 19]:3eaaaaab,B[8, 8]:3f199999,C[8, 8]:40b99999
A[8, 20]:3f19999a,B[8, 8]:0,C[8, 8]:40b99999
A[8, 21]:3f5ddddf,B[8, 8]:3ecccccc,C[8, 8]:40ca3d70
A[8, 22]:3e088889,B[8, 8]:3f4ccccc,C[8, 8]:40cf5c28
A[8, 23]:3eccccce,B[8, 8]:3e4ccccc,C[8, 8]:40d33332
A[8, 24]:3f2aaaab,B[8, 8]:3f199999,C[8, 8]:40e66665
A[8, 25]:3f6eeef0,B[8, 8]:0,C[8, 8]:40e66665
A[8, 26]:3e4cccce,B[8, 8]:3ecccccc,C[8, 8]:40ea3d6f
A[8, 27]:3eeeeef0,B[8, 8]:3f4ccccc,C[8, 8]:40fc28f4
A[8, 28]:3f3bbbbc,B[8, 8]:3e4ccccc,C[8, 8]:41019999
A[8, 29]:0,B[8, 8]:3f199999,C[8, 8]:41019999
A[8, 0]:3e888889,B[8, 9]:0,C[8, 9]:3f47ae16
A[8, 1]:3f088889,B[8, 9]:3ee147ae,C[8, 9]:3f90e561
A[8, 2]:3f4cccce,B[8, 9]:3f6147ae,C[8, 9]:400c0832
A[8, 3]:3d888889,B[8, 9]:3ea3d70a,C[8, 9]:400e147c
A[8, 4]:3eaaaaab,B[8, 9]:3f428f5c,C[8, 9]:40266668
A[8, 5]:3f19999a,B[8, 9]:3e4ccccc,C[8, 9]:4031eb87
A[8, 6]:3f5ddddf,B[8, 9]:3f23d70a,C[8, 9]:40672b04
A[8, 7]:3e088889,B[8, 9]:3da3d70a,C[8, 9]:40683129
A[8, 8]:3eccccce,B[8, 9]:3f051eb8,C[8, 9]:407c28f8
A[8, 9]:3f2aaaab,B[8, 9]:3f75c28f,C[8, 9]:409cccce
A[8, 10]:3f6eeef0,B[8, 9]:3ecccccc,C[8, 9]:40aeb853
A[8, 11]:3e4cccce,B[8, 9]:3f570a3d,C[8, 9]:40b6c8b5
A[8, 12]:3eeeeef0,B[8, 9]:3e8f5c29,C[8, 9]:40bd0e57
A[8, 13]:3f3bbbbc,B[8, 9]:3f3851eb,C[8, 9]:40d66667
A[8, 14]:0,B[8, 9]:3e23d70a,C[8, 9]:40d66667
A[8, 15]:3e888889,B[8, 9]:3f199999,C[8, 9]:40de147c
A[8, 16]:3f088889,B[8, 9]:3d23d70a,C[8, 9]:40df1aa1
A[8, 17]:3f4cccce,B[8, 9]:3ef5c28f,C[8, 9]:40f18939
A[8, 18]:3d888889,B[8, 9]:3f6b851e,C[8, 9]:40f47ae3
A[8, 19]:3eaaaaab,B[8, 9]:3eb851eb,C[8, 9]:40fa3d72
A[8, 20]:3f19999a,B[8, 9]:3f4ccccc,C[8, 9]:4108a3d8
A[8, 21]:3f5ddddf,B[8, 9]:3e75c28f,C[8, 9]:410da1cc
A[8, 22]:3e088889,B[8, 9]:3f2e147b,C[8, 9]:410fceda
A[8, 23]:3eccccce,B[8, 9]:3df5c28f,C[8, 9]:4110f5c3
A[8, 24]:3f2aaaab,B[8, 9]:3f0f5c29,C[8, 9]:4119eb86
A[8, 25]:3f6eeef0,B[8, 9]:0,C[8, 9]:4119eb86
A[8, 26]:3e4cccce,B[8, 9]:3ee147ae,C[8, 9]:411c0832
A[8, 27]:3eeeeef0,B[8, 9]:3f6147ae,C[8, 9]:4125e355
A[8, 28]:3f3bbbbc,B[8, 9]:3ea3d70a,C[8, 9]:412b8520
A[8, 29]:0,B[8, 9]:3f428f5c,C[8, 9]:412b8520
A[8, 0]:3e888889,B[8, 10]:0,C[8, 10]:3d75c290
A[8, 1]:3f088889,B[8, 10]:3ef5c28f,C[8, 10]:3ee353f9
A[8, 2]:3f4cccce,B[8, 10]:3f75c28f,C[8, 10]:3fcc49bb
A[8, 3]:3d888889,B[8, 10]:3ee147ae,C[8, 10]:3fd1eb86
A[8, 4]:3eaaaaab,B[8, 10]:3f6b851e,C[8, 10]:40066667
A[8, 5]:3f19999a,B[8, 10]:3ecccccc,C[8, 10]:401d70a4
A[8, 6]:3f5ddddf,B[8, 10]:3f6147ae,C[8, 10]:4066a7f0
A[8, 7]:3e088889,B[8, 10]:3eb851eb,C[8, 10]:406b4396
A[8, 8]:3eccccce,B[8, 10]:3f570a3d,C[8, 10]:4085c290
A[8, 9]:3f2aaaab,B[8, 10]:3ea3d70a,C[8, 10]:40900001
A[8, 10]:3f6eeef0,B[8, 10]:3f4ccccc,C[8, 10]:40b3d70b
A[8, 11]:3e4cccce,B[8, 10]:3e8f5c29,C[8, 10]:40b6872c
A[8, 12]:3eeeeef0,B[8, 10]:3f428f5c,C[8, 10]:40c78d51
A[8, 13]:3f3bbbbc,B[8, 10]:3e75c28f,C[8, 10]:40d00001
A[8, 14]:0,B[8, 10]:3f3851eb,C[8, 10]:40d00001
A[8, 15]:3e888889,B[8, 10]:3e4ccccc,C[8, 10]:40d28f5d
A[8, 16]:3f088889,B[8, 10]:3f2e147b,C[8, 10]:40e3f7d0
A[8, 17]:3f4cccce,B[8, 10]:3e23d70a,C[8, 10]:40ea1cad
A[8, 18]:3d888889,B[8, 10]:3f23d70a,C[8, 10]:40ec28f7
A[8, 19]:3eaaaaab,B[8, 10]:3df5c28f,C[8, 10]:40ee147c
A[8, 20]:3f19999a,B[8, 10]:3f199999,C[8, 10]:40ff5c2a
A[8, 21]:3f5ddddf,B[8, 10]:3da3d70a,C[8, 10]:41015811
A[8, 22]:3e088889,B[8, 10]:3f0f5c29,C[8, 10]:410322d2
A[8, 23]:3eccccce,B[8, 10]:3d23d70a,C[8, 10]:41038520
A[8, 24]:3f2aaaab,B[8, 10]:3f051eb8,C[8, 10]:410bd70c
A[8, 25]:3f6eeef0,B[8, 10]:0,C[8, 10]:410bd70c
A[8, 26]:3e4cccce,B[8, 10]:3ef5c28f,C[8, 10]:410e24df
A[8, 27]:3eeeeef0,B[8, 10]:3f75c28f,C[8, 10]:4118e562
A[8, 28]:3f3bbbbc,B[8, 10]:3ee147ae,C[8, 10]:4120a3d9
A[8, 29]:0,B[8, 10]:3f6b851e,C[8, 10]:4120a3d9
A[8, 0]:3e888889,B[8, 11]:0,C[8, 11]:3f0a3d71
A[8, 1]:3f088889,B[8, 11]:3f051eb8,C[8, 11]:3f74bc6b
A[8, 2]:3f4cccce,B[8, 11]:3d23d70a,C[8, 11]:3f808313
A[8, 3]:3d888889,B[8, 11]:3f0f5c29,C[8, 11]:3f87ae15
A[8, 4]:3eaaaaab,B[8, 11]:3da3d70a,C[8, 11]:3f8ccccd
A[8, 5]:3f19999a,B[8, 11]:3f199999,C[8, 11]:3fd1eb85
A[8, 6]:3f5ddddf,B[8, 11]:3df5c28f,C[8, 11]:3fe5e354
A[8, 7]:3e088889,B[8, 11]:3f23d70a,C[8, 11]:3ff645a2
A[8, 8]:3eccccce,B[8, 11]:3e23d70a,C[8, 11]:400147ae
A[8, 9]:3f2aaaab,B[8, 11]:3f2e147b,C[8, 11]:402ccccd
A[8, 10]:3f6eeef0,B[8, 11]:3e4ccccc,C[8, 11]:403eb852
A[8, 11]:3e4cccce,B[8, 11]:3f3851eb,C[8, 11]:404c8b44
A[8, 12]:3eeeeef0,B[8, 11]:3e75c28f,C[8, 11]:40574bc7
A[8, 13]:3f3bbbbc,B[8, 11]:3f428f5c,C[8, 11]:40866667
A[8, 14]:0,B[8, 11]:3e8f5c29,C[8, 11]:40866667
A[8, 15]:3e888889,B[8, 11]:3f4ccccc,C[8, 11]:4090a3d8
A[8, 16]:3f088889,B[8, 11]:3ea3d70a,C[8, 11]:4098d4ff
A[8, 17]:3f4cccce,B[8, 11]:3f570a3d,C[8, 11]:40b91688
A[8, 18]:3d888889,B[8, 11]:3eb851eb,C[8, 11]:40ba3d71
A[8, 19]:3eaaaaab,B[8, 11]:3f6147ae,C[8, 11]:40c851ec
A[8, 20]:3f19999a,B[8, 11]:3ecccccc,C[8, 11]:40d3d70b
A[8, 21]:3f5ddddf,B[8, 11]:3f6b851e,C[8, 11]:40fa1cad
A[8, 22]:3e088889,B[8, 11]:3ee147ae,C[8, 11]:40fced92
A[8, 23]:3eccccce,B[8, 11]:3f75c28f,C[8, 11]:4107ae15
A[8, 24]:3f2aaaab,B[8, 11]:3ef5c28f,C[8, 11]:410f5c29
A[8, 25]:3f6eeef0,B[8, 11]:0,C[8, 11]:410f5c29
A[8, 26]:3e4cccce,B[8, 11]:3f051eb8,C[8, 11]:4111db23
A[8, 27]:3eeeeef0,B[8, 11]:3d23d70a,C[8, 11]:41124dd3
A[8, 28]:3f3bbbbc,B[8, 11]:3f0f5c29,C[8, 11]:411c28f6
A[8, 29]:0,B[8, 11]:3da3d70a,C[8, 11]:411c28f6
A[8, 0]:3e888889,B[8, 12]:0,C[8, 12]:3f828f5d
A[8, 1]:3f088889,B[8, 12]:3f0f5c29,C[8, 12]:3fbbe76e
A[8, 2]:3f4cccce,B[8, 12]:3df5c28f,C[8, 12]:3fce5606
A[8, 3]:3d888889,B[8, 12]:3f2e147b,C[8, 12]:3fd70a3f
A[8, 4]:3eaaaaab,B[8, 12]:3e75c28f,C[8, 12]:3fe66668
A[8, 5]:3f19999a,B[8, 12]:3f4ccccc,C[8, 12]:402147af
A[8, 6]:3f5ddddf,B[8, 12]:3eb851eb,C[8, 12]:403f3b65
A[8, 7]:3e088889,B[8, 12]:3f6b851e,C[8, 12]:404b020d
A[8, 8]:3eccccce,B[8, 12]:3ef5c28f,C[8, 12]:405d70a5
A[8, 9]:3f2aaaab,B[8, 12]:3d23d70a,C[8, 12]:40600001
A[8, 10]:3f6eeef0,B[8, 12]:3f199999,C[8, 12]:408ae148
A[8, 11]:3e4cccce,B[8, 12]:3e23d70a,C[8, 12]:408c6a7f
A[8, 12]:3eeeeef0,B[8, 12]:3f3851eb,C[8, 12]:409c8b44
A[8, 13]:3f3bbbbc,B[8, 12]:3e8f5c29,C[8, 12]:40a66667
A[8, 14]:0,B[8, 12]:3f570a3d,C[8, 12]:40a66667
A[8, 15]:3e888889,B[8, 12]:3ecccccc,C[8, 12]:40ab851f
A[8, 16]:3f088889,B[8, 12]:3f75c28f,C[8, 12]:40c41894
A[8, 17]:3f4cccce,B[8, 12]:3f051eb8,C[8, 12]:40d81063
A[8, 18]:3d888889,B[8, 12]:3da3d70a,C[8, 12]:40d851ec
A[8, 19]:3eaaaaab,B[8, 12]:3f23d70a,C[8, 12]:40e28f5d
A[8, 20]:3f19999a,B[8, 12]:3e4ccccc,C[8, 12]:40e851ec
A[8, 21]:3f5ddddf,B[8, 12]:3f428f5c,C[8, 12]:4103f7cf
A[8, 22]:3e088889,B[8, 12]:3ea3d70a,C[8, 12]:4104fdf4
A[8, 23]:3eccccce,B[8, 12]:3f6147ae,C[8, 12]:410d70a4
A[8, 24]:3f2aaaab,B[8, 12]:3ee147ae,C[8, 12]:41147ae1
A[8, 25]:3f6eeef0,B[8, 12]:0,C[8, 12]:41147ae1
A[8, 26]:3e4cccce,B[8, 12]:3f0f5c29,C[8, 12]:41172b02
A[8, 27]:3eeeeef0,B[8, 12]:3df5c28f,C[8, 12]:41188312
A[8, 28]:3f3bbbbc,B[8, 12]:3f2e147b,C[8, 12]:41247ae1
A[8, 29]:0,B[8, 12]:3e75c28f,C[8, 12]:41247ae1
A[8, 0]:3e888889,B[8, 13]:0,C[8, 13]:3e99999a
A[8, 1]:3f088889,B[8, 13]:3f199999,C[8, 13]:3f47ae15
A[8, 2]:3f4cccce,B[8, 13]:3e4ccccc,C[8, 13]:3f828f5c
A[8, 3]:3d888889,B[8, 13]:3f4ccccc,C[8, 13]:3f8ccccd
A[8, 4]:3eaaaaab,B[8, 13]:3ecccccc,C[8, 13]:3fa66666
A[8, 5]:3f19999a,B[8, 13]:0,C[8, 13]:3fa66666
A[8, 6]:3f5ddddf,B[8, 13]:3f199999,C[8, 13]:40051eb8
A[8, 7]:3e088889,B[8, 13]:3e4ccccc,C[8, 13]:4007ae14
A[8, 8]:3eccccce,B[8, 13]:3f4ccccc,C[8, 13]:40266666
A[8, 9]:3f2aaaab,B[8, 13]:3ecccccc,C[8, 13]:40400000
A[8, 10]:3f6eeef0,B[8, 13]:0,C[8, 13]:40400000
A[8, 11]:3e4cccce,B[8, 13]:3f199999,C[8, 13]:404b851f
A[8, 12]:3eeeeef0,B[8, 13]:3e4ccccc,C[8, 13]:40547ae2
A[8, 13]:3f3bbbbc,B[8, 13]:3f4ccccc,C[8, 13]:40866667
A[8, 14]:0,B[8, 13]:3ecccccc,C[8, 13]:40866667
A[8, 15]:3e888889,B[8, 13]:0,C[8, 13]:40866667
A[8, 16]:3f088889,B[8, 13]:3f199999,C[8, 13]:4095c290
A[8, 17]:3f4cccce,B[8, 13]:3e4ccccc,C[8, 13]:409d70a4
A[8, 18]:3d888889,B[8, 13]:3f4ccccc,C[8, 13]:40a00000
A[8, 19]:3eaaaaab,B[8, 13]:3ecccccc,C[8, 13]:40a66666
A[8, 20]:3f19999a,B[8, 13]:0,C[8, 13]:40a66666
A[8, 21]:3f5ddddf,B[8, 13]:3f199999,C[8, 13]:40bf5c28
A[8, 22]:3e088889,B[8, 13]:3e4ccccc,C[8, 13]:40c0a3d6
A[8, 23]:3eccccce,B[8, 13]:3f4ccccc,C[8, 13]:40cfffff
A[8, 24]:3f2aaaab,B[8, 13]:3ecccccc,C[8, 13]:40dccccc
A[8, 25]:3f6eeef0,B[8, 13]:0,C[8, 13]:40dccccc
A[8, 26]:3e4cccce,B[8, 13]:3f199999,C[8, 13]:40e28f5b
A[8, 27]:3eeeeef0,B[8, 13]:3e4ccccc,C[8, 13]:40e70a3c
A[8, 28]:3f3bbbbc,B[8, 13]:3f4ccccc,C[8, 13]:41019999
A[8, 29]:0,B[8, 13]:3ecccccc,C[8, 13]:41019999
A[8, 0]:3e888889,B[8, 14]:0,C[8, 14]:3f47ae16
A[8, 1]:3f088889,B[8, 14]:3f23d70a,C[8, 14]:3fa56042
A[8, 2]:3f4cccce,B[8, 14]:3e8f5c29,C[8, 14]:3fd0624e
A[8, 3]:3d888889,B[8, 14]:3f6b851e,C[8, 14]:3fdc28f6
A[8, 4]:3eaaaaab,B[8, 14]:3f0f5c29,C[8, 14]:40000000
A[8, 5]:3f19999a,B[8, 14]:3e4ccccc,C[8, 14]:400b851f
A[8, 6]:3f5ddddf,B[8, 14]:3f570a3d,C[8, 14]:40516873
A[8, 7]:3e088889,B[8, 14]:3ef5c28f,C[8, 14]:40578d50
A[8, 8]:3eccccce,B[8, 14]:3df5c28f,C[8, 14]:405c28f6
A[8, 9]:3f2aaaab,B[8, 14]:3f428f5c,C[8, 14]:40866666
A[8, 10]:3f6eeef0,B[8, 14]:3ecccccc,C[8, 14]:409851eb
A[8, 11]:3e4cccce,B[8, 14]:3d23d70a,C[8, 14]:4098b439
A[8, 12]:3eeeeef0,B[8, 14]:3f2e147b,C[8, 14]:40a7ef9d
A[8, 13]:3f3bbbbc,B[8, 14]:3ea3d70a,C[8, 14]:40b33332
A[8, 14]:0,B[8, 14]:3f75c28f,C[8, 14]:40b33332
A[8, 15]:3e888889,B[8, 14]:3f199999,C[8, 14]:40bae146
A[8, 16]:3f088889,B[8, 14]:3e75c28f,C[8, 14]:40c10623
A[8, 17]:3f4cccce,B[8, 14]:3f6147ae,C[8, 14]:40e2d0e4
A[8, 18]:3d888889,B[8, 14]:3f051eb8,C[8, 14]:40e47ae0
A[8, 19]:3eaaaaab,B[8, 14]:3e23d70a,C[8, 14]:40e70a3c
A[8, 20]:3f19999a,B[8, 14]:3f4ccccc,C[8, 14]:40fe1479
A[8, 21]:3f5ddddf,B[8, 14]:3ee147ae,C[8, 14]:41083126
A[8, 22]:3e088889,B[8, 14]:3da3d70a,C[8, 14]:410872af
A[8, 23]:3eccccce,B[8, 14]:3f3851eb,C[8, 14]:410f5c28
A[8, 24]:3f2aaaab,B[8, 14]:3eb851eb,C[8, 14]:41151eb7
A[8, 25]:3f6eeef0,B[8, 14]:0,C[8, 14]:41151eb7
A[8, 26]:3e4cccce,B[8, 14]:3f23d70a,C[8, 14]:41183126
A[8, 27]:3eeeeef0,B[8, 14]:3e8f5c29,C[8, 14]:411b53f7
A[8, 28]:3f3bbbbc,B[8, 14]:3f6b851e,C[8, 14]:412b851e
A[8, 29]:0,B[8, 14]:3f0f5c29,C[8, 14]:412b851e
A[8, 0]:3e888889,B[8, 15]:0,C[8, 15]:3d75c290
A[8, 1]:3f088889,B[8, 15]:3f2e147b,C[8, 15]:3f1a9fbf
A[8, 2]:3f4cccce,B[8, 15]:3eb851eb,C[8, 15]:3f849ba6
A[8, 3]:3d888889,B[8, 15]:3d23d70a,C[8, 15]:3f851eb8
A[8, 4]:3eaaaaab,B[8, 15]:3f3851eb,C[8, 15]:3fb33333
A[8, 5]:3f19999a,B[8, 15]:3ecccccc,C[8, 15]:3fe147ae
A[8, 6]:3f5ddddf,B[8, 15]:3da3d70a,C[8, 15]:3fee978d
A[8, 7]:3e088889,B[8, 15]:3f428f5c,C[8, 15]:40010625
A[8, 8]:3eccccce,B[8, 15]:3ee147ae,C[8, 15]:4011eb85
A[8, 9]:3f2aaaab,B[8, 15]:3df5c28f,C[8, 15]:40199999
A[8, 10]:3f6eeef0,B[8, 15]:3f4ccccc,C[8, 15]:406147ae
A[8, 11]:3e4cccce,B[8, 15]:3ef5c28f,C[8, 15]:406a7efa
A[8, 12]:3eeeeef0,B[8, 15]:3e23d70a,C[8, 15]:4071a9fc
A[8, 13]:3f3bbbbc,B[8, 15]:3f570a3d,C[8, 15]:40966666
A[8, 14]:0,B[8, 15]:3f051eb8,C[8, 15]:40966666
A[8, 15]:3e888889,B[8, 15]:3e4ccccc,C[8, 15]:4098f5c2
A[8, 16]:3f088889,B[8, 15]:3f6147ae,C[8, 15]:40af7ced
A[8, 17]:3f4cccce,B[8, 15]:3f0f5c29,C[8, 15]:40c4fdf3
A[8, 18]:3d888889,B[8, 15]:3e75c28f,C[8, 15]:40c5c28f
A[8, 19]:3eaaaaab,B[8, 15]:3f6b851e,C[8, 15]:40d47ae1
A[8, 20]:3f19999a,B[8, 15]:3f199999,C[8, 15]:40e5c28f
A[8, 21]:3f5ddddf,B[8, 15]:3e8f5c29,C[8, 15]:40f16872
A[8, 22]:3e088889,B[8, 15]:3f75c28f,C[8, 15]:40f78d4f
A[8, 23]:3eccccce,B[8, 15]:3f23d70a,C[8, 15]:4101eb85
A[8, 24]:3f2aaaab,B[8, 15]:3ea3d70a,C[8, 15]:41070a3d
A[8, 25]:3f6eeef0,B[8, 15]:0,C[8, 15]:41070a3d
A[8, 26]:3e4cccce,B[8, 15]:3f2e147b,C[8, 15]:410a4dd3
A[8, 27]:3eeeeef0,B[8, 15]:3eb851eb,C[8, 15]:410e5604
A[8, 28]:3f3bbbbc,B[8, 15]:3d23d70a,C[8, 15]:410f0a3d
A[8, 29]:0,B[8, 15]:3f3851eb,C[8, 15]:410f0a3d
A[8, 0]:3e888889,B[8, 16]:0,C[8, 16]:3f0a3d71
A[8, 1]:3f088889,B[8, 16]:3f3851eb,C[8, 16]:3f8ed917
A[8, 2]:3f4cccce,B[8, 16]:3ee147ae,C[8, 16]:3fd26e98
A[8, 3]:3d888889,B[8, 16]:3e23d70a,C[8, 16]:3fd47ae2
A[8, 4]:3eaaaaab,B[8, 16]:3f6147ae,C[8, 16]:40066667
A[8, 5]:3f19999a,B[8, 16]:3f199999,C[8, 16]:4028f5c3
A[8, 6]:3f5ddddf,B[8, 16]:3ea3d70a,C[8, 16]:40439582
A[8, 7]:3e088889,B[8, 16]:3d23d70a,C[8, 16]:40441894
A[8, 8]:3eccccce,B[8, 16]:3f428f5c,C[8, 16]:406147af
A[8, 9]:3f2aaaab,B[8, 16]:3ef5c28f,C[8, 16]:40800000
A[8, 10]:3f6eeef0,B[8, 16]:3e4ccccc,C[8, 16]:4088f5c3
A[8, 11]:3e4cccce,B[8, 16]:3f6b851e,C[8, 16]:4091cac1
A[8, 12]:3eeeeef0,B[8, 16]:3f23d70a,C[8, 16]:40a020c5
A[8, 13]:3f3bbbbc,B[8, 16]:3eb851eb,C[8, 16]:40accccd
A[8, 14]:0,B[8, 16]:3da3d70a,C[8, 16]:40accccd
A[8, 15]:3e888889,B[8, 16]:3f4ccccc,C[8, 16]:40b70a3e
A[8, 16]:3f088889,B[8, 16]:3f051eb8,C[8, 16]:40c45a1d
A[8, 17]:3f4cccce,B[8, 16]:3e75c28f,C[8, 16]:40cd9169
A[8, 18]:3d888889,B[8, 16]:3f75c28f,C[8, 16]:40d0a3d8
A[8, 19]:3eaaaaab,B[8, 16]:3f2e147b,C[8, 16]:40db8520
A[8, 20]:3f19999a,B[8, 16]:3ecccccc,C[8, 16]:40e70a3f
A[8, 21]:3f5ddddf,B[8, 16]:3df5c28f,C[8, 16]:40ec0833
A[8, 22]:3e088889,B[8, 16]:3f570a3d,C[8, 16]:40f16875
A[8, 23]:3eccccce,B[8, 16]:3f0f5c29,C[8, 16]:40fc28f8
A[8, 24]:3f2aaaab,B[8, 16]:3e8f5c29,C[8, 16]:41028f5d
A[8, 25]:3f6eeef0,B[8, 16]:0,C[8, 16]:41028f5d
A[8, 26]:3e4cccce,B[8, 16]:3f3851eb,C[8, 16]:41060419
A[8, 27]:3eeeeef0,B[8, 16]:3ee147ae,C[8, 16]:410af1aa
A[8, 28]:3f3bbbbc,B[8, 16]:3e23d70a,C[8, 16]:410dc28f
A[8, 29]:0,B[8, 16]:3f6147ae,C[8, 16]:410dc28f
A[8, 0]:3e888889,B[8, 17]:0,C[8, 17]:3f828f5d
A[8, 1]:3f088889,B[8, 17]:3f428f5c,C[8, 17]:3fd0624f
A[8, 2]:3f4cccce,B[8, 17]:3f051eb8,C[8, 17]:401020c5
A[8, 3]:3d888889,B[8, 17]:3e8f5c29,C[8, 17]:4011eb86
A[8, 4]:3eaaaaab,B[8, 17]:3d23d70a,C[8, 17]:40133334
A[8, 5]:3f19999a,B[8, 17]:3f4ccccc,C[8, 17]:404147af
A[8, 6]:3f5ddddf,B[8, 17]:3f0f5c29,C[8, 17]:406fdf3c
A[8, 7]:3e088889,B[8, 17]:3ea3d70a,C[8, 17]:4073f7cf
A[8, 8]:3eccccce,B[8, 17]:3da3d70a,C[8, 17]:40770a3e
A[8, 9]:3f2aaaab,B[8, 17]:3f570a3d,C[8, 17]:40966667
A[8, 10]:3f6eeef0,B[8, 17]:3f199999,C[8, 17]:40b147af
A[8, 11]:3e4cccce,B[8, 17]:3eb851eb,C[8, 17]:40b4bc6b
A[8, 12]:3eeeeef0,B[8, 17]:3df5c28f,C[8, 17]:40b76c8c
A[8, 13]:3f3bbbbc,B[8, 17]:3f6147ae,C[8, 17]:40d66667
A[8, 14]:0,B[8, 17]:3f23d70a,C[8, 17]:40d66667
A[8, 15]:3e888889,B[8, 17]:3ecccccc,C[8, 17]:40db851f
A[8, 16]:3f088889,B[8, 17]:3e23d70a,C[8, 17]:40df9db2
A[8, 17]:3f4cccce,B[8, 17]:3f6b851e,C[8, 17]:410178d5
A[8, 18]:3d888889,B[8, 17]:3f2e147b,C[8, 17]:41028f5c
A[8, 19]:3eaaaaab,B[8, 17]:3ee147ae,C[8, 17]:4106147b
A[8, 20]:3f19999a,B[8, 17]:3e4ccccc,C[8, 17]:4108f5c3
A[8, 21]:3f5ddddf,B[8, 17]:3f75c28f,C[8, 17]:411ced92
A[8, 22]:3e088889,B[8, 17]:3f3851eb,C[8, 17]:411f3b65
A[8, 23]:3eccccce,B[8, 17]:3ef5c28f,C[8, 17]:4123d70b
A[8, 24]:3f2aaaab,B[8, 17]:3e75c28f,C[8, 17]:4127ae15
A[8, 25]:3f6eeef0,B[8, 17]:0,C[8, 17]:4127ae15
A[8, 26]:3e4cccce,B[8, 17]:3f428f5c,C[8, 17]:412b53f8
A[8, 27]:3eeeeef0,B[8, 17]:3f051eb8,C[8, 17]:413126ea
A[8, 28]:3f3bbbbc,B[8, 17]:3e8f5c29,C[8, 17]:4136147b
A[8, 29]:0,B[8, 17]:3d23d70a,C[8, 17]:4136147b
A[8, 0]:3e888889,B[8, 18]:0,C[8, 18]:3e99999a
A[8, 1]:3f088889,B[8, 18]:3f4ccccc,C[8, 18]:3f70a3d8
A[8, 2]:3f4cccce,B[8, 18]:3f199999,C[8, 18]:3fd47ae2
A[8, 3]:3d888889,B[8, 18]:3ecccccc,C[8, 18]:3fd9999a
A[8, 4]:3eaaaaab,B[8, 18]:3e4ccccc,C[8, 18]:3fe66667
A[8, 5]:3f19999a,B[8, 18]:0,C[8, 18]:3fe66667
A[8, 6]:3f5ddddf,B[8, 18]:3f4ccccc,C[8, 18]:4035c290
A[8, 7]:3e088889,B[8, 18]:3f199999,C[8, 18]:403d70a4
A[8, 8]:3eccccce,B[8, 18]:3ecccccc,C[8, 18]:404ccccd
A[8, 9]:3f2aaaab,B[8, 18]:3e4ccccc,C[8, 18]:4059999a
A[8, 10]:3f6eeef0,B[8, 18]:0,C[8, 18]:4059999a
A[8, 11]:3e4cccce,B[8, 18]:3f4ccccc,C[8, 18]:4068f5c3
A[8, 12]:3eeeeef0,B[8, 18]:3f199999,C[8, 18]:4081eb85
A[8, 13]:3f3bbbbc,B[8, 18]:3ecccccc,C[8, 18]:40900000
A[8, 14]:0,B[8, 18]:3e4ccccc,C[8, 18]:40900000
A[8, 15]:3e888889,B[8, 18]:0,C[8, 18]:40900000
A[8, 16]:3f088889,B[8, 18]:3f4ccccc,C[8, 18]:40a47ae1
A[8, 17]:3f4cccce,B[8, 18]:3f199999,C[8, 18]:40bb851e
A[8, 18]:3d888889,B[8, 18]:3ecccccc,C[8, 18]:40bccccc
A[8, 19]:3eaaaaab,B[8, 18]:3e4ccccc,C[8, 18]:40bfffff
A[8, 20]:3f19999a,B[8, 18]:0,C[8, 18]:40bfffff
A[8, 21]:3f5ddddf,B[8, 18]:3f4ccccc,C[8, 18]:40e147ad
A[8, 22]:3e088889,B[8, 18]:3f199999,C[8, 18]:40e51eb7
A[8, 23]:3eccccce,B[8, 18]:3ecccccc,C[8, 18]:40eccccb
A[8, 24]:3f2aaaab,B[8, 18]:3e4ccccc,C[8, 18]:40f33331
A[8, 25]:3f6eeef0,B[8, 18]:0,C[8, 18]:40f33331
A[8, 26]:3e4cccce,B[8, 18]:3f4ccccc,C[8, 18]:40fae145
A[8, 27]:3eeeeef0,B[8, 18]:3f199999,C[8, 18]:410428f4
A[8, 28]:3f3bbbbc,B[8, 18]:3ecccccc,C[8, 18]:410b3331
A[8, 29]:0,B[8, 18]:3e4ccccc,C[8, 18]:410b3331
A[8, 0]:3e888889,B[8, 19]:0,C[8, 19]:3f47ae16
A[8, 1]:3f088889,B[8, 19]:3f570a3d,C[8, 19]:3fb9db24
A[8, 2]:3f4cccce,B[8, 19]:3f2e147b,C[8, 19]:401126ea
A[8, 3]:3d888889,B[8, 19]:3f051eb8,C[8, 19]:40147ae2
A[8, 4]:3eaaaaab,B[8, 19]:3eb851eb,C[8, 19]:40200001
A[8, 5]:3f19999a,B[8, 19]:3e4ccccc,C[8, 19]:402b8520
A[8, 6]:3f5ddddf,B[8, 19]:3d23d70a,C[8, 19]:402ed918
A[8, 7]:3e088889,B[8, 19]:3f6147ae,C[8, 19]:403a1cae
A[8, 8]:3eccccce,B[8, 19]:3f3851eb,C[8, 19]:4055c291
A[8, 9]:3f2aaaab,B[8, 19]:3f0f5c29,C[8, 19]:4079999b
A[8, 10]:3f6eeef0,B[8, 19]:3ecccccc,C[8, 19]:408eb853
A[8, 11]:3e4cccce,B[8, 19]:3e75c28f,C[8, 19]:40910626
A[8, 12]:3eeeeef0,B[8, 19]:3da3d70a,C[8, 19]:4092d0e7
A[8, 13]:3f3bbbbc,B[8, 19]:3f6b851e,C[8, 19]:40b33335
A[8, 14]:0,B[8, 19]:3f428f5c,C[8, 19]:40b33335
A[8, 15]:3e888889,B[8, 19]:3f199999,C[8, 19]:40bae14a
A[8, 16]:3f088889,B[8, 19]:3ee147ae,C[8, 19]:40c624e0
A[8, 17]:3f4cccce,B[8, 19]:3e8f5c29,C[8, 19]:40d0e563
A[8, 18]:3d888889,B[8, 19]:3df5c28f,C[8, 19]:40d147b1
A[8, 19]:3eaaaaab,B[8, 19]:3f75c28f,C[8, 19]:40e0a3da
A[8, 20]:3f19999a,B[8, 19]:3f4ccccc,C[8, 19]:40f7ae17
A[8, 21]:3f5ddddf,B[8, 19]:3f23d70a,C[8, 19]:410926eb
A[8, 22]:3e088889,B[8, 19]:3ef5c28f,C[8, 19]:410ab022
A[8, 23]:3eccccce,B[8, 19]:3ea3d70a,C[8, 19]:410dc291
A[8, 24]:3f2aaaab,B[8, 19]:3e23d70a,C[8, 19]:411051ed
A[8, 25]:3f6eeef0,B[8, 19]:0,C[8, 19]:411051ed
A[8, 26]:3e4cccce,B[8, 19]:3f570a3d,C[8, 19]:41145a1e
A[8, 27]:3eeeeef0,B[8, 19]:3f2e147b,C[8, 19]:411bf7d0
A[8, 28]:3f3bbbbc,B[8, 19]:3f051eb8,C[8, 19]:41251eb9
A[8, 29]:0,B[8, 19]:3eb851eb,C[8, 19]:41251eb9
A[8, 0]:3e888889,B[8, 20]:0,C[8, 20]:3d75c290
A[8, 1]:3f088889,B[8, 20]:3f6147ae,C[8, 20]:3f439582
A[8, 2]:3f4cccce,B[8, 20]:3f428f5c,C[8, 20]:3fd6872c
A[8, 3]:3d888889,B[8, 20]:3f23d70a,C[8, 20]:3fdeb853
A[8, 4]:3eaaaaab,B[8, 20]:3f051eb8,C[8, 20]:40000000
A[8, 5]:3f19999a,B[8, 20]:3ecccccc,C[8, 20]:40170a3d
A[8, 6]:3f5ddddf,B[8, 20]:3e8f5c29,C[8, 20]:402e5604
A[8, 7]:3e088889,B[8, 20]:3e23d70a,C[8, 20]:4030624e
A[8, 8]:3eccccce,B[8, 20]:3d23d70a,C[8, 20]:4031eb85
A[8, 9]:3f2aaaab,B[8, 20]:3f6b851e,C[8, 20]:406ccccc
A[8, 10]:3f6eeef0,B[8, 20]:3f4ccccc,C[8, 20]:409a3d70
A[8, 11]:3e4cccce,B[8, 20]:3f2e147b,C[8, 20]:40a0c49b
A[8, 12]:3eeeeef0,B[8, 20]:3f0f5c29,C[8, 20]:40ad4fdf
A[8, 13]:3f3bbbbc,B[8, 20]:3ee147ae,C[8, 20]:40bccccd
A[8, 14]:0,B[8, 20]:3ea3d70a,C[8, 20]:40bccccd
A[8, 15]:3e888889,B[8, 20]:3e4ccccc,C[8, 20]:40bf5c29
A[8, 16]:3f088889,B[8, 20]:3da3d70a,C[8, 20]:40c16873
A[8, 17]:3f4cccce,B[8, 20]:3f75c28f,C[8, 20]:40e645a2
A[8, 18]:3d888889,B[8, 20]:3f570a3d,C[8, 20]:40e8f5c3
A[8, 19]:3eaaaaab,B[8, 20]:3f3851eb,C[8, 20]:40f47ae2
A[8, 20]:3f19999a,B[8, 20]:3f199999,C[8, 20]:4102e148
A[8, 21]:3f5ddddf,B[8, 20]:3ef5c28f,C[8, 20]:410cdd2f
A[8, 22]:3e088889,B[8, 20]:3eb851eb,C[8, 20]:410e0418
A[8, 23]:3eccccce,B[8, 20]:3e75c28f,C[8, 20]:411051eb
A[8, 24]:3f2aaaab,B[8, 20]:3df5c28f,C[8, 20]:41123d70
A[8, 25]:3f6eeef0,B[8, 20]:0,C[8, 20]:41123d70
A[8, 26]:3e4cccce,B[8, 20]:3f6147ae,C[8, 20]:411676c8
A[8, 27]:3eeeeef0,B[8, 20]:3f428f5c,C[8, 20]:411ef9da
A[8, 28]:3f3bbbbc,B[8, 20]:3f23d70a,C[8, 20]:412a3d70
A[8, 29]:0,B[8, 20]:3f051eb8,C[8, 20]:412a3d70
A[8, 0]:3e888889,B[8, 21]:0,C[8, 21]:3f0a3d71
A[8, 1]:3f088889,B[8, 21]:3f6b851e,C[8, 21]:3fa353f8
A[8, 2]:3f4cccce,B[8, 21]:3f570a3d,C[8, 21]:40122d0e
A[8, 3]:3d888889,B[8, 21]:3f428f5c,C[8, 21]:40170a3d
A[8, 4]:3eaaaaab,B[8, 21]:3f2e147b,C[8, 21]:402ccccc
A[8, 5]:3f19999a,B[8, 21]:3f199999,C[8, 21]:404f5c28
A[8, 6]:3f5ddddf,B[8, 21]:3f051eb8,C[8, 21]:407a9fbe
A[8, 7]:3e088889,B[8, 21]:3ee147ae,C[8, 21]:408020c4
A[8, 8]:3eccccce,B[8, 21]:3eb851eb,C[8, 21]:40870a3d
A[8, 9]:3f2aaaab,B[8, 21]:3e8f5c29,C[8, 21]:40900000
A[8, 10]:3f6eeef0,B[8, 21]:3e4ccccc,C[8, 21]:4098f5c3
A[8, 11]:3e4cccce,B[8, 21]:3df5c28f,C[8, 21]:409a1cac
A[8, 12]:3eeeeef0,B[8, 21]:3d23d70a,C[8, 21]:409b020c
A[8, 13]:3f3bbbbc,B[8, 21]:3f75c28f,C[8, 21]:40bccccc
A[8, 14]:0,B[8, 21]:3f6147ae,C[8, 21]:40bccccc
A[8, 15]:3e888889,B[8, 21]:3f4ccccc,C[8, 21]:40c70a3d
A[8, 16]:3f088889,B[8, 21]:3f3851eb,C[8, 21]:40d978d5
A[8, 17]:3f4cccce,B[8, 21]:3f23d70a,C[8, 21]:40f20c4a
A[8, 18]:3d888889,B[8, 21]:3f0f5c29,C[8, 21]:40f3d70b
A[8, 19]:3eaaaaab,B[8, 21]:3ef5c28f,C[8, 21]:40fb851f
A[8, 20]:3f19999a,B[8, 21]:3ecccccc,C[8, 21]:4103851f
A[8, 21]:3f5ddddf,B[8, 21]:3ea3d70a,C[8, 21]:410a2d0f
A[8, 22]:3e088889,B[8, 21]:3e75c28f,C[8, 21]:410af1ab
A[8, 23]:3eccccce,B[8, 21]:3e23d70a,C[8, 21]:410c7ae2
A[8, 24]:3f2aaaab,B[8, 21]:3da3d70a,C[8, 21]:410dc290
A[8, 25]:3f6eeef0,B[8, 21]:0,C[8, 21]:410dc290
A[8, 26]:3e4cccce,B[8, 21]:3f6b851e,C[8, 21]:41122d0f
A[8, 27]:3eeeeef0,B[8, 21]:3f570a3d,C[8, 21]:411b9582
A[8, 28]:3f3bbbbc,B[8, 21]:3f428f5c,C[8, 21]:4128f5c4
A[8, 29]:0,B[8, 21]:3f2e147b,C[8, 21]:4128f5c4
A[8, 0]:3e888889,B[8, 22]:0,C[8, 22]:3f828f5d
A[8, 1]:3f088889,B[8, 22]:3f75c28f,C[8, 22]:3fe4dd30
A[8, 2]:3f4cccce,B[8, 22]:3f6b851e,C[8, 22]:40391688
A[8, 3]:3d888889,B[8, 22]:3f6147ae,C[8, 22]:403eb853
A[8, 4]:3eaaaaab,B[8, 22]:3f570a3d,C[8, 22]:4059999b
A[8, 5]:3f19999a,B[8, 22]:3f4ccccc,C[8, 22]:4083d70b
A[8, 6]:3f5ddddf,B[8, 22]:3f428f5c,C[8, 22]:40a374bd
A[8, 7]:3e088889,B[8, 22]:3f3851eb,C[8, 22]:40a81063
A[8, 8]:3eccccce,B[8, 22]:3f2e147b,C[8, 22]:40b51eb9
A[8, 9]:3f2aaaab,B[8, 22]:3f23d70a,C[8, 22]:40c9999a
A[8, 10]:3f6eeef0,B[8, 22]:3f199999,C[8, 22]:40e47ae2
A[8, 11]:3e4cccce,B[8, 22]:3f0f5c29,C[8, 22]:40e9db24
A[8, 12]:3eeeeef0,B[8, 22]:3f051eb8,C[8, 22]:40f58107
A[8, 13]:3f3bbbbc,B[8, 22]:3ef5c28f,C[8, 22]:41033334
A[8, 14]:0,B[8, 22]:3ee147ae,C[8, 22]:41033334
A[8, 15]:3e888889,B[8, 22]:3ecccccc,C[8, 22]:4105c290
A[8, 16]:3f088889,B[8, 22]:3eb851eb,C[8, 22]:410a5e36
A[8, 17]:3f4cccce,B[8, 22]:3ea3d70a,C[8, 22]:41108313
A[8, 18]:3d888889,B[8, 22]:3e8f5c29,C[8, 22]:4110f5c3
A[8, 19]:3eaaaaab,B[8, 22]:3e75c28f,C[8, 22]:4112e148
A[8, 20]:3f19999a,B[8, 22]:3e4ccccc,C[8, 22]:4115c290
A[8, 21]:3f5ddddf,B[8, 22]:3e23d70a,C[8, 22]:41191688
A[8, 22]:3e088889,B[8, 22]:3df5c28f,C[8, 22]:411978d6
A[8, 23]:3eccccce,B[8, 22]:3da3d70a,C[8, 22]:411a3d72
A[8, 24]:3f2aaaab,B[8, 22]:3d23d70a,C[8, 22]:411ae149
A[8, 25]:3f6eeef0,B[8, 22]:0,C[8, 22]:411ae149
A[8, 26]:3e4cccce,B[8, 22]:3f75c28f,C[8, 22]:411f7cef
A[8, 27]:3eeeeef0,B[8, 22]:3f6b851e,C[8, 22]:4129cac2
A[8, 28]:3f3bbbbc,B[8, 22]:3f6147ae,C[8, 22]:413947b0
A[8, 29]:0,B[8, 22]:3f570a3d,C[8, 22]:413947b0
A[8, 0]:3e888889,B[8, 23]:0,C[8, 23]:3e99999a
A[8, 1]:3f088889,B[8, 23]:0,C[8, 23]:3e99999a
A[8, 2]:3f4cccce,B[8, 23]:0,C[8, 23]:3e99999a
A[8, 3]:3d888889,B[8, 23]:0,C[8, 23]:3e99999a
A[8, 4]:3eaaaaab,B[8, 23]:0,C[8, 23]:3e99999a
A[8, 5]:3f19999a,B[8, 23]:0,C[8, 23]:3e99999a
A[8, 6]:3f5ddddf,B[8, 23]:0,C[8, 23]:3e99999a
A[8, 7]:3e088889,B[8, 23]:0,C[8, 23]:3e99999a
A[8, 8]:3eccccce,B[8, 23]:0,C[8, 23]:3e99999a
A[8, 9]:3f2aaaab,B[8, 23]:0,C[8, 23]:3e99999a
A[8, 10]:3f6eeef0,B[8, 23]:0,C[8, 23]:3e99999a
A[8, 11]:3e4cccce,B[8, 23]:0,C[8, 23]:3e99999a
A[8, 12]:3eeeeef0,B[8, 23]:0,C[8, 23]:3e99999a
A[8, 13]:3f3bbbbc,B[8, 23]:0,C[8, 23]:3e99999a
A[8, 14]:0,B[8, 23]:0,C[8, 23]:3e99999a
A[8, 15]:3e888889,B[8, 23]:0,C[8, 23]:3e99999a
A[8, 16]:3f088889,B[8, 23]:0,C[8, 23]:3e99999a
A[8, 17]:3f4cccce,B[8, 23]:0,C[8, 23]:3e99999a
A[8, 18]:3d888889,B[8, 23]:0,C[8, 23]:3e99999a
A[8, 19]:3eaaaaab,B[8, 23]:0,C[8, 23]:3e99999a
A[8, 20]:3f19999a,B[8, 23]:0,C[8, 23]:3e99999a
A[8, 21]:3f5ddddf,B[8, 23]:0,C[8, 23]:3e99999a
A[8, 22]:3e088889,B[8, 23]:0,C[8, 23]:3e99999a
A[8, 23]:3eccccce,B[8, 23]:0,C[8, 23]:3e99999a
A[8, 24]:3f2aaaab,B[8, 23]:0,C[8, 23]:3e99999a
A[8, 25]:3f6eeef0,B[8, 23]:0,C[8, 23]:3e99999a
A[8, 26]:3e4cccce,B[8, 23]:0,C[8, 23]:3e99999a
A[8, 27]:3eeeeef0,B[8, 23]:0,C[8, 23]:3e99999a
A[8, 28]:3f3bbbbc,B[8, 23]:0,C[8, 23]:3e99999a
A[8, 29]:0,B[8, 23]:0,C[8, 23]:3e99999a
A[8, 0]:3e888889,B[8, 24]:0,C[8, 24]:3f47ae16
A[8, 1]:3f088889,B[8, 24]:3d23d70a,C[8, 24]:3f4fdf3d
A[8, 2]:3f4cccce,B[8, 24]:3da3d70a,C[8, 24]:3f6872b2
A[8, 3]:3d888889,B[8, 24]:3df5c28f,C[8, 24]:3f6b8521
A[8, 4]:3eaaaaab,B[8, 24]:3e23d70a,C[8, 24]:3f800001
A[8, 5]:3f19999a,B[8, 24]:3e4ccccc,C[8, 24]:3f970a3e
A[8, 6]:3f5ddddf,B[8, 24]:3e75c28f,C[8, 24]:3fbef9dc
A[8, 7]:3e088889,B[8, 24]:3e8f5c29,C[8, 24]:3fc624de
A[8, 8]:3eccccce,B[8, 24]:3ea3d70a,C[8, 24]:3fdeb853
A[8, 9]:3f2aaaab,B[8, 24]:3eb851eb,C[8, 24]:40066667
A[8, 10]:3f6eeef0,B[8, 24]:3ecccccc,C[8, 24]:402a3d71
A[8, 11]:3e4cccce,B[8, 24]:3ee147ae,C[8, 24]:4032b021
A[8, 12]:3eeeeef0,B[8, 24]:3ef5c28f,C[8, 24]:40483127
A[8, 13]:3f3bbbbc,B[8, 24]:3f051eb8,C[8, 24]:406ccccd
A[8, 14]:0,B[8, 24]:3f0f5c29,C[8, 24]:406ccccd
A[8, 15]:3e888889,B[8, 24]:3f199999,C[8, 24]:407c28f6
A[8, 16]:3f088889,B[8, 24]:3f23d70a,C[8, 24]:408e76c9
A[8, 17]:3f4cccce,B[8, 24]:3f2e147b,C[8, 24]:40a89375
A[8, 18]:3d888889,B[8, 24]:3f3851eb,C[8, 24]:40aae148
A[8, 19]:3eaaaaab,B[8, 24]:3f428f5c,C[8, 24]:40b70a3e
A[8, 20]:3f19999a,B[8, 24]:3f4ccccc,C[8, 24]:40ce147b
A[8, 21]:3f5ddddf,B[8, 24]:3f570a3d,C[8, 24]:40f10625
A[8, 22]:3e088889,B[8, 24]:3f6147ae,C[8, 24]:40f6a7f0
A[8, 23]:3eccccce,B[8, 24]:3f6b851e,C[8, 24]:410428f6
A[8, 24]:3f2aaaab,B[8, 24]:3f75c28f,C[8, 24]:4113851f
A[8, 25]:3f6eeef0,B[8, 24]:0,C[8, 24]:4113851f
A[8, 26]:3e4cccce,B[8, 24]:3d23d70a,C[8, 24]:4113b646
A[8, 27]:3eeeeef0,B[8, 24]:3da3d70a,C[8, 24]:41149ba6
A[8, 28]:3f3bbbbc,B[8, 24]:3df5c28f,C[8, 24]:4116b852
A[8, 29]:0,B[8, 24]:3e23d70a,C[8, 24]:4116b852

done computing: 8, print C
C[8, 0]:4113d70b,C[8, 1]:41128f5c,C[8, 2]:412ae148,C[8, 3]:40effffe,C[8, 4]:4119eb86,C[8, 5]:412f0a3d,C[8, 6]:412dc290,C[8, 7]:41247ae1,C[8, 8]:41019999,C[8, 9]:412b8520,C[8, 10]:4120a3d9,C[8, 11]:411c28f6,C[8, 12]:41247ae1,C[8, 13]:41019999,C[8, 14]:412b851e,C[8, 15]:410f0a3d,C[8, 16]:410dc28f,C[8, 17]:4136147b,C[8, 18]:410b3331,C[8, 19]:41251eb9,C[8, 20]:412a3d70,C[8, 21]:4128f5c4,C[8, 22]:413947b0,C[8, 23]:3e99999a,C[8, 24]:4116b852,

//========================

Init I: 9
C[9, 0]:3d4ccccd->3d75c290,C[9, 1]:3f000000->3f19999a,C[9, 2]:3f733333->3f91eb85,C[9, 3]:3ecccccd->3ef5c290,C[9, 4]:3f59999a->3f828f5d,C[9, 5]:3e99999a->3eb851ec,C[9, 6]:3f400000->3f666667,C[9, 7]:3e4ccccd->3e75c290,C[9, 8]:3f266667->3f47ae16,C[9, 9]:3dcccccd->3df5c290,C[9, 10]:3f0ccccd->3f28f5c3,C[9, 11]:0->0,C[9, 12]:3ee66667->3f0a3d71,C[9, 13]:3f666667->3f8a3d71,C[9, 14]:3eb33333->3ed70a3e,C[9, 15]:3f4ccccd->3f75c290,C[9, 16]:3e800000->3e99999a,C[9, 17]:3f333333->3f570a3e,C[9, 18]:3e19999a->3e3851ec,C[9, 19]:3f19999a->3f3851ec,C[9, 20]:3d4ccccd->3d75c290,C[9, 21]:3f000000->3f19999a,C[9, 22]:3f733333->3f91eb85,C[9, 23]:3ecccccd->3ef5c290,C[9, 24]:3f59999a->3f828f5d,
Start computing: 9
A[9, 0]:3e99999a,B[9, 0]:0,C[9, 0]:3d75c290
A[9, 1]:3f19999a,B[9, 0]:3da3d70a,C[9, 0]:3e072b02
A[9, 2]:3f666667,B[9, 0]:3e23d70a,C[9, 0]:3eb22d0e
A[9, 3]:3e4cccce,B[9, 0]:3e75c28f,C[9, 0]:3ed70a3d
A[9, 4]:3f000000,B[9, 0]:3ea3d70a,C[9, 0]:3f28f5c2
A[9, 5]:3f4cccce,B[9, 0]:3ecccccc,C[9, 0]:3f91eb85
A[9, 6]:3dccccce,B[9, 0]:3ef5c28f,C[9, 0]:3f9b22d1
A[9, 7]:3eccccce,B[9, 0]:3f0f5c29,C[9, 0]:3fc624de
A[9, 8]:3f333334,B[9, 0]:3f23d70a,C[9, 0]:400e147c
A[9, 9]:0,B[9, 0]:3f3851eb,C[9, 0]:400e147c
A[9, 10]:3e99999a,B[9, 0]:3f4ccccc,C[9, 0]:40251eb9
A[9, 11]:3f19999a,B[9, 0]:3f6147ae,C[9, 0]:4057ceda
A[9, 12]:3f666667,B[9, 0]:3f75c28f,C[9, 0]:40956042
A[9, 13]:3e4cccce,B[9, 0]:3d23d70a,C[9, 0]:4095c290
A[9, 14]:3f000000,B[9, 0]:3df5c28f,C[9, 0]:4098a3d8
A[9, 15]:3f4cccce,B[9, 0]:3e4ccccc,C[9, 0]:40a051ec
A[9, 16]:3dccccce,B[9, 0]:3e8f5c29,C[9, 0]:40a1a9fc
A[9, 17]:3eccccce,B[9, 0]:3eb851eb,C[9, 0]:40a89375
A[9, 18]:3f333334,B[9, 0]:3ee147ae,C[9, 0]:40b75c29
A[9, 19]:0,B[9, 0]:3f051eb8,C[9, 0]:40b75c29
A[9, 20]:3e99999a,B[9, 0]:3f199999,C[9, 0]:40c00000
A[9, 21]:3f19999a,B[9, 0]:3f2e147b,C[9, 0]:40d39581
A[9, 22]:3f666667,B[9, 0]:3f428f5c,C[9, 0]:40f46a7f
A[9, 23]:3e4cccce,B[9, 0]:3f570a3d,C[9, 0]:40fc7ae1
A[9, 24]:3f000000,B[9, 0]:3f6b851e,C[9, 0]:410947ae
A[9, 25]:3f4cccce,B[9, 0]:0,C[9, 0]:410947ae
A[9, 26]:3dccccce,B[9, 0]:3da3d70a,C[9, 0]:410978d5
A[9, 27]:3eccccce,B[9, 0]:3e23d70a,C[9, 0]:410b020c
A[9, 28]:3f333334,B[9, 0]:3e75c28f,C[9, 0]:410f0a3d
A[9, 29]:0,B[9, 0]:3ea3d70a,C[9, 0]:410f0a3d
A[9, 0]:3e99999a,B[9, 1]:0,C[9, 1]:3f19999a
A[9, 1]:3f19999a,B[9, 1]:3df5c28f,C[9, 1]:3f353f7d
A[9, 2]:3f666667,B[9, 1]:3e75c28f,C[9, 1]:3f841894
A[9, 3]:3e4cccce,B[9, 1]:3eb851eb,C[9, 1]:3f91eb86
A[9, 4]:3f000000,B[9, 1]:3ef5c28f,C[9, 1]:3fc00001
A[9, 5]:3f4cccce,B[9, 1]:3f199999,C[9, 1]:400e147b
A[9, 6]:3dccccce,B[9, 1]:3f3851eb,C[9, 1]:4014fdf4
A[9, 7]:3eccccce,B[9, 1]:3f570a3d,C[9, 1]:40353f7d
A[9, 8]:3f333334,B[9, 1]:3f75c28f,C[9, 1]:4075c290
A[9, 9]:0,B[9, 1]:3da3d70a,C[9, 1]:4075c290
A[9, 10]:3e99999a,B[9, 1]:3e4ccccc,C[9, 1]:407b851f
A[9, 11]:3f19999a,B[9, 1]:3ea3d70a,C[9, 1]:4086f9db
A[9, 12]:3f666667,B[9, 1]:3ee147ae,C[9, 1]:4099fbe7
A[9, 13]:3e4cccce,B[9, 1]:3f0f5c29,C[9, 1]:409f5c29
A[9, 14]:3f000000,B[9, 1]:3f2e147b,C[9, 1]:40afae14
A[9, 15]:3f4cccce,B[9, 1]:3f4ccccc,C[9, 1]:40ce6666
A[9, 16]:3dccccce,B[9, 1]:3f6b851e,C[9, 1]:40d2d0e5
A[9, 17]:3eccccce,B[9, 1]:3d23d70a,C[9, 1]:40d39581
A[9, 18]:3f333334,B[9, 1]:3e23d70a,C[9, 1]:40d8f5c3
A[9, 19]:0,B[9, 1]:3e8f5c29,C[9, 1]:40d8f5c3
A[9, 20]:3e99999a,B[9, 1]:3ecccccc,C[9, 1]:40deb852
A[9, 21]:3f19999a,B[9, 1]:3f051eb8,C[9, 1]:40edb22d
A[9, 22]:3f666667,B[9, 1]:3f23d70a,C[9, 1]:4104ac08
A[9, 23]:3e4cccce,B[9, 1]:3f428f5c,C[9, 1]:410851eb
A[9, 24]:3f000000,B[9, 1]:3f6147ae,C[9, 1]:4112e147
A[9, 25]:3f4cccce,B[9, 1]:0,C[9, 1]:4112e147
A[9, 26]:3dccccce,B[9, 1]:3df5c28f,C[9, 1]:41132b01
A[9, 27]:3eccccce,B[9, 1]:3e75c28f,C[9, 1]:411578d4
A[9, 28]:3f333334,B[9, 1]:3eb851eb,C[9, 1]:411b851e
A[9, 29]:0,B[9, 1]:3ef5c28f,C[9, 1]:411b851e
A[9, 0]:3e99999a,B[9, 2]:0,C[9, 2]:3f91eb85
A[9, 1]:3f19999a,B[9, 2]:3e23d70a,C[9, 2]:3fa45a1d
A[9, 2]:3f666667,B[9, 2]:3ea3d70a,C[9, 2]:3fdba5e4
A[9, 3]:3e4cccce,B[9, 2]:3ef5c28f,C[9, 2]:3fee147c
A[9, 4]:3f000000,B[9, 2]:3f23d70a,C[9, 2]:4015c290
A[9, 5]:3f4cccce,B[9, 2]:3f4ccccc,C[9, 2]:40533334
A[9, 6]:3dccccce,B[9, 2]:3f75c28f,C[9, 2]:405c6a80
A[9, 7]:3eccccce,B[9, 2]:3df5c28f,C[9, 2]:40610626
A[9, 8]:3f333334,B[9, 2]:3e8f5c29,C[9, 2]:4073d70c
A[9, 9]:0,B[9, 2]:3ee147ae,C[9, 2]:4073d70c
A[9, 10]:3e99999a,B[9, 2]:3f199999,C[9, 2]:40828f5d
A[9, 11]:3f19999a,B[9, 2]:3f428f5c,C[9, 2]:409872b1
A[9, 12]:3f666667,B[9, 2]:3f6b851e,C[9, 2]:40c03128
A[9, 13]:3e4cccce,B[9, 2]:3da3d70a,C[9, 2]:40c0f5c4
A[9, 14]:3f000000,B[9, 2]:3e75c28f,C[9, 2]:40c6b853
A[9, 15]:3f4cccce,B[9, 2]:3ecccccc,C[9, 2]:40d6147c
A[9, 16]:3dccccce,B[9, 2]:3f0f5c29,C[9, 2]:40d8c49d
A[9, 17]:3eccccce,B[9, 2]:3f3851eb,C[9, 2]:40e6978f
A[9, 18]:3f333334,B[9, 2]:3f6147ae,C[9, 2]:4102147c
A[9, 19]:0,B[9, 2]:3d23d70a,C[9, 2]:4102147c
A[9, 20]:3e99999a,B[9, 2]:3e4ccccc,C[9, 2]:41038520
A[9, 21]:3f19999a,B[9, 2]:3eb851eb,C[9, 2]:4108b43b
A[9, 22]:3f666667,B[9, 2]:3f051eb8,C[9, 2]:4113ef9f
A[9, 23]:3e4cccce,B[9, 2]:3f2e147b,C[9, 2]:41173335
A[9, 24]:3f000000,B[9, 2]:3f570a3d,C[9, 2]:412147b0
A[9, 25]:3f4cccce,B[9, 2]:0,C[9, 2]:412147b0
A[9, 26]:3dccccce,B[9, 2]:3e23d70a,C[9, 2]:4121a9fe
A[9, 27]:3eccccce,B[9, 2]:3ea3d70a,C[9, 2]:4124bc6d
A[9, 28]:3f333334,B[9, 2]:3ef5c28f,C[9, 2]:412ccccf
A[9, 29]:0,B[9, 2]:3f23d70a,C[9, 2]:412ccccf
A[9, 0]:3e99999a,B[9, 3]:0,C[9, 3]:3ef5c290
A[9, 1]:3f19999a,B[9, 3]:3e4ccccc,C[9, 3]:3f28f5c3
A[9, 2]:3f666667,B[9, 3]:3ecccccc,C[9, 3]:3f99999a
A[9, 3]:3e4cccce,B[9, 3]:3f199999,C[9, 3]:3fb0a3d7
A[9, 4]:3f000000,B[9, 3]:3f4ccccc,C[9, 3]:3ffd70a4
A[9, 5]:3f4cccce,B[9, 3]:0,C[9, 3]:3ffd70a4
A[9, 6]:3dccccce,B[9, 3]:3e4ccccc,C[9, 3]:4000a3d7
A[9, 7]:3eccccce,B[9, 3]:3ecccccc,C[9, 3]:40100000
A[9, 8]:3f333334,B[9, 3]:3f199999,C[9, 3]:403851ec
A[9, 9]:0,B[9, 3]:3f4ccccc,C[9, 3]:403851ec
A[9, 10]:3e99999a,B[9, 3]:0,C[9, 3]:403851ec
A[9, 11]:3f19999a,B[9, 3]:3e4ccccc,C[9, 3]:4043d70b
A[9, 12]:3f666667,B[9, 3]:3ecccccc,C[9, 3]:40666667
A[9, 13]:3e4cccce,B[9, 3]:3f199999,C[9, 3]:4071eb86
A[9, 14]:3f000000,B[9, 3]:3f4ccccc,C[9, 3]:408c28f6
A[9, 15]:3f4cccce,B[9, 3]:0,C[9, 3]:408c28f6
A[9, 16]:3dccccce,B[9, 3]:3e4ccccc,C[9, 3]:408d1eb9
A[9, 17]:3eccccce,B[9, 3]:3ecccccc,C[9, 3]:4094cccd
A[9, 18]:3f333334,B[9, 3]:3f199999,C[9, 3]:40a8f5c3
A[9, 19]:0,B[9, 3]:3f4ccccc,C[9, 3]:40a8f5c3
A[9, 20]:3e99999a,B[9, 3]:0,C[9, 3]:40a8f5c3
A[9, 21]:3f19999a,B[9, 3]:3e4ccccc,C[9, 3]:40aeb852
A[9, 22]:3f666667,B[9, 3]:3ecccccc,C[9, 3]:40c00000
A[9, 23]:3e4cccce,B[9, 3]:3f199999,C[9, 3]:40c5c28f
A[9, 24]:3f000000,B[9, 3]:3f4ccccc,C[9, 3]:40d8f5c2
A[9, 25]:3f4cccce,B[9, 3]:0,C[9, 3]:40d8f5c2
A[9, 26]:3dccccce,B[9, 3]:3e4ccccc,C[9, 3]:40d9eb85
A[9, 27]:3eccccce,B[9, 3]:3ecccccc,C[9, 3]:40e19999
A[9, 28]:3f333334,B[9, 3]:3f199999,C[9, 3]:40f5c28f
A[9, 29]:0,B[9, 3]:3f4ccccc,C[9, 3]:40f5c28f
A[9, 0]:3e99999a,B[9, 4]:0,C[9, 4]:3f828f5d
A[9, 1]:3f19999a,B[9, 4]:3e75c28f,C[9, 4]:3f9e3540
A[9, 2]:3f666667,B[9, 4]:3ef5c28f,C[9, 4]:3ff126ea
A[9, 3]:3e4cccce,B[9, 4]:3f3851eb,C[9, 4]:40066667
A[9, 4]:3f000000,B[9, 4]:3f75c28f,C[9, 4]:40347ae2
A[9, 5]:3f4cccce,B[9, 4]:3e4ccccc,C[9, 4]:4043d70b
A[9, 6]:3dccccce,B[9, 4]:3ee147ae,C[9, 4]:40481063
A[9, 7]:3eccccce,B[9, 4]:3f2e147b,C[9, 4]:40622d0f
A[9, 8]:3f333334,B[9, 4]:3f6b851e,C[9, 4]:40900000
A[9, 9]:0,B[9, 4]:3e23d70a,C[9, 4]:40900000
A[9, 10]:3e99999a,B[9, 4]:3ecccccc,C[9, 4]:4095c28f
A[9, 11]:3f19999a,B[9, 4]:3f23d70a,C[9, 4]:40a83127
A[9, 12]:3f666667,B[9, 4]:3f6147ae,C[9, 4]:40ce3540
A[9, 13]:3e4cccce,B[9, 4]:3df5c28f,C[9, 4]:40cf5c29
A[9, 14]:3f000000,B[9, 4]:3eb851eb,C[9, 4]:40d80000
A[9, 15]:3f4cccce,B[9, 4]:3f199999,C[9, 4]:40ef0a3d
A[9, 16]:3dccccce,B[9, 4]:3f570a3d,C[9, 4]:40f3126e
A[9, 17]:3eccccce,B[9, 4]:3da3d70a,C[9, 4]:40f49ba5
A[9, 18]:3f333334,B[9, 4]:3ea3d70a,C[9, 4]:40ff5c28
A[9, 19]:0,B[9, 4]:3f0f5c29,C[9, 4]:40ff5c28
A[9, 20]:3e99999a,B[9, 4]:3f4ccccc,C[9, 4]:410570a3
A[9, 21]:3f19999a,B[9, 4]:3d23d70a,C[9, 4]:41060418
A[9, 22]:3f666667,B[9, 4]:3e8f5c29,C[9, 4]:410c1062
A[9, 23]:3e4cccce,B[9, 4]:3f051eb8,C[9, 4]:410e8f5c
A[9, 24]:3f000000,B[9, 4]:3f428f5c,C[9, 4]:4117ae14
A[9, 25]:3f4cccce,B[9, 4]:0,C[9, 4]:4117ae14
A[9, 26]:3dccccce,B[9, 4]:3e75c28f,C[9, 4]:41184189
A[9, 27]:3eccccce,B[9, 4]:3ef5c28f,C[9, 4]:411cdd2f
A[9, 28]:3f333334,B[9, 4]:3f3851eb,C[9, 4]:4128f5c2
A[9, 29]:0,B[9, 4]:3f75c28f,C[9, 4]:4128f5c2
A[9, 0]:3e99999a,B[9, 5]:0,C[9, 5]:3eb851ec
A[9, 1]:3f19999a,B[9, 5]:3e8f5c29,C[9, 5]:3f1cac08
A[9, 2]:3f666667,B[9, 5]:3f0f5c29,C[9, 5]:3faf1aa0
A[9, 3]:3e4cccce,B[9, 5]:3f570a3d,C[9, 5]:3fcf5c29
A[9, 4]:3f000000,B[9, 5]:3df5c28f,C[9, 5]:3fdae148
A[9, 5]:3f4cccce,B[9, 5]:3ecccccc,C[9, 5]:400c28f6
A[9, 6]:3dccccce,B[9, 5]:3f2e147b,C[9, 5]:4012b021
A[9, 7]:3eccccce,B[9, 5]:3f75c28f,C[9, 5]:40378d50
A[9, 8]:3f333334,B[9, 5]:3e75c28f,C[9, 5]:4047ae15
A[9, 9]:0,B[9, 5]:3f051eb8,C[9, 5]:4047ae15
A[9, 10]:3e99999a,B[9, 5]:3f4ccccc,C[9, 5]:405eb852
A[9, 11]:3f19999a,B[9, 5]:3da3d70a,C[9, 5]:406353f8
A[9, 12]:3f666667,B[9, 5]:3eb851eb,C[9, 5]:4081374c
A[9, 13]:3e4cccce,B[9, 5]:3f23d70a,C[9, 5]:40875c29
A[9, 14]:3f000000,B[9, 5]:3f6b851e,C[9, 5]:409d70a4
A[9, 15]:3f4cccce,B[9, 5]:3e4ccccc,C[9, 5]:40a51eb8
A[9, 16]:3dccccce,B[9, 5]:3ef5c28f,C[9, 5]:40a76c8b
A[9, 17]:3eccccce,B[9, 5]:3f428f5c,C[9, 5]:40b60418
A[9, 18]:3f333334,B[9, 5]:3d23d70a,C[9, 5]:40b75c28
A[9, 19]:0,B[9, 5]:3ea3d70a,C[9, 5]:40b75c28
A[9, 20]:3e99999a,B[9, 5]:3f199999,C[9, 5]:40bfffff
A[9, 21]:3f19999a,B[9, 5]:3f6147ae,C[9, 5]:40d95810
A[9, 22]:3f666667,B[9, 5]:3e23d70a,C[9, 5]:40e04189
A[9, 23]:3e4cccce,B[9, 5]:3ee147ae,C[9, 5]:40e47ae1
A[9, 24]:3f000000,B[9, 5]:3f3851eb,C[9, 5]:40f5c28f
A[9, 25]:3f4cccce,B[9, 5]:0,C[9, 5]:40f5c28f
A[9, 26]:3dccccce,B[9, 5]:3e8f5c29,C[9, 5]:40f71a9f
A[9, 27]:3eccccce,B[9, 5]:3f0f5c29,C[9, 5]:4100ed91
A[9, 28]:3f333334,B[9, 5]:3f570a3d,C[9, 5]:410f0a3d
A[9, 29]:0,B[9, 5]:3df5c28f,C[9, 5]:410f0a3d
A[9, 0]:3e99999a,B[9, 6]:0,C[9, 6]:3f666667
A[9, 1]:3f19999a,B[9, 6]:3ea3d70a,C[9, 6]:3f981063
A[9, 2]:3f666667,B[9, 6]:3f23d70a,C[9, 6]:400353f8
A[9, 3]:3e4cccce,B[9, 6]:3f75c28f,C[9, 6]:4015c290
A[9, 4]:3f000000,B[9, 6]:3e8f5c29,C[9, 6]:40233334
A[9, 5]:3f4cccce,B[9, 6]:3f199999,C[9, 6]:405147af
A[9, 6]:3dccccce,B[9, 6]:3f6b851e,C[9, 6]:405a1cad
A[9, 7]:3eccccce,B[9, 6]:3e75c28f,C[9, 6]:406353f9
A[9, 8]:3f333334,B[9, 6]:3f0f5c29,C[9, 6]:40847ae2
A[9, 9]:0,B[9, 6]:3f6147ae,C[9, 6]:40847ae2
A[9, 10]:3e99999a,B[9, 6]:3e4ccccc,C[9, 6]:40875c2a
A[9, 11]:3f19999a,B[9, 6]:3f051eb8,C[9, 6]:40965605
A[9, 12]:3f666667,B[9, 6]:3f570a3d,C[9, 6]:40ba9fbf
A[9, 13]:3e4cccce,B[9, 6]:3e23d70a,C[9, 6]:40bc28f6
A[9, 14]:3f000000,B[9, 6]:3ef5c28f,C[9, 6]:40c7ae15
A[9, 15]:3f4cccce,B[9, 6]:3f4ccccc,C[9, 6]:40e66667
A[9, 16]:3dccccce,B[9, 6]:3df5c28f,C[9, 6]:40e6f9dc
A[9, 17]:3eccccce,B[9, 6]:3ee147ae,C[9, 6]:40ef6c8c
A[9, 18]:3f333334,B[9, 6]:3f428f5c,C[9, 6]:41047ae2
A[9, 19]:0,B[9, 6]:3da3d70a,C[9, 6]:41047ae2
A[9, 20]:3e99999a,B[9, 6]:3ecccccc,C[9, 6]:41075c2a
A[9, 21]:3f19999a,B[9, 6]:3f3851eb,C[9, 6]:4111ba5f
A[9, 22]:3f666667,B[9, 6]:3d23d70a,C[9, 6]:4112978e
A[9, 23]:3e4cccce,B[9, 6]:3eb851eb,C[9, 6]:411451ec
A[9, 24]:3f000000,B[9, 6]:3f2e147b,C[9, 6]:411c7ae2
A[9, 25]:3f4cccce,B[9, 6]:0,C[9, 6]:411c7ae2
A[9, 26]:3dccccce,B[9, 6]:3ea3d70a,C[9, 6]:411d3f7e
A[9, 27]:3eccccce,B[9, 6]:3f23d70a,C[9, 6]:4123645b
A[9, 28]:3f333334,B[9, 6]:3f75c28f,C[9, 6]:41338520
A[9, 29]:0,B[9, 6]:3e8f5c29,C[9, 6]:41338520
A[9, 0]:3e99999a,B[9, 7]:0,C[9, 7]:3e75c290
A[9, 1]:3f19999a,B[9, 7]:3eb851eb,C[9, 7]:3f10624e
A[9, 2]:3f666667,B[9, 7]:3f3851eb,C[9, 7]:3fc49ba6
A[9, 3]:3e4cccce,B[9, 7]:3da3d70a,C[9, 7]:3fc7ae15
A[9, 4]:3f000000,B[9, 7]:3ee147ae,C[9, 7]:3ff1eb86
A[9, 5]:3f4cccce,B[9, 7]:3f4ccccc,C[9, 7]:40366667
A[9, 6]:3dccccce,B[9, 7]:3e23d70a,C[9, 7]:4037ef9e
A[9, 7]:3eccccce,B[9, 7]:3f051eb8,C[9, 7]:404be76d
A[9, 8]:3f333334,B[9, 7]:3f6147ae,C[9, 7]:4083851f
A[9, 9]:0,B[9, 7]:3e75c28f,C[9, 7]:4083851f
A[9, 10]:3e99999a,B[9, 7]:3f199999,C[9, 7]:408c28f6
A[9, 11]:3f19999a,B[9, 7]:3f75c28f,C[9, 7]:40a7ced9
A[9, 12]:3f666667,B[9, 7]:3ea3d70a,C[9, 7]:40b5a1cb
A[9, 13]:3e4cccce,B[9, 7]:3f2e147b,C[9, 7]:40bc28f6
A[9, 14]:3f000000,B[9, 7]:3d23d70a,C[9, 7]:40bd1eb9
A[9, 15]:3f4cccce,B[9, 7]:3ecccccc,C[9, 7]:40cc7ae2
A[9, 16]:3dccccce,B[9, 7]:3f428f5c,C[9, 7]:40d020c5
A[9, 17]:3eccccce,B[9, 7]:3df5c28f,C[9, 7]:40d26e98
A[9, 18]:3f333334,B[9, 7]:3ef5c28f,C[9, 7]:40e28f5d
A[9, 19]:0,B[9, 7]:3f570a3d,C[9, 7]:40e28f5d
A[9, 20]:3e99999a,B[9, 7]:3e4ccccc,C[9, 7]:40e570a5
A[9, 21]:3f19999a,B[9, 7]:3f0f5c29,C[9, 7]:40f5916a
A[9, 22]:3f666667,B[9, 7]:3f6b851e,C[9, 7]:410ea7f0
A[9, 23]:3e4cccce,B[9, 7]:3e8f5c29,C[9, 7]:41100000
A[9, 24]:3f000000,B[9, 7]:3f23d70a,C[9, 7]:4117ae14
A[9, 25]:3f4cccce,B[9, 7]:0,C[9, 7]:4117ae14
A[9, 26]:3dccccce,B[9, 7]:3eb851eb,C[9, 7]:41188b43
A[9, 27]:3eccccce,B[9, 7]:3f3851eb,C[9, 7]:411f74bc
A[9, 28]:3f333334,B[9, 7]:3da3d70a,C[9, 7]:4120cccc
A[9, 29]:0,B[9, 7]:3ee147ae,C[9, 7]:4120cccc
A[9, 0]:3e99999a,B[9, 8]:0,C[9, 8]:3f47ae16
A[9, 1]:3f19999a,B[9, 8]:3ecccccc,C[9, 8]:3f91eb86
A[9, 2]:3f666667,B[9, 8]:3f4ccccc,C[9, 8]:400e147b
A[9, 3]:3e4cccce,B[9, 8]:3e4ccccc,C[9, 8]:4011eb85
A[9, 4]:3f000000,B[9, 8]:3f199999,C[9, 8]:402eb852
A[9, 5]:3f4cccce,B[9, 8]:0,C[9, 8]:402eb852
A[9, 6]:3dccccce,B[9, 8]:3ecccccc,C[9, 8]:40328f5c
A[9, 7]:3eccccce,B[9, 8]:3f4ccccc,C[9, 8]:405147ae
A[9, 8]:3f333334,B[9, 8]:3e4ccccc,C[9, 8]:405eb852
A[9, 9]:0,B[9, 8]:3f199999,C[9, 8]:405eb852
A[9, 10]:3e99999a,B[9, 8]:0,C[9, 8]:405eb852
A[9, 11]:3f19999a,B[9, 8]:3ecccccc,C[9, 8]:4075c28f
A[9, 12]:3f666667,B[9, 8]:3f4ccccc,C[9, 8]:409d70a4
A[9, 13]:3e4cccce,B[9, 8]:3e4ccccc,C[9, 8]:409f5c29
A[9, 14]:3f000000,B[9, 8]:3f199999,C[9, 8]:40adc28f
A[9, 15]:3f4cccce,B[9, 8]:0,C[9, 8]:40adc28f
A[9, 16]:3dccccce,B[9, 8]:3ecccccc,C[9, 8]:40afae14
A[9, 17]:3eccccce,B[9, 8]:3f4ccccc,C[9, 8]:40bf0a3d
A[9, 18]:3f333334,B[9, 8]:3e4ccccc,C[9, 8]:40c5c28f
A[9, 19]:0,B[9, 8]:3f199999,C[9, 8]:40c5c28f
A[9, 20]:3e99999a,B[9, 8]:0,C[9, 8]:40c5c28f
A[9, 21]:3f19999a,B[9, 8]:3ecccccc,C[9, 8]:40d147ae
A[9, 22]:3f666667,B[9, 8]:3f4ccccc,C[9, 8]:40f3d70a
A[9, 23]:3e4cccce,B[9, 8]:3e4ccccc,C[9, 8]:40f5c28f
A[9, 24]:3f000000,B[9, 8]:3f199999,C[9, 8]:4102147b
A[9, 25]:3f4cccce,B[9, 8]:0,C[9, 8]:4102147b
A[9, 26]:3dccccce,B[9, 8]:3ecccccc,C[9, 8]:41030a3e
A[9, 27]:3eccccce,B[9, 8]:3f4ccccc,C[9, 8]:410ab852
A[9, 28]:3f333334,B[9, 8]:3e4ccccc,C[9, 8]:410e147b
A[9, 29]:0,B[9, 8]:3f199999,C[9, 8]:410e147b
A[9, 0]:3e99999a,B[9, 9]:0,C[9, 9]:3df5c290
A[9, 1]:3f19999a,B[9, 9]:3ee147ae,C[9, 9]:3f041894
A[9, 2]:3f666667,B[9, 9]:3f6147ae,C[9, 9]:3fda1cac
A[9, 3]:3e4cccce,B[9, 9]:3ea3d70a,C[9, 9]:3fe66666
A[9, 4]:3f000000,B[9, 9]:3f428f5c,C[9, 9]:4017ae14
A[9, 5]:3f4cccce,B[9, 9]:3e4ccccc,C[9, 9]:40270a3d
A[9, 6]:3dccccce,B[9, 9]:3f23d70a,C[9, 9]:402d2f1a
A[9, 7]:3eccccce,B[9, 9]:3da3d70a,C[9, 9]:40304189
A[9, 8]:3f333334,B[9, 9]:3f051eb8,C[9, 9]:40533333
A[9, 9]:0,B[9, 9]:3f75c28f,C[9, 9]:40533333
A[9, 10]:3e99999a,B[9, 9]:3ecccccc,C[9, 9]:405eb852
A[9, 11]:3f19999a,B[9, 9]:3f570a3d,C[9, 9]:40878d50
A[9, 12]:3f666667,B[9, 9]:3e8f5c29,C[9, 9]:4093a5e4
A[9, 13]:3e4cccce,B[9, 9]:3f3851eb,C[9, 9]:409a8f5d
A[9, 14]:3f000000,B[9, 9]:3e23d70a,C[9, 9]:409e6667
A[9, 15]:3f4cccce,B[9, 9]:3f199999,C[9, 9]:40b570a4
A[9, 16]:3dccccce,B[9, 9]:3d23d70a,C[9, 9]:40b5a1cb
A[9, 17]:3eccccce,B[9, 9]:3ef5c28f,C[9, 9]:40bed917
A[9, 18]:3f333334,B[9, 9]:3f6b851e,C[9, 9]:40ddc290
A[9, 19]:0,B[9, 9]:3eb851eb,C[9, 9]:40ddc290
A[9, 20]:3e99999a,B[9, 9]:3f4ccccc,C[9, 9]:40e947af
A[9, 21]:3f19999a,B[9, 9]:3e75c28f,C[9, 9]:40f03128
A[9, 22]:3f666667,B[9, 9]:3f2e147b,C[9, 9]:4106c8b5
A[9, 23]:3e4cccce,B[9, 9]:3df5c28f,C[9, 9]:41075c2a
A[9, 24]:3f000000,B[9, 9]:3f0f5c29,C[9, 9]:410e147c
A[9, 25]:3f4cccce,B[9, 9]:0,C[9, 9]:410e147c
A[9, 26]:3dccccce,B[9, 9]:3ee147ae,C[9, 9]:410f22d2
A[9, 27]:3eccccce,B[9, 9]:3f6147ae,C[9, 9]:41179582
A[9, 28]:3f333334,B[9, 9]:3ea3d70a,C[9, 9]:411cf5c4
A[9, 29]:0,B[9, 9]:3f428f5c,C[9, 9]:411cf5c4
A[9, 0]:3e99999a,B[9, 10]:0,C[9, 10]:3f28f5c3
A[9, 1]:3f19999a,B[9, 10]:3ef5c28f,C[9, 10]:3f8bc6a8
A[9, 2]:3f666667,B[9, 10]:3f75c28f,C[9, 10]:4018d4fe
A[9, 3]:3e4cccce,B[9, 10]:3ee147ae,C[9, 10]:402147ae
A[9, 4]:3f000000,B[9, 10]:3f6b851e,C[9, 10]:404d70a4
A[9, 5]:3f4cccce,B[9, 10]:3ecccccc,C[9, 10]:406c28f6
A[9, 6]:3dccccce,B[9, 10]:3f6147ae,C[9, 10]:40749ba6
A[9, 7]:3eccccce,B[9, 10]:3eb851eb,C[9, 10]:4081374c
A[9, 8]:3f333334,B[9, 10]:3f570a3d,C[9, 10]:409d70a4
A[9, 9]:0,B[9, 10]:3ea3d70a,C[9, 10]:409d70a4
A[9, 10]:3e99999a,B[9, 10]:3f4ccccc,C[9, 10]:40a8f5c3
A[9, 11]:3f19999a,B[9, 10]:3e8f5c29,C[9, 10]:40b10625
A[9, 12]:3f666667,B[9, 10]:3f428f5c,C[9, 10]:40d1db23
A[9, 13]:3e4cccce,B[9, 10]:3e75c28f,C[9, 10]:40d428f6
A[9, 14]:3f000000,B[9, 10]:3f3851eb,C[9, 10]:40e570a4
A[9, 15]:3f4cccce,B[9, 10]:3e4ccccc,C[9, 10]:40ed1eb8
A[9, 16]:3dccccce,B[9, 10]:3f2e147b,C[9, 10]:40f0624e
A[9, 17]:3eccccce,B[9, 10]:3e23d70a,C[9, 10]:40f374bd
A[9, 18]:3f333334,B[9, 10]:3f23d70a,C[9, 10]:41047ae2
A[9, 19]:0,B[9, 10]:3df5c28f,C[9, 10]:41047ae2
A[9, 20]:3e99999a,B[9, 10]:3f199999,C[9, 10]:4108ccce
A[9, 21]:3f19999a,B[9, 10]:3da3d70a,C[9, 10]:4109f3b7
A[9, 22]:3f666667,B[9, 10]:3f0f5c29,C[9, 10]:41160c4a
A[9, 23]:3e4cccce,B[9, 10]:3d23d70a,C[9, 10]:41163d71
A[9, 24]:3f000000,B[9, 10]:3f051eb8,C[9, 10]:411c7ae2
A[9, 25]:3f4cccce,B[9, 10]:0,C[9, 10]:411c7ae2
A[9, 26]:3dccccce,B[9, 10]:3ef5c28f,C[9, 10]:411da1cb
A[9, 27]:3eccccce,B[9, 10]:3f75c28f,C[9, 10]:4126d917
A[9, 28]:3f333334,B[9, 10]:3ee147ae,C[9, 10]:412e3d71
A[9, 29]:0,B[9, 10]:3f6b851e,C[9, 10]:412e3d71
A[9, 0]:3e99999a,B[9, 11]:0,C[9, 11]:0
A[9, 1]:3f19999a,B[9, 11]:3f051eb8,C[9, 11]:3eef9db2
A[9, 2]:3f666667,B[9, 11]:3d23d70a,C[9, 11]:3f05a1cb
A[9, 3]:3e4cccce,B[9, 11]:3f0f5c29,C[9, 11]:3f30a3d8
A[9, 4]:3f000000,B[9, 11]:3da3d70a,C[9, 11]:3f400001
A[9, 5]:3f4cccce,B[9, 11]:3f199999,C[9, 11]:3fbc28f6
A[9, 6]:3dccccce,B[9, 11]:3df5c28f,C[9, 11]:3fbe76c9
A[9, 7]:3eccccce,B[9, 11]:3f23d70a,C[9, 11]:3fef9db2
A[9, 8]:3f333334,B[9, 11]:3e23d70a,C[9, 11]:40028f5c
A[9, 9]:0,B[9, 11]:3f2e147b,C[9, 11]:40028f5c
A[9, 10]:3e99999a,B[9, 11]:3e4ccccc,C[9, 11]:400851eb
A[9, 11]:3f19999a,B[9, 11]:3f3851eb,C[9, 11]:4031cac0
A[9, 12]:3f666667,B[9, 11]:3e75c28f,C[9, 11]:4046872a
A[9, 13]:3e4cccce,B[9, 11]:3f428f5c,C[9, 11]:40551eb7
A[9, 14]:3f000000,B[9, 11]:3e8f5c29,C[9, 11]:40628f5b
A[9, 15]:3f4cccce,B[9, 11]:3f4ccccc,C[9, 11]:408fffff
A[9, 16]:3dccccce,B[9, 11]:3ea3d70a,C[9, 11]:40918936
A[9, 17]:3eccccce,B[9, 11]:3f570a3d,C[9, 11]:40a1a9fb
A[9, 18]:3f333334,B[9, 11]:3eb851eb,C[9, 11]:40adc28e
A[9, 19]:0,B[9, 11]:3f6147ae,C[9, 11]:40adc28e
A[9, 20]:3e99999a,B[9, 11]:3ecccccc,C[9, 11]:40b3851d
A[9, 21]:3f19999a,B[9, 11]:3f6b851e,C[9, 11]:40ce0417
A[9, 22]:3f666667,B[9, 11]:3ee147ae,C[9, 11]:40e10623
A[9, 23]:3e4cccce,B[9, 11]:3f75c28f,C[9, 11]:40ea3d6f
A[9, 24]:3f000000,B[9, 11]:3ef5c28f,C[9, 11]:40f5c28e
A[9, 25]:3f4cccce,B[9, 11]:0,C[9, 11]:40f5c28e
A[9, 26]:3dccccce,B[9, 11]:3f051eb8,C[9, 11]:40f84188
A[9, 27]:3eccccce,B[9, 11]:3d23d70a,C[9, 11]:40f90624
A[9, 28]:3f333334,B[9, 11]:3f0f5c29,C[9, 11]:4105eb85
A[9, 29]:0,B[9, 11]:3da3d70a,C[9, 11]:4105eb85
A[9, 0]:3e99999a,B[9, 12]:0,C[9, 12]:3f0a3d71
A[9, 1]:3f19999a,B[9, 12]:3f0f5c29,C[9, 12]:3f85a1cb
A[9, 2]:3f666667,B[9, 12]:3df5c28f,C[9, 12]:3f9a5e36
A[9, 3]:3e4cccce,B[9, 12]:3f2e147b,C[9, 12]:3fb47ae2
A[9, 4]:3f000000,B[9, 12]:3e75c28f,C[9, 12]:3fcb851f
A[9, 5]:3f4cccce,B[9, 12]:3f4ccccc,C[9, 12]:40233333
A[9, 6]:3dccccce,B[9, 12]:3eb851eb,C[9, 12]:4026a7ef
A[9, 7]:3eccccce,B[9, 12]:3f6b851e,C[9, 12]:4049fbe7
A[9, 8]:3f333334,B[9, 12]:3ef5c28f,C[9, 12]:406a3d70
A[9, 9]:0,B[9, 12]:3d23d70a,C[9, 12]:406a3d70
A[9, 10]:3e99999a,B[9, 12]:3f199999,C[9, 12]:407b851e
A[9, 11]:3f19999a,B[9, 12]:3e23d70a,C[9, 12]:40825e35
A[9, 12]:3f666667,B[9, 12]:3f3851eb,C[9, 12]:40a178d5
A[9, 13]:3e4cccce,B[9, 12]:3e8f5c29,C[9, 12]:40a428f6
A[9, 14]:3f000000,B[9, 12]:3f570a3d,C[9, 12]:40b851ec
A[9, 15]:3f4cccce,B[9, 12]:3ecccccc,C[9, 12]:40c7ae15
A[9, 16]:3dccccce,B[9, 12]:3f75c28f,C[9, 12]:40cc49bb
A[9, 17]:3eccccce,B[9, 12]:3f051eb8,C[9, 12]:40d645a2
A[9, 18]:3f333334,B[9, 12]:3da3d70a,C[9, 12]:40d8f5c3
A[9, 19]:0,B[9, 12]:3f23d70a,C[9, 12]:40d8f5c3
A[9, 20]:3e99999a,B[9, 12]:3e4ccccc,C[9, 12]:40dbd70b
A[9, 21]:3f19999a,B[9, 12]:3f428f5c,C[9, 12]:40f1ba5f
A[9, 22]:3f666667,B[9, 12]:3ea3d70a,C[9, 12]:40ff8d51
A[9, 23]:3e4cccce,B[9, 12]:3f6147ae,C[9, 12]:41040001
A[9, 24]:3f000000,B[9, 12]:3ee147ae,C[9, 12]:410947af
A[9, 25]:3f4cccce,B[9, 12]:0,C[9, 12]:410947af
A[9, 26]:3dccccce,B[9, 12]:3f0f5c29,C[9, 12]:410a9fbf
A[9, 27]:3eccccce,B[9, 12]:3df5c28f,C[9, 12]:410bc6a8
A[9, 28]:3f333334,B[9, 12]:3f2e147b,C[9, 12]:41173333
A[9, 29]:0,B[9, 12]:3e75c28f,C[9, 12]:41173333
A[9, 0]:3e99999a,B[9, 13]:0,C[9, 13]:3f8a3d71
A[9, 1]:3f19999a,B[9, 13]:3f199999,C[9, 13]:3fcf5c29
A[9, 2]:3f666667,B[9, 13]:3e4ccccc,C[9, 13]:3ff1eb85
A[9, 3]:3e4cccce,B[9, 13]:3f4ccccc,C[9, 13]:400851eb
A[9, 4]:3f000000,B[9, 13]:3ecccccc,C[9, 13]:401b851e
A[9, 5]:3f4cccce,B[9, 13]:0,C[9, 13]:401b851e
A[9, 6]:3dccccce,B[9, 13]:3f199999,C[9, 13]:402147ad
A[9, 7]:3eccccce,B[9, 13]:3e4ccccc,C[9, 13]:4028f5c1
A[9, 8]:3f333334,B[9, 13]:3f4ccccc,C[9, 13]:405eb850
A[9, 9]:0,B[9, 13]:3ecccccc,C[9, 13]:405eb850
A[9, 10]:3e99999a,B[9, 13]:0,C[9, 13]:405eb850
A[9, 11]:3f19999a,B[9, 13]:3f199999,C[9, 13]:4080a3d6
A[9, 12]:3f666667,B[9, 13]:3e4ccccc,C[9, 13]:408947ad
A[9, 13]:3e4cccce,B[9, 13]:3f4ccccc,C[9, 13]:4090f5c1
A[9, 14]:3f000000,B[9, 13]:3ecccccc,C[9, 13]:409a8f5b
A[9, 15]:3f4cccce,B[9, 13]:0,C[9, 13]:409a8f5b
A[9, 16]:3dccccce,B[9, 13]:3f199999,C[9, 13]:409d70a3
A[9, 17]:3eccccce,B[9, 13]:3e4ccccc,C[9, 13]:40a147ad
A[9, 18]:3f333334,B[9, 13]:3f4ccccc,C[9, 13]:40bc28f5
A[9, 19]:0,B[9, 13]:3ecccccc,C[9, 13]:40bc28f5
A[9, 20]:3e99999a,B[9, 13]:0,C[9, 13]:40bc28f5
A[9, 21]:3f19999a,B[9, 13]:3f199999,C[9, 13]:40cd70a3
A[9, 22]:3f666667,B[9, 13]:3e4ccccc,C[9, 13]:40d6147a
A[9, 23]:3e4cccce,B[9, 13]:3f4ccccc,C[9, 13]:40ddc28e
A[9, 24]:3f000000,B[9, 13]:3ecccccc,C[9, 13]:40e75c28
A[9, 25]:3f4cccce,B[9, 13]:0,C[9, 13]:40e75c28
A[9, 26]:3dccccce,B[9, 13]:3f199999,C[9, 13]:40ea3d70
A[9, 27]:3eccccce,B[9, 13]:3e4ccccc,C[9, 13]:40ee147a
A[9, 28]:3f333334,B[9, 13]:3f4ccccc,C[9, 13]:41047ae1
A[9, 29]:0,B[9, 13]:3ecccccc,C[9, 13]:41047ae1
A[9, 0]:3e99999a,B[9, 14]:0,C[9, 14]:3ed70a3e
A[9, 1]:3f19999a,B[9, 14]:3f23d70a,C[9, 14]:3f7ef9dc
A[9, 2]:3f666667,B[9, 14]:3e8f5c29,C[9, 14]:3fafdf3c
A[9, 3]:3e4cccce,B[9, 14]:3f6b851e,C[9, 14]:3fd33334
A[9, 4]:3f000000,B[9, 14]:3f0f5c29,C[9, 14]:40047ae2
A[9, 5]:3f4cccce,B[9, 14]:3e4ccccc,C[9, 14]:4013d70b
A[9, 6]:3dccccce,B[9, 14]:3f570a3d,C[9, 14]:401be76d
A[9, 7]:3eccccce,B[9, 14]:3ef5c28f,C[9, 14]:402e5605
A[9, 8]:3f333334,B[9, 14]:3df5c28f,C[9, 14]:40366667
A[9, 9]:0,B[9, 14]:3f428f5c,C[9, 14]:40366667
A[9, 10]:3e99999a,B[9, 14]:3ecccccc,C[9, 14]:4041eb86
A[9, 11]:3f19999a,B[9, 14]:3d23d70a,C[9, 14]:40443959
A[9, 12]:3f666667,B[9, 14]:3f2e147b,C[9, 14]:407ef9dc
A[9, 13]:3e4cccce,B[9, 14]:3ea3d70a,C[9, 14]:40828f5d
A[9, 14]:3f000000,B[9, 14]:3f75c28f,C[9, 14]:4099999a
A[9, 15]:3f4cccce,B[9, 14]:3f199999,C[9, 14]:40b0a3d7
A[9, 16]:3dccccce,B[9, 14]:3e75c28f,C[9, 14]:40b1cac0
A[9, 17]:3eccccce,B[9, 14]:3f6147ae,C[9, 14]:40c2b020
A[9, 18]:3f333334,B[9, 14]:3f051eb8,C[9, 14]:40d428f5
A[9, 19]:0,B[9, 14]:3e23d70a,C[9, 14]:40d428f5
A[9, 20]:3e99999a,B[9, 14]:3f4ccccc,C[9, 14]:40dfae14
A[9, 21]:3f19999a,B[9, 14]:3ee147ae,C[9, 14]:40ec5a1c
A[9, 22]:3f666667,B[9, 14]:3da3d70a,C[9, 14]:40efced8
A[9, 23]:3e4cccce,B[9, 14]:3f3851eb,C[9, 14]:40f6b851
A[9, 24]:3f000000,B[9, 14]:3eb851eb,C[9, 14]:40ff5c28
A[9, 25]:3f4cccce,B[9, 14]:0,C[9, 14]:40ff5c28
A[9, 26]:3dccccce,B[9, 14]:3f23d70a,C[9, 14]:4101374b
A[9, 27]:3eccccce,B[9, 14]:3e8f5c29,C[9, 14]:4103e76c
A[9, 28]:3f333334,B[9, 14]:3f6b851e,C[9, 14]:41135c28
A[9, 29]:0,B[9, 14]:3f0f5c29,C[9, 14]:41135c28
A[9, 0]:3e99999a,B[9, 15]:0,C[9, 15]:3f75c290
A[9, 1]:3f19999a,B[9, 15]:3f2e147b,C[9, 15]:3fc9374c
A[9, 2]:3f666667,B[9, 15]:3eb851eb,C[9, 15]:4003b646
A[9, 3]:3e4cccce,B[9, 15]:3d23d70a,C[9, 15]:40047ae2
A[9, 4]:3f000000,B[9, 15]:3f3851eb,C[9, 15]:40270a3e
A[9, 5]:3f4cccce,B[9, 15]:3ecccccc,C[9, 15]:4045c290
A[9, 6]:3dccccce,B[9, 15]:3da3d70a,C[9, 15]:4046872c
A[9, 7]:3eccccce,B[9, 15]:3f428f5c,C[9, 15]:4063b647
A[9, 8]:3f333334,B[9, 15]:3ee147ae,C[9, 15]:4080a3d8
A[9, 9]:0,B[9, 15]:3df5c28f,C[9, 15]:4080a3d8
A[9, 10]:3e99999a,B[9, 15]:3f4ccccc,C[9, 15]:408c28f7
A[9, 11]:3f19999a,B[9, 15]:3ef5c28f,C[9, 15]:4099fbe9
A[9, 12]:3f666667,B[9, 15]:3e23d70a,C[9, 15]:40a0e562
A[9, 13]:3e4cccce,B[9, 15]:3f570a3d,C[9, 15]:40a8f5c4
A[9, 14]:3f000000,B[9, 15]:3f051eb8,C[9, 15]:40b570a5
A[9, 15]:3f4cccce,B[9, 15]:3e4ccccc,C[9, 15]:40bd1eb9
A[9, 16]:3dccccce,B[9, 15]:3f6147ae,C[9, 15]:40c15811
A[9, 17]:3eccccce,B[9, 15]:3f0f5c29,C[9, 15]:40cc1894
A[9, 18]:3f333334,B[9, 15]:3e75c28f,C[9, 15]:40d428f6
A[9, 19]:0,B[9, 15]:3f6b851e,C[9, 15]:40d428f6
A[9, 20]:3e99999a,B[9, 15]:3f199999,C[9, 15]:40dccccd
A[9, 21]:3f19999a,B[9, 15]:3e8f5c29,C[9, 15]:40e4dd2f
A[9, 22]:3f666667,B[9, 15]:3f75c28f,C[9, 15]:41072b02
A[9, 23]:3e4cccce,B[9, 15]:3f23d70a,C[9, 15]:410a3d71
A[9, 24]:3f000000,B[9, 15]:3ea3d70a,C[9, 15]:410e147b
A[9, 25]:3f4cccce,B[9, 15]:0,C[9, 15]:410e147b
A[9, 26]:3dccccce,B[9, 15]:3f2e147b,C[9, 15]:410fb646
A[9, 27]:3eccccce,B[9, 15]:3eb851eb,C[9, 15]:41132b02
A[9, 28]:3f333334,B[9, 15]:3d23d70a,C[9, 15]:4113d70a
A[9, 29]:0,B[9, 15]:3f3851eb,C[9, 15]:4113d70a
A[9, 0]:3e99999a,B[9, 16]:0,C[9, 16]:3e99999a
A[9, 1]:3f19999a,B[9, 16]:3f3851eb,C[9, 16]:3f72b021
A[9, 2]:3f666667,B[9, 16]:3ee147ae,C[9, 16]:3fc56042
A[9, 3]:3e4cccce,B[9, 16]:3e23d70a,C[9, 16]:3fcb851f
A[9, 4]:3f000000,B[9, 16]:3f6147ae,C[9, 16]:40100000
A[9, 5]:3f4cccce,B[9, 16]:3f199999,C[9, 16]:403e147b
A[9, 6]:3dccccce,B[9, 16]:3ea3d70a,C[9, 16]:404126ea
A[9, 7]:3eccccce,B[9, 16]:3d23d70a,C[9, 16]:4042b021
A[9, 8]:3f333334,B[9, 16]:3f428f5c,C[9, 16]:4075c290
A[9, 9]:0,B[9, 16]:3ef5c28f,C[9, 16]:4075c290
A[9, 10]:3e99999a,B[9, 16]:3e4ccccc,C[9, 16]:407b851f
A[9, 11]:3f19999a,B[9, 16]:3f6b851e,C[9, 16]:40984189
A[9, 12]:3f666667,B[9, 16]:3f23d70a,C[9, 16]:40b3e76c
A[9, 13]:3e4cccce,B[9, 16]:3eb851eb,C[9, 16]:40b75c28
A[9, 14]:3f000000,B[9, 16]:3da3d70a,C[9, 16]:40b947ad
A[9, 15]:3f4cccce,B[9, 16]:3f4ccccc,C[9, 16]:40d7ffff
A[9, 16]:3dccccce,B[9, 16]:3f051eb8,C[9, 16]:40da7ef9
A[9, 17]:3eccccce,B[9, 16]:3e75c28f,C[9, 16]:40df1a9f
A[9, 18]:3f333334,B[9, 16]:3f75c28f,C[9, 16]:40ff5c28
A[9, 19]:0,B[9, 16]:3f2e147b,C[9, 16]:40ff5c28
A[9, 20]:3e99999a,B[9, 16]:3ecccccc,C[9, 16]:41028f5c
A[9, 21]:3f19999a,B[9, 16]:3df5c28f,C[9, 16]:410449ba
A[9, 22]:3f666667,B[9, 16]:3f570a3d,C[9, 16]:41166e97
A[9, 23]:3e4cccce,B[9, 16]:3f0f5c29,C[9, 16]:41191eb8
A[9, 24]:3f000000,B[9, 16]:3e8f5c29,C[9, 16]:411c7ae1
A[9, 25]:3f4cccce,B[9, 16]:0,C[9, 16]:411c7ae1
A[9, 26]:3dccccce,B[9, 16]:3f3851eb,C[9, 16]:411e353f
A[9, 27]:3eccccce,B[9, 16]:3ee147ae,C[9, 16]:41226e97
A[9, 28]:3f333334,B[9, 16]:3e23d70a,C[9, 16]:41251eb8
A[9, 29]:0,B[9, 16]:3f6147ae,C[9, 16]:41251eb8
A[9, 0]:3e99999a,B[9, 17]:0,C[9, 17]:3f570a3e
A[9, 1]:3f19999a,B[9, 17]:3f428f5c,C[9, 17]:3fc3126f
A[9, 2]:3f666667,B[9, 17]:3f051eb8,C[9, 17]:400e76c9
A[9, 3]:3e4cccce,B[9, 17]:3e8f5c29,C[9, 17]:4013d70b
A[9, 4]:3f000000,B[9, 17]:3d23d70a,C[9, 17]:4015c290
A[9, 5]:3f4cccce,B[9, 17]:3f4ccccc,C[9, 17]:40533334
A[9, 6]:3dccccce,B[9, 17]:3f0f5c29,C[9, 17]:40589376
A[9, 7]:3eccccce,B[9, 17]:3ea3d70a,C[9, 17]:4064dd30
A[9, 8]:3f333334,B[9, 17]:3da3d70a,C[9, 17]:406a3d72
A[9, 9]:0,B[9, 17]:3f570a3d,C[9, 17]:406a3d72
A[9, 10]:3e99999a,B[9, 17]:3f199999,C[9, 17]:407b8520
A[9, 11]:3f19999a,B[9, 17]:3eb851eb,C[9, 17]:408820c5
A[9, 12]:3f666667,B[9, 17]:3df5c28f,C[9, 17]:408d4fe0
A[9, 13]:3e4cccce,B[9, 17]:3f6147ae,C[9, 17]:4095c290
A[9, 14]:3f000000,B[9, 17]:3f23d70a,C[9, 17]:40a51eb9
A[9, 15]:3f4cccce,B[9, 17]:3ecccccc,C[9, 17]:40b47ae2
A[9, 16]:3dccccce,B[9, 17]:3e23d70a,C[9, 17]:40b53f7e
A[9, 17]:3eccccce,B[9, 17]:3f6b851e,C[9, 17]:40c6e97a
A[9, 18]:3f333334,B[9, 17]:3f2e147b,C[9, 17]:40ddc291
A[9, 19]:0,B[9, 17]:3ee147ae,C[9, 17]:40ddc291
A[9, 20]:3e99999a,B[9, 17]:3e4ccccc,C[9, 17]:40e0a3d9
A[9, 21]:3f19999a,B[9, 17]:3f75c28f,C[9, 17]:40fc49bc
A[9, 22]:3f666667,B[9, 17]:3f3851eb,C[9, 17]:410db22e
A[9, 23]:3e4cccce,B[9, 17]:3ef5c28f,C[9, 17]:41100001
A[9, 24]:3f000000,B[9, 17]:3e75c28f,C[9, 17]:4112e149
A[9, 25]:3f4cccce,B[9, 17]:0,C[9, 17]:4112e149
A[9, 26]:3dccccce,B[9, 17]:3f428f5c,C[9, 17]:4114b43b
A[9, 27]:3eccccce,B[9, 17]:3f051eb8,C[9, 17]:4119b22f
A[9, 28]:3f333334,B[9, 17]:3e8f5c29,C[9, 17]:411e6668
A[9, 29]:0,B[9, 17]:3d23d70a,C[9, 17]:411e6668
A[9, 0]:3e99999a,B[9, 18]:0,C[9, 18]:3e3851ec
A[9, 1]:3f19999a,B[9, 18]:3f4ccccc,C[9, 18]:3f666666
A[9, 2]:3f666667,B[9, 18]:3f199999,C[9, 18]:3fdae147
A[9, 3]:3e4cccce,B[9, 18]:3ecccccc,C[9, 18]:3fea3d70
A[9, 4]:3f000000,B[9, 18]:3e4ccccc,C[9, 18]:3ffd70a3
A[9, 5]:3f4cccce,B[9, 18]:0,C[9, 18]:3ffd70a3
A[9, 6]:3dccccce,B[9, 18]:3f4ccccc,C[9, 18]:40066666
A[9, 7]:3eccccce,B[9, 18]:3f199999,C[9, 18]:401d70a3
A[9, 8]:3f333334,B[9, 18]:3ecccccc,C[9, 18]:403851eb
A[9, 9]:0,B[9, 18]:3e4ccccc,C[9, 18]:403851eb
A[9, 10]:3e99999a,B[9, 18]:0,C[9, 18]:403851eb
A[9, 11]:3f19999a,B[9, 18]:3f4ccccc,C[9, 18]:40666666
A[9, 12]:3f666667,B[9, 18]:3f199999,C[9, 18]:408d1eb8
A[9, 13]:3e4cccce,B[9, 18]:3ecccccc,C[9, 18]:4090f5c2
A[9, 14]:3f000000,B[9, 18]:3e4ccccc,C[9, 18]:4095c28f
A[9, 15]:3f4cccce,B[9, 18]:0,C[9, 18]:4095c28f
A[9, 16]:3dccccce,B[9, 18]:3f4ccccc,C[9, 18]:40999999
A[9, 17]:3eccccce,B[9, 18]:3f199999,C[9, 18]:40a51eb8
A[9, 18]:3f333334,B[9, 18]:3ecccccc,C[9, 18]:40b28f5c
A[9, 19]:0,B[9, 18]:3e4ccccc,C[9, 18]:40b28f5c
A[9, 20]:3e99999a,B[9, 18]:0,C[9, 18]:40b28f5c
A[9, 21]:3f19999a,B[9, 18]:3f4ccccc,C[9, 18]:40c99999
A[9, 22]:3f666667,B[9, 18]:3f199999,C[9, 18]:40e3851e
A[9, 23]:3e4cccce,B[9, 18]:3ecccccc,C[9, 18]:40e75c28
A[9, 24]:3f000000,B[9, 18]:3e4ccccc,C[9, 18]:40ec28f5
A[9, 25]:3f4cccce,B[9, 18]:0,C[9, 18]:40ec28f5
A[9, 26]:3dccccce,B[9, 18]:3f4ccccc,C[9, 18]:40efffff
A[9, 27]:3eccccce,B[9, 18]:3f199999,C[9, 18]:40fb851e
A[9, 28]:3f333334,B[9, 18]:3ecccccc,C[9, 18]:41047ae1
A[9, 29]:0,B[9, 18]:3e4ccccc,C[9, 18]:41047ae1
A[9, 0]:3e99999a,B[9, 19]:0,C[9, 19]:3f3851ec
A[9, 1]:3f19999a,B[9, 19]:3f570a3d,C[9, 19]:3fbced92
A[9, 2]:3f666667,B[9, 19]:3f2e147b,C[9, 19]:4019374c
A[9, 3]:3e4cccce,B[9, 19]:3f051eb8,C[9, 19]:40233333
A[9, 4]:3f000000,B[9, 19]:3eb851eb,C[9, 19]:40347ae1
A[9, 5]:3f4cccce,B[9, 19]:3e4ccccc,C[9, 19]:4043d70a
A[9, 6]:3dccccce,B[9, 19]:3d23d70a,C[9, 19]:40443958
A[9, 7]:3eccccce,B[9, 19]:3f6147ae,C[9, 19]:40660418
A[9, 8]:3f333334,B[9, 19]:3f3851eb,C[9, 19]:408b3333
A[9, 9]:0,B[9, 19]:3f0f5c29,C[9, 19]:408b3333
A[9, 10]:3e99999a,B[9, 19]:3ecccccc,C[9, 19]:4090f5c2
A[9, 11]:3f19999a,B[9, 19]:3e75c28f,C[9, 19]:4097df3b
A[9, 12]:3f666667,B[9, 19]:3da3d70a,C[9, 19]:409b53f7
A[9, 13]:3e4cccce,B[9, 19]:3f6b851e,C[9, 19]:40a428f5
A[9, 14]:3f000000,B[9, 19]:3f428f5c,C[9, 19]:40b66666
A[9, 15]:3f4cccce,B[9, 19]:3f199999,C[9, 19]:40cd70a3
A[9, 16]:3dccccce,B[9, 19]:3ee147ae,C[9, 19]:40cf8d4f
A[9, 17]:3eccccce,B[9, 19]:3e8f5c29,C[9, 19]:40d4ed91
A[9, 18]:3f333334,B[9, 19]:3df5c28f,C[9, 19]:40d8f5c2
A[9, 19]:0,B[9, 19]:3f75c28f,C[9, 19]:40d8f5c2
A[9, 20]:3e99999a,B[9, 19]:3f4ccccc,C[9, 19]:40e47ae1
A[9, 21]:3f19999a,B[9, 19]:3f23d70a,C[9, 19]:40f6e979
A[9, 22]:3f666667,B[9, 19]:3ef5c28f,C[9, 19]:4105d2f2
A[9, 23]:3e4cccce,B[9, 19]:3ea3d70a,C[9, 19]:41075c29
A[9, 24]:3f000000,B[9, 19]:3e23d70a,C[9, 19]:410947ae
A[9, 25]:3f4cccce,B[9, 19]:0,C[9, 19]:410947ae
A[9, 26]:3dccccce,B[9, 19]:3f570a3d,C[9, 19]:410b4bc7
A[9, 27]:3eccccce,B[9, 19]:3f2e147b,C[9, 19]:4111d2f2
A[9, 28]:3f333334,B[9, 19]:3f051eb8,C[9, 19]:411a8f5c
A[9, 29]:0,B[9, 19]:3eb851eb,C[9, 19]:411a8f5c
A[9, 0]:3e99999a,B[9, 20]:0,C[9, 20]:3d75c290
A[9, 1]:3f19999a,B[9, 20]:3f6147ae,C[9, 20]:3f5a1cad
A[9, 2]:3f666667,B[9, 20]:3f428f5c,C[9, 20]:3ff0624e
A[9, 3]:3e4cccce,B[9, 20]:3f23d70a,C[9, 20]:40047ae1
A[9, 4]:3f000000,B[9, 20]:3f051eb8,C[9, 20]:401d70a4
A[9, 5]:3f4cccce,B[9, 20]:3ecccccc,C[9, 20]:403c28f6
A[9, 6]:3dccccce,B[9, 20]:3e8f5c29,C[9, 20]:403ed917
A[9, 7]:3eccccce,B[9, 20]:3e23d70a,C[9, 20]:4044fdf4
A[9, 8]:3f333334,B[9, 20]:3d23d70a,C[9, 20]:4047ae15
A[9, 9]:0,B[9, 20]:3f6b851e,C[9, 20]:4047ae15
A[9, 10]:3e99999a,B[9, 20]:3f4ccccc,C[9, 20]:405eb852
A[9, 11]:3f19999a,B[9, 20]:3f2e147b,C[9, 20]:4082f1aa
A[9, 12]:3f666667,B[9, 20]:3f0f5c29,C[9, 20]:409b22d1
A[9, 13]:3e4cccce,B[9, 20]:3ee147ae,C[9, 20]:409f5c29
A[9, 14]:3f000000,B[9, 20]:3ea3d70a,C[9, 20]:40a70a3d
A[9, 15]:3f4cccce,B[9, 20]:3e4ccccc,C[9, 20]:40aeb851
A[9, 16]:3dccccce,B[9, 20]:3da3d70a,C[9, 20]:40af1a9f
A[9, 17]:3eccccce,B[9, 20]:3f75c28f,C[9, 20]:40c18937
A[9, 18]:3f333334,B[9, 20]:3f570a3d,C[9, 20]:40ddc28f
A[9, 19]:0,B[9, 20]:3f3851eb,C[9, 20]:40ddc28f
A[9, 20]:3e99999a,B[9, 20]:3f199999,C[9, 20]:40e66666
A[9, 21]:3f19999a,B[9, 20]:3ef5c28f,C[9, 20]:40f43958
A[9, 22]:3f666667,B[9, 20]:3eb851eb,C[9, 20]:4101e354
A[9, 23]:3e4cccce,B[9, 20]:3e75c28f,C[9, 20]:41030a3d
A[9, 24]:3f000000,B[9, 20]:3df5c28f,C[9, 20]:41047ae1
A[9, 25]:3f4cccce,B[9, 20]:0,C[9, 20]:41047ae1
A[9, 26]:3dccccce,B[9, 20]:3f6147ae,C[9, 20]:4106978d
A[9, 27]:3eccccce,B[9, 20]:3f428f5c,C[9, 20]:410de354
A[9, 28]:3f333334,B[9, 20]:3f23d70a,C[9, 20]:4118a3d7
A[9, 29]:0,B[9, 20]:3f051eb8,C[9, 20]:4118a3d7
A[9, 0]:3e99999a,B[9, 21]:0,C[9, 21]:3f19999a
A[9, 1]:3f19999a,B[9, 21]:3f6b851e,C[9, 21]:3fb6c8b4
A[9, 2]:3f666667,B[9, 21]:3f570a3d,C[9, 21]:4023f7ce
A[9, 3]:3e4cccce,B[9, 21]:3f428f5c,C[9, 21]:40328f5b
A[9, 4]:3f000000,B[9, 21]:3f2e147b,C[9, 21]:40533332
A[9, 5]:3f4cccce,B[9, 21]:3f199999,C[9, 21]:4080a3d6
A[9, 6]:3dccccce,B[9, 21]:3f051eb8,C[9, 21]:408322d0
A[9, 7]:3eccccce,B[9, 21]:3ee147ae,C[9, 21]:408b9580
A[9, 8]:3f333334,B[9, 21]:3eb851eb,C[9, 21]:4097ae14
A[9, 9]:0,B[9, 21]:3e8f5c29,C[9, 21]:4097ae14
A[9, 10]:3e99999a,B[9, 21]:3e4ccccc,C[9, 21]:409a8f5c
A[9, 11]:3f19999a,B[9, 21]:3df5c28f,C[9, 21]:409e0418
A[9, 12]:3f666667,B[9, 21]:3d23d70a,C[9, 21]:409fbe76
A[9, 13]:3e4cccce,B[9, 21]:3f75c28f,C[9, 21]:40a8f5c2
A[9, 14]:3f000000,B[9, 21]:3f6147ae,C[9, 21]:40be147a
A[9, 15]:3f4cccce,B[9, 21]:3f4ccccc,C[9, 21]:40dccccc
A[9, 16]:3dccccce,B[9, 21]:3f3851eb,C[9, 21]:40e04188
A[9, 17]:3eccccce,B[9, 21]:3f23d70a,C[9, 21]:40ec8b42
A[9, 18]:3f333334,B[9, 21]:3f0f5c29,C[9, 21]:40ff5c28
A[9, 19]:0,B[9, 21]:3ef5c28f,C[9, 21]:40ff5c28
A[9, 20]:3e99999a,B[9, 21]:3ecccccc,C[9, 21]:41028f5c
A[9, 21]:3f19999a,B[9, 21]:3ea3d70a,C[9, 21]:41072b02
A[9, 22]:3f666667,B[9, 21]:3e75c28f,C[9, 21]:410c5a1d
A[9, 23]:3e4cccce,B[9, 21]:3e23d70a,C[9, 21]:410d1eb9
A[9, 24]:3f000000,B[9, 21]:3da3d70a,C[9, 21]:410e147c
A[9, 25]:3f4cccce,B[9, 21]:0,C[9, 21]:410e147c
A[9, 26]:3dccccce,B[9, 21]:3f6b851e,C[9, 21]:411049bb
A[9, 27]:3eccccce,B[9, 21]:3f570a3d,C[9, 21]:41185a1d
A[9, 28]:3f333334,B[9, 21]:3f428f5c,C[9, 21]:41251eb9
A[9, 29]:0,B[9, 21]:3f2e147b,C[9, 21]:41251eb9
A[9, 0]:3e99999a,B[9, 22]:0,C[9, 22]:3f91eb85
A[9, 1]:3f19999a,B[9, 22]:3f75c28f,C[9, 22]:40004189
A[9, 2]:3f666667,B[9, 22]:3f6b851e,C[9, 22]:404fbe76
A[9, 3]:3e4cccce,B[9, 22]:3f6147ae,C[9, 22]:4060a3d6
A[9, 4]:3f000000,B[9, 22]:3f570a3d,C[9, 22]:40847ae1
A[9, 5]:3f4cccce,B[9, 22]:3f4ccccc,C[9, 22]:40a33333
A[9, 6]:3dccccce,B[9, 22]:3f428f5c,C[9, 22]:40a6d916
A[9, 7]:3eccccce,B[9, 22]:3f3851eb,C[9, 22]:40b4ac08
A[9, 8]:3f333334,B[9, 22]:3f2e147b,C[9, 22]:40cb851f
A[9, 9]:0,B[9, 22]:3f23d70a,C[9, 22]:40cb851f
A[9, 10]:3e99999a,B[9, 22]:3f199999,C[9, 22]:40d428f6
A[9, 11]:3f19999a,B[9, 22]:3f0f5c29,C[9, 22]:40e449bb
A[9, 12]:3f666667,B[9, 22]:3f051eb8,C[9, 22]:40fac084
A[9, 13]:3e4cccce,B[9, 22]:3ef5c28f,C[9, 22]:40ff5c2a
A[9, 14]:3f000000,B[9, 22]:3ee147ae,C[9, 22]:4104f5c3
A[9, 15]:3f4cccce,B[9, 22]:3ecccccc,C[9, 22]:410ca3d7
A[9, 16]:3dccccce,B[9, 22]:3eb851eb,C[9, 22]:410d8106
A[9, 17]:3eccccce,B[9, 22]:3ea3d70a,C[9, 22]:41109375
A[9, 18]:3f333334,B[9, 22]:3e8f5c29,C[9, 22]:411547ae
A[9, 19]:0,B[9, 22]:3e75c28f,C[9, 22]:411547ae
A[9, 20]:3e99999a,B[9, 22]:3e4ccccc,C[9, 22]:4116b852
A[9, 21]:3f19999a,B[9, 22]:3e23d70a,C[9, 22]:41190625
A[9, 22]:3f666667,B[9, 22]:3df5c28f,C[9, 22]:411b9db2
A[9, 23]:3e4cccce,B[9, 22]:3da3d70a,C[9, 22]:411c0000
A[9, 24]:3f000000,B[9, 22]:3d23d70a,C[9, 22]:411c7ae1
A[9, 25]:3f4cccce,B[9, 22]:0,C[9, 22]:411c7ae1
A[9, 26]:3dccccce,B[9, 22]:3f75c28f,C[9, 22]:411ec8b4
A[9, 27]:3eccccce,B[9, 22]:3f6b851e,C[9, 22]:41279db2
A[9, 28]:3f333334,B[9, 22]:3f6147ae,C[9, 22]:41366666
A[9, 29]:0,B[9, 22]:3f570a3d,C[9, 22]:41366666
A[9, 0]:3e99999a,B[9, 23]:0,C[9, 23]:3ef5c290
A[9, 1]:3f19999a,B[9, 23]:0,C[9, 23]:3ef5c290
A[9, 2]:3f666667,B[9, 23]:0,C[9, 23]:3ef5c290
A[9, 3]:3e4cccce,B[9, 23]:0,C[9, 23]:3ef5c290
A[9, 4]:3f000000,B[9, 23]:0,C[9, 23]:3ef5c290
A[9, 5]:3f4cccce,B[9, 23]:0,C[9, 23]:3ef5c290
A[9, 6]:3dccccce,B[9, 23]:0,C[9, 23]:3ef5c290
A[9, 7]:3eccccce,B[9, 23]:0,C[9, 23]:3ef5c290
A[9, 8]:3f333334,B[9, 23]:0,C[9, 23]:3ef5c290
A[9, 9]:0,B[9, 23]:0,C[9, 23]:3ef5c290
A[9, 10]:3e99999a,B[9, 23]:0,C[9, 23]:3ef5c290
A[9, 11]:3f19999a,B[9, 23]:0,C[9, 23]:3ef5c290
A[9, 12]:3f666667,B[9, 23]:0,C[9, 23]:3ef5c290
A[9, 13]:3e4cccce,B[9, 23]:0,C[9, 23]:3ef5c290
A[9, 14]:3f000000,B[9, 23]:0,C[9, 23]:3ef5c290
A[9, 15]:3f4cccce,B[9, 23]:0,C[9, 23]:3ef5c290
A[9, 16]:3dccccce,B[9, 23]:0,C[9, 23]:3ef5c290
A[9, 17]:3eccccce,B[9, 23]:0,C[9, 23]:3ef5c290
A[9, 18]:3f333334,B[9, 23]:0,C[9, 23]:3ef5c290
A[9, 19]:0,B[9, 23]:0,C[9, 23]:3ef5c290
A[9, 20]:3e99999a,B[9, 23]:0,C[9, 23]:3ef5c290
A[9, 21]:3f19999a,B[9, 23]:0,C[9, 23]:3ef5c290
A[9, 22]:3f666667,B[9, 23]:0,C[9, 23]:3ef5c290
A[9, 23]:3e4cccce,B[9, 23]:0,C[9, 23]:3ef5c290
A[9, 24]:3f000000,B[9, 23]:0,C[9, 23]:3ef5c290
A[9, 25]:3f4cccce,B[9, 23]:0,C[9, 23]:3ef5c290
A[9, 26]:3dccccce,B[9, 23]:0,C[9, 23]:3ef5c290
A[9, 27]:3eccccce,B[9, 23]:0,C[9, 23]:3ef5c290
A[9, 28]:3f333334,B[9, 23]:0,C[9, 23]:3ef5c290
A[9, 29]:0,B[9, 23]:0,C[9, 23]:3ef5c290
A[9, 0]:3e99999a,B[9, 24]:0,C[9, 24]:3f828f5d
A[9, 1]:3f19999a,B[9, 24]:3d23d70a,C[9, 24]:3f872b03
A[9, 2]:3f666667,B[9, 24]:3da3d70a,C[9, 24]:3f94fdf5
A[9, 3]:3e4cccce,B[9, 24]:3df5c28f,C[9, 24]:3f99999b
A[9, 4]:3f000000,B[9, 24]:3e23d70a,C[9, 24]:3fa8f5c4
A[9, 5]:3f4cccce,B[9, 24]:3e4ccccc,C[9, 24]:3fc7ae16
A[9, 6]:3dccccce,B[9, 24]:3e75c28f,C[9, 24]:3fcc49bc
A[9, 7]:3eccccce,B[9, 24]:3e8f5c29,C[9, 24]:3fe1cac2
A[9, 8]:3f333334,B[9, 24]:3ea3d70a,C[9, 24]:40066667
A[9, 9]:0,B[9, 24]:3eb851eb,C[9, 24]:40066667
A[9, 10]:3e99999a,B[9, 24]:3ecccccc,C[9, 24]:4011eb86
A[9, 11]:3f19999a,B[9, 24]:3ee147ae,C[9, 24]:402b4396
A[9, 12]:3f666667,B[9, 24]:3ef5c28f,C[9, 24]:4054bc6b
A[9, 13]:3e4cccce,B[9, 24]:3f051eb8,C[9, 24]:405eb852
A[9, 14]:3f000000,B[9, 24]:3f0f5c29,C[9, 24]:4079999a
A[9, 15]:3f4cccce,B[9, 24]:3f199999,C[9, 24]:4093d70a
A[9, 16]:3dccccce,B[9, 24]:3f23d70a,C[9, 24]:4096e979
A[9, 17]:3eccccce,B[9, 24]:3f2e147b,C[9, 24]:40a3f7cf
A[9, 18]:3f333334,B[9, 24]:3f3851eb,C[9, 24]:40bc28f6
A[9, 19]:0,B[9, 24]:3f428f5c,C[9, 24]:40bc28f6
A[9, 20]:3e99999a,B[9, 24]:3f4ccccc,C[9, 24]:40c7ae15
A[9, 21]:3f19999a,B[9, 24]:3f570a3d,C[9, 24]:40dfdf3c
A[9, 22]:3f666667,B[9, 24]:3f6147ae,C[9, 24]:4102f1aa
A[9, 23]:3e4cccce,B[9, 24]:3f6b851e,C[9, 24]:41075c29
A[9, 24]:3f000000,B[9, 24]:3f75c28f,C[9, 24]:4112e148
A[9, 25]:3f4cccce,B[9, 24]:0,C[9, 24]:4112e148
A[9, 26]:3dccccce,B[9, 24]:3d23d70a,C[9, 24]:4112f9db
A[9, 27]:3eccccce,B[9, 24]:3da3d70a,C[9, 24]:4113be77
A[9, 28]:3f333334,B[9, 24]:3df5c28f,C[9, 24]:4115c290
A[9, 29]:0,B[9, 24]:3e23d70a,C[9, 24]:4115c290

done computing: 9, print C
C[9, 0]:410f0a3d,C[9, 1]:411b851e,C[9, 2]:412ccccf,C[9, 3]:40f5c28f,C[9, 4]:4128f5c2,C[9, 5]:410f0a3d,C[9, 6]:41338520,C[9, 7]:4120cccc,C[9, 8]:410e147b,C[9, 9]:411cf5c4,C[9, 10]:412e3d71,C[9, 11]:4105eb85,C[9, 12]:41173333,C[9, 13]:41047ae1,C[9, 14]:41135c28,C[9, 15]:4113d70a,C[9, 16]:41251eb8,C[9, 17]:411e6668,C[9, 18]:41047ae1,C[9, 19]:411a8f5c,C[9, 20]:4118a3d7,C[9, 21]:41251eb9,C[9, 22]:41366666,C[9, 23]:3ef5c290,C[9, 24]:4115c290,

//========================

Init I: 10
C[10, 0]:3d4ccccd->3d75c290,C[10, 1]:3f0ccccd->3f28f5c3,C[10, 2]:3d4ccccd->3d75c290,C[10, 3]:3f0ccccd->3f28f5c3,C[10, 4]:3d4ccccd->3d75c290,C[10, 5]:3f0ccccd->3f28f5c3,C[10, 6]:3d4ccccd->3d75c290,C[10, 7]:3f0ccccd->3f28f5c3,C[10, 8]:3d4ccccd->3d75c290,C[10, 9]:3f0ccccd->3f28f5c3,C[10, 10]:3d4ccccd->3d75c290,C[10, 11]:3f0ccccd->3f28f5c3,C[10, 12]:3d4ccccd->3d75c290,C[10, 13]:3f0ccccd->3f28f5c3,C[10, 14]:3d4ccccd->3d75c290,C[10, 15]:3f0ccccd->3f28f5c3,C[10, 16]:3d4ccccd->3d75c290,C[10, 17]:3f0ccccd->3f28f5c3,C[10, 18]:3d4ccccd->3d75c290,C[10, 19]:3f0ccccd->3f28f5c3,C[10, 20]:3d4ccccd->3d75c290,C[10, 21]:3f0ccccd->3f28f5c3,C[10, 22]:3d4ccccd->3d75c290,C[10, 23]:3f0ccccd->3f28f5c3,C[10, 24]:3d4ccccd->3d75c290,
Start computing: 10
A[10, 0]:3eaaaaab,B[10, 0]:0,C[10, 0]:3d75c290
A[10, 1]:3f2aaaab,B[10, 0]:3da3d70a,C[10, 0]:3e0f5c29
A[10, 2]:0,B[10, 0]:3e23d70a,C[10, 0]:3e0f5c29
A[10, 3]:3eaaaaab,B[10, 0]:3e75c28f,C[10, 0]:3e851eb8
A[10, 4]:3f2aaaab,B[10, 0]:3ea3d70a,C[10, 0]:3f147ae1
A[10, 5]:0,B[10, 0]:3ecccccc,C[10, 0]:3f147ae1
A[10, 6]:3eaaaaab,B[10, 0]:3ef5c28f,C[10, 0]:3f51eb85
A[10, 7]:3f2aaaab,B[10, 0]:3f0f5c29,C[10, 0]:3fb0a3d7
A[10, 8]:0,B[10, 0]:3f23d70a,C[10, 0]:3fb0a3d7
A[10, 9]:3eaaaaab,B[10, 0]:3f3851eb,C[10, 0]:3fdeb852
A[10, 10]:3f2aaaab,B[10, 0]:3f4ccccc,C[10, 0]:40228f5c
A[10, 11]:0,B[10, 0]:3f6147ae,C[10, 0]:40228f5c
A[10, 12]:3eaaaaab,B[10, 0]:3f75c28f,C[10, 0]:404147ae
A[10, 13]:3f2aaaab,B[10, 0]:3d23d70a,C[10, 0]:4043d70a
A[10, 14]:0,B[10, 0]:3df5c28f,C[10, 0]:4043d70a
A[10, 15]:3eaaaaab,B[10, 0]:3e4ccccc,C[10, 0]:404a3d70
A[10, 16]:3f2aaaab,B[10, 0]:3e8f5c29,C[10, 0]:405c28f5
A[10, 17]:0,B[10, 0]:3eb851eb,C[10, 0]:405c28f5
A[10, 18]:3eaaaaab,B[10, 0]:3ee147ae,C[10, 0]:406a3d70
A[10, 19]:3f2aaaab,B[10, 0]:3f051eb8,C[10, 0]:4085c28f
A[10, 20]:0,B[10, 0]:3f199999,C[10, 0]:4085c28f
A[10, 21]:3eaaaaab,B[10, 0]:3f2e147b,C[10, 0]:4090a3d7
A[10, 22]:3f2aaaab,B[10, 0]:3f428f5c,C[10, 0]:40a8f5c2
A[10, 23]:0,B[10, 0]:3f570a3d,C[10, 0]:40a8f5c2
A[10, 24]:3eaaaaab,B[10, 0]:3f6b851e,C[10, 0]:40b7ae14
A[10, 25]:3f2aaaab,B[10, 0]:0,C[10, 0]:40b7ae14
A[10, 26]:0,B[10, 0]:3da3d70a,C[10, 0]:40b7ae14
A[10, 27]:3eaaaaab,B[10, 0]:3e23d70a,C[10, 0]:40ba3d70
A[10, 28]:3f2aaaab,B[10, 0]:3e75c28f,C[10, 0]:40c1eb84
A[10, 29]:0,B[10, 0]:3ea3d70a,C[10, 0]:40c1eb84
A[10, 0]:3eaaaaab,B[10, 1]:0,C[10, 1]:3f28f5c3
A[10, 1]:3f2aaaab,B[10, 1]:3df5c28f,C[10, 1]:3f47ae15
A[10, 2]:0,B[10, 1]:3e75c28f,C[10, 1]:3f47ae15
A[10, 3]:3eaaaaab,B[10, 1]:3eb851eb,C[10, 1]:3f75c290
A[10, 4]:3f2aaaab,B[10, 1]:3ef5c28f,C[10, 1]:3fb851ec
A[10, 5]:0,B[10, 1]:3f199999,C[10, 1]:3fb851ec
A[10, 6]:3eaaaaab,B[10, 1]:3f3851eb,C[10, 1]:3fe66667
A[10, 7]:3f2aaaab,B[10, 1]:3f570a3d,C[10, 1]:4028f5c3
A[10, 8]:0,B[10, 1]:3f75c28f,C[10, 1]:4028f5c3
A[10, 9]:3eaaaaab,B[10, 1]:3da3d70a,C[10, 1]:402b851f
A[10, 10]:3f2aaaab,B[10, 1]:3e4ccccc,C[10, 1]:403851ec
A[10, 11]:0,B[10, 1]:3ea3d70a,C[10, 1]:403851ec
A[10, 12]:3eaaaaab,B[10, 1]:3ee147ae,C[10, 1]:40466667
A[10, 13]:3f2aaaab,B[10, 1]:3f0f5c29,C[10, 1]:406a3d71
A[10, 14]:0,B[10, 1]:3f2e147b,C[10, 1]:406a3d71
A[10, 15]:3eaaaaab,B[10, 1]:3f4ccccc,C[10, 1]:4081eb85
A[10, 16]:3f2aaaab,B[10, 1]:3f6b851e,C[10, 1]:409f5c29
A[10, 17]:0,B[10, 1]:3d23d70a,C[10, 1]:409f5c29
A[10, 18]:3eaaaaab,B[10, 1]:3e23d70a,C[10, 1]:40a1eb85
A[10, 19]:3f2aaaab,B[10, 1]:3e8f5c29,C[10, 1]:40aae148
A[10, 20]:0,B[10, 1]:3ecccccc,C[10, 1]:40aae148
A[10, 21]:3eaaaaab,B[10, 1]:3f051eb8,C[10, 1]:40b33334
A[10, 22]:3f2aaaab,B[10, 1]:3f23d70a,C[10, 1]:40c7ae15
A[10, 23]:0,B[10, 1]:3f428f5c,C[10, 1]:40c7ae15
A[10, 24]:3eaaaaab,B[10, 1]:3f6147ae,C[10, 1]:40d5c290
A[10, 25]:3f2aaaab,B[10, 1]:0,C[10, 1]:40d5c290
A[10, 26]:0,B[10, 1]:3df5c28f,C[10, 1]:40d5c290
A[10, 27]:3eaaaaab,B[10, 1]:3e75c28f,C[10, 1]:40d9999a
A[10, 28]:3f2aaaab,B[10, 1]:3eb851eb,C[10, 1]:40e51eb9
A[10, 29]:0,B[10, 1]:3ef5c28f,C[10, 1]:40e51eb9
A[10, 0]:3eaaaaab,B[10, 2]:0,C[10, 2]:3d75c290
A[10, 1]:3f2aaaab,B[10, 2]:3e23d70a,C[10, 2]:3e6147ae
A[10, 2]:0,B[10, 2]:3ea3d70a,C[10, 2]:3e6147ae
A[10, 3]:3eaaaaab,B[10, 2]:3ef5c28f,C[10, 2]:3eeb851e
A[10, 4]:3f2aaaab,B[10, 2]:3f23d70a,C[10, 2]:3f8ccccc
A[10, 5]:0,B[10, 2]:3f4ccccc,C[10, 2]:3f8ccccc
A[10, 6]:3eaaaaab,B[10, 2]:3f75c28f,C[10, 2]:3fca3d70
A[10, 7]:3f2aaaab,B[10, 2]:3df5c28f,C[10, 2]:3fd99999
A[10, 8]:0,B[10, 2]:3e8f5c29,C[10, 2]:3fd99999
A[10, 9]:3eaaaaab,B[10, 2]:3ee147ae,C[10, 2]:3ff5c28f
A[10, 10]:3f2aaaab,B[10, 2]:3f199999,C[10, 2]:402147ae
A[10, 11]:0,B[10, 2]:3f428f5c,C[10, 2]:402147ae
A[10, 12]:3eaaaaab,B[10, 2]:3f6b851e,C[10, 2]:403eb852
A[10, 13]:3f2aaaab,B[10, 2]:3da3d70a,C[10, 2]:4043d70a
A[10, 14]:0,B[10, 2]:3e75c28f,C[10, 2]:4043d70a
A[10, 15]:3eaaaaab,B[10, 2]:3ecccccc,C[10, 2]:4050a3d7
A[10, 16]:3f2aaaab,B[10, 2]:3f0f5c29,C[10, 2]:40747ae1
A[10, 17]:0,B[10, 2]:3f3851eb,C[10, 2]:40747ae1
A[10, 18]:3eaaaaab,B[10, 2]:3f6147ae,C[10, 2]:408851eb
A[10, 19]:3f2aaaab,B[10, 2]:3d23d70a,C[10, 2]:40899999
A[10, 20]:0,B[10, 2]:3e4ccccc,C[10, 2]:40899999
A[10, 21]:3eaaaaab,B[10, 2]:3eb851eb,C[10, 2]:408f5c28
A[10, 22]:3f2aaaab,B[10, 2]:3f051eb8,C[10, 2]:409fffff
A[10, 23]:0,B[10, 2]:3f2e147b,C[10, 2]:409fffff
A[10, 24]:3eaaaaab,B[10, 2]:3f570a3d,C[10, 2]:40ad70a3
A[10, 25]:3f2aaaab,B[10, 2]:0,C[10, 2]:40ad70a3
A[10, 26]:0,B[10, 2]:3e23d70a,C[10, 2]:40ad70a3
A[10, 27]:3eaaaaab,B[10, 2]:3ea3d70a,C[10, 2]:40b28f5b
A[10, 28]:3f2aaaab,B[10, 2]:3ef5c28f,C[10, 2]:40c1eb84
A[10, 29]:0,B[10, 2]:3f23d70a,C[10, 2]:40c1eb84
A[10, 0]:3eaaaaab,B[10, 3]:0,C[10, 3]:3f28f5c3
A[10, 1]:3f2aaaab,B[10, 3]:3e4ccccc,C[10, 3]:3f5c28f6
A[10, 2]:0,B[10, 3]:3ecccccc,C[10, 3]:3f5c28f6
A[10, 3]:3eaaaaab,B[10, 3]:3f199999,C[10, 3]:3f947ae1
A[10, 4]:3f2aaaab,B[10, 3]:3f4ccccc,C[10, 3]:3ffae147
A[10, 5]:0,B[10, 3]:0,C[10, 3]:3ffae147
A[10, 6]:3eaaaaab,B[10, 3]:3e4ccccc,C[10, 3]:4003d70a
A[10, 7]:3f2aaaab,B[10, 3]:3ecccccc,C[10, 3]:401d70a4
A[10, 8]:0,B[10, 3]:3f199999,C[10, 3]:401d70a4
A[10, 9]:3eaaaaab,B[10, 3]:3f4ccccc,C[10, 3]:40370a3e
A[10, 10]:3f2aaaab,B[10, 3]:0,C[10, 3]:40370a3e
A[10, 11]:0,B[10, 3]:3e4ccccc,C[10, 3]:40370a3e
A[10, 12]:3eaaaaab,B[10, 3]:3ecccccc,C[10, 3]:4043d70b
A[10, 13]:3f2aaaab,B[10, 3]:3f199999,C[10, 3]:406a3d71
A[10, 14]:0,B[10, 3]:3f4ccccc,C[10, 3]:406a3d71
A[10, 15]:3eaaaaab,B[10, 3]:0,C[10, 3]:406a3d71
A[10, 16]:3f2aaaab,B[10, 3]:3e4ccccc,C[10, 3]:40770a3e
A[10, 17]:0,B[10, 3]:3ecccccc,C[10, 3]:40770a3e
A[10, 18]:3eaaaaab,B[10, 3]:3f199999,C[10, 3]:40851eb9
A[10, 19]:3f2aaaab,B[10, 3]:3f4ccccc,C[10, 3]:409eb852
A[10, 20]:0,B[10, 3]:0,C[10, 3]:409eb852
A[10, 21]:3eaaaaab,B[10, 3]:3e4ccccc,C[10, 3]:40a1eb85
A[10, 22]:3f2aaaab,B[10, 3]:3ecccccc,C[10, 3]:40aeb852
A[10, 23]:0,B[10, 3]:3f199999,C[10, 3]:40aeb852
A[10, 24]:3eaaaaab,B[10, 3]:3f4ccccc,C[10, 3]:40bb851f
A[10, 25]:3f2aaaab,B[10, 3]:0,C[10, 3]:40bb851f
A[10, 26]:0,B[10, 3]:3e4ccccc,C[10, 3]:40bb851f
A[10, 27]:3eaaaaab,B[10, 3]:3ecccccc,C[10, 3]:40c1eb85
A[10, 28]:3f2aaaab,B[10, 3]:3f199999,C[10, 3]:40d51eb8
A[10, 29]:0,B[10, 3]:3f4ccccc,C[10, 3]:40d51eb8
A[10, 0]:3eaaaaab,B[10, 4]:0,C[10, 4]:3d75c290
A[10, 1]:3f2aaaab,B[10, 4]:3e75c28f,C[10, 4]:3e99999a
A[10, 2]:0,B[10, 4]:3ef5c28f,C[10, 4]:3e99999a
A[10, 3]:3eaaaaab,B[10, 4]:3f3851eb,C[10, 4]:3f28f5c2
A[10, 4]:3f2aaaab,B[10, 4]:3f75c28f,C[10, 4]:3fcf5c28
A[10, 5]:0,B[10, 4]:3e4ccccc,C[10, 4]:3fcf5c28
A[10, 6]:3eaaaaab,B[10, 4]:3ee147ae,C[10, 4]:3feb851e
A[10, 7]:3f2aaaab,B[10, 4]:3f2e147b,C[10, 4]:402147ae
A[10, 8]:0,B[10, 4]:3f6b851e,C[10, 4]:402147ae
A[10, 9]:3eaaaaab,B[10, 4]:3e23d70a,C[10, 4]:40266666
A[10, 10]:3f2aaaab,B[10, 4]:3ecccccc,C[10, 4]:40400000
A[10, 11]:0,B[10, 4]:3f23d70a,C[10, 4]:40400000
A[10, 12]:3eaaaaab,B[10, 4]:3f6147ae,C[10, 4]:405c28f6
A[10, 13]:3f2aaaab,B[10, 4]:3df5c28f,C[10, 4]:4063d70a
A[10, 14]:0,B[10, 4]:3eb851eb,C[10, 4]:4063d70a
A[10, 15]:3eaaaaab,B[10, 4]:3f199999,C[10, 4]:40770a3d
A[10, 16]:3f2aaaab,B[10, 4]:3f570a3d,C[10, 4]:40966666
A[10, 17]:0,B[10, 4]:3da3d70a,C[10, 4]:40966666
A[10, 18]:3eaaaaab,B[10, 4]:3ea3d70a,C[10, 4]:409b851e
A[10, 19]:3f2aaaab,B[10, 4]:3f0f5c29,C[10, 4]:40ad70a3
A[10, 20]:0,B[10, 4]:3f4ccccc,C[10, 4]:40ad70a3
A[10, 21]:3eaaaaab,B[10, 4]:3d23d70a,C[10, 4]:40ae147a
A[10, 22]:3f2aaaab,B[10, 4]:3e8f5c29,C[10, 4]:40b70a3d
A[10, 23]:0,B[10, 4]:3f051eb8,C[10, 4]:40b70a3d
A[10, 24]:3eaaaaab,B[10, 4]:3f428f5c,C[10, 4]:40c33333
A[10, 25]:3f2aaaab,B[10, 4]:0,C[10, 4]:40c33333
A[10, 26]:0,B[10, 4]:3e75c28f,C[10, 4]:40c33333
A[10, 27]:3eaaaaab,B[10, 4]:3ef5c28f,C[10, 4]:40cae147
A[10, 28]:3f2aaaab,B[10, 4]:3f3851eb,C[10, 4]:40e1eb84
A[10, 29]:0,B[10, 4]:3f75c28f,C[10, 4]:40e1eb84
A[10, 0]:3eaaaaab,B[10, 5]:0,C[10, 5]:3f28f5c3
A[10, 1]:3f2aaaab,B[10, 5]:3e8f5c29,C[10, 5]:3f70a3d8
A[10, 2]:0,B[10, 5]:3f0f5c29,C[10, 5]:3f70a3d8
A[10, 3]:3eaaaaab,B[10, 5]:3f570a3d,C[10, 5]:3fae147b
A[10, 4]:3f2aaaab,B[10, 5]:3df5c28f,C[10, 5]:3fbd70a4
A[10, 5]:0,B[10, 5]:3ecccccc,C[10, 5]:3fbd70a4
A[10, 6]:3eaaaaab,B[10, 5]:3f2e147b,C[10, 5]:3fe8f5c3
A[10, 7]:3f2aaaab,B[10, 5]:3f75c28f,C[10, 5]:4031eb85
A[10, 8]:0,B[10, 5]:3e75c28f,C[10, 5]:4031eb85
A[10, 9]:3eaaaaab,B[10, 5]:3f051eb8,C[10, 5]:40428f5c
A[10, 10]:3f2aaaab,B[10, 5]:3f4ccccc,C[10, 5]:4075c28f
A[10, 11]:0,B[10, 5]:3da3d70a,C[10, 5]:4075c28f
A[10, 12]:3eaaaaab,B[10, 5]:3eb851eb,C[10, 5]:4080a3d7
A[10, 13]:3f2aaaab,B[10, 5]:3f23d70a,C[10, 5]:40951eb8
A[10, 14]:0,B[10, 5]:3f6b851e,C[10, 5]:40951eb8
A[10, 15]:3eaaaaab,B[10, 5]:3e4ccccc,C[10, 5]:409851eb
A[10, 16]:3f2aaaab,B[10, 5]:3ef5c28f,C[10, 5]:40a7ae14
A[10, 17]:0,B[10, 5]:3f428f5c,C[10, 5]:40a7ae14
A[10, 18]:3eaaaaab,B[10, 5]:3d23d70a,C[10, 5]:40a851eb
A[10, 19]:3f2aaaab,B[10, 5]:3ea3d70a,C[10, 5]:40b28f5c
A[10, 20]:0,B[10, 5]:3f199999,C[10, 5]:40b28f5c
A[10, 21]:3eaaaaab,B[10, 5]:3f6147ae,C[10, 5]:40c0a3d7
A[10, 22]:3f2aaaab,B[10, 5]:3e23d70a,C[10, 5]:40c5c28f
A[10, 23]:0,B[10, 5]:3ee147ae,C[10, 5]:40c5c28f
A[10, 24]:3eaaaaab,B[10, 5]:3f3851eb,C[10, 5]:40d147ae
A[10, 25]:3f2aaaab,B[10, 5]:0,C[10, 5]:40d147ae
A[10, 26]:0,B[10, 5]:3e8f5c29,C[10, 5]:40d147ae
A[10, 27]:3eaaaaab,B[10, 5]:3f0f5c29,C[10, 5]:40da3d71
A[10, 28]:3f2aaaab,B[10, 5]:3f570a3d,C[10, 5]:40f51eb9
A[10, 29]:0,B[10, 5]:3df5c28f,C[10, 5]:40f51eb9
A[10, 0]:3eaaaaab,B[10, 6]:0,C[10, 6]:3d75c290
A[10, 1]:3f2aaaab,B[10, 6]:3ea3d70a,C[10, 6]:3ec28f5c
A[10, 2]:0,B[10, 6]:3f23d70a,C[10, 6]:3ec28f5c
A[10, 3]:3eaaaaab,B[10, 6]:3f75c28f,C[10, 6]:3f5c28f6
A[10, 4]:3f2aaaab,B[10, 6]:3e8f5c29,C[10, 6]:3f91eb85
A[10, 5]:0,B[10, 6]:3f199999,C[10, 6]:3f91eb85
A[10, 6]:3eaaaaab,B[10, 6]:3f6b851e,C[10, 6]:3fcccccc
A[10, 7]:3f2aaaab,B[10, 6]:3e75c28f,C[10, 6]:3feb851e
A[10, 8]:0,B[10, 6]:3f0f5c29,C[10, 6]:3feb851e
A[10, 9]:3eaaaaab,B[10, 6]:3f6147ae,C[10, 6]:4011eb85
A[10, 10]:3f2aaaab,B[10, 6]:3e4ccccc,C[10, 6]:401eb852
A[10, 11]:0,B[10, 6]:3f051eb8,C[10, 6]:401eb852
A[10, 12]:3eaaaaab,B[10, 6]:3f570a3d,C[10, 6]:4039999a
A[10, 13]:3f2aaaab,B[10, 6]:3e23d70a,C[10, 6]:4043d70b
A[10, 14]:0,B[10, 6]:3ef5c28f,C[10, 6]:4043d70b
A[10, 15]:3eaaaaab,B[10, 6]:3f4ccccc,C[10, 6]:405d70a4
A[10, 16]:3f2aaaab,B[10, 6]:3df5c28f,C[10, 6]:40651eb8
A[10, 17]:0,B[10, 6]:3ee147ae,C[10, 6]:40651eb8
A[10, 18]:3eaaaaab,B[10, 6]:3f428f5c,C[10, 6]:407d70a4
A[10, 19]:3f2aaaab,B[10, 6]:3da3d70a,C[10, 6]:408147ae
A[10, 20]:0,B[10, 6]:3ecccccc,C[10, 6]:408147ae
A[10, 21]:3eaaaaab,B[10, 6]:3f3851eb,C[10, 6]:408ccccd
A[10, 22]:3f2aaaab,B[10, 6]:3d23d70a,C[10, 6]:408e147b
A[10, 23]:0,B[10, 6]:3eb851eb,C[10, 6]:408e147b
A[10, 24]:3eaaaaab,B[10, 6]:3f2e147b,C[10, 6]:4098f5c3
A[10, 25]:3f2aaaab,B[10, 6]:0,C[10, 6]:4098f5c3
A[10, 26]:0,B[10, 6]:3ea3d70a,C[10, 6]:4098f5c3
A[10, 27]:3eaaaaab,B[10, 6]:3f23d70a,C[10, 6]:40a33334
A[10, 28]:3f2aaaab,B[10, 6]:3f75c28f,C[10, 6]:40c1eb86
A[10, 29]:0,B[10, 6]:3e8f5c29,C[10, 6]:40c1eb86
A[10, 0]:3eaaaaab,B[10, 7]:0,C[10, 7]:3f28f5c3
A[10, 1]:3f2aaaab,B[10, 7]:3eb851eb,C[10, 7]:3f828f5c
A[10, 2]:0,B[10, 7]:3f3851eb,C[10, 7]:3f828f5c
A[10, 3]:3eaaaaab,B[10, 7]:3da3d70a,C[10, 7]:3f87ae14
A[10, 4]:3f2aaaab,B[10, 7]:3ee147ae,C[10, 7]:3fc00000
A[10, 5]:0,B[10, 7]:3f4ccccc,C[10, 7]:3fc00000
A[10, 6]:3eaaaaab,B[10, 7]:3e23d70a,C[10, 7]:3fca3d71
A[10, 7]:3f2aaaab,B[10, 7]:3f051eb8,C[10, 7]:40066666
A[10, 8]:0,B[10, 7]:3f6147ae,C[10, 7]:40066666
A[10, 9]:3eaaaaab,B[10, 7]:3e75c28f,C[10, 7]:400e147a
A[10, 10]:3f2aaaab,B[10, 7]:3f199999,C[10, 7]:40347ae0
A[10, 11]:0,B[10, 7]:3f75c28f,C[10, 7]:40347ae0
A[10, 12]:3eaaaaab,B[10, 7]:3ea3d70a,C[10, 7]:403eb851
A[10, 13]:3f2aaaab,B[10, 7]:3f2e147b,C[10, 7]:406a3d70
A[10, 14]:0,B[10, 7]:3d23d70a,C[10, 7]:406a3d70
A[10, 15]:3eaaaaab,B[10, 7]:3ecccccc,C[10, 7]:40770a3d
A[10, 16]:3f2aaaab,B[10, 7]:3f428f5c,C[10, 7]:4093d70a
A[10, 17]:0,B[10, 7]:3df5c28f,C[10, 7]:4093d70a
A[10, 18]:3eaaaaab,B[10, 7]:3ef5c28f,C[10, 7]:409b851e
A[10, 19]:3f2aaaab,B[10, 7]:3f570a3d,C[10, 7]:40b66666
A[10, 20]:0,B[10, 7]:3e4ccccc,C[10, 7]:40b66666
A[10, 21]:3eaaaaab,B[10, 7]:3f0f5c29,C[10, 7]:40bf5c29
A[10, 22]:3f2aaaab,B[10, 7]:3f6b851e,C[10, 7]:40dccccd
A[10, 23]:0,B[10, 7]:3e8f5c29,C[10, 7]:40dccccd
A[10, 24]:3eaaaaab,B[10, 7]:3f23d70a,C[10, 7]:40e70a3e
A[10, 25]:3f2aaaab,B[10, 7]:0,C[10, 7]:40e70a3e
A[10, 26]:0,B[10, 7]:3eb851eb,C[10, 7]:40e70a3e
A[10, 27]:3eaaaaab,B[10, 7]:3f3851eb,C[10, 7]:40f28f5d
A[10, 28]:3f2aaaab,B[10, 7]:3da3d70a,C[10, 7]:40f51eb9
A[10, 29]:0,B[10, 7]:3ee147ae,C[10, 7]:40f51eb9
A[10, 0]:3eaaaaab,B[10, 8]:0,C[10, 8]:3d75c290
A[10, 1]:3f2aaaab,B[10, 8]:3ecccccc,C[10, 8]:3eeb851e
A[10, 2]:0,B[10, 8]:3f4ccccc,C[10, 8]:3eeb851e
A[10, 3]:3eaaaaab,B[10, 8]:3e4ccccc,C[10, 8]:3f0f5c28
A[10, 4]:3f2aaaab,B[10, 8]:3f199999,C[10, 8]:3f947ae0
A[10, 5]:0,B[10, 8]:0,C[10, 8]:3f947ae0
A[10, 6]:3eaaaaab,B[10, 8]:3ecccccc,C[10, 8]:3fae147a
A[10, 7]:3f2aaaab,B[10, 8]:3f4ccccc,C[10, 8]:400a3d70
A[10, 8]:0,B[10, 8]:3e4ccccc,C[10, 8]:400a3d70
A[10, 9]:3eaaaaab,B[10, 8]:3f199999,C[10, 8]:401d70a3
A[10, 10]:3f2aaaab,B[10, 8]:0,C[10, 8]:401d70a3
A[10, 11]:0,B[10, 8]:3ecccccc,C[10, 8]:401d70a3
A[10, 12]:3eaaaaab,B[10, 8]:3f4ccccc,C[10, 8]:40370a3c
A[10, 13]:3f2aaaab,B[10, 8]:3e4ccccc,C[10, 8]:4043d709
A[10, 14]:0,B[10, 8]:3f199999,C[10, 8]:4043d709
A[10, 15]:3eaaaaab,B[10, 8]:0,C[10, 8]:4043d709
A[10, 16]:3f2aaaab,B[10, 8]:3ecccccc,C[10, 8]:405d70a2
A[10, 17]:0,B[10, 8]:3f4ccccc,C[10, 8]:405d70a2
A[10, 18]:3eaaaaab,B[10, 8]:3e4ccccc,C[10, 8]:4063d708
A[10, 19]:3f2aaaab,B[10, 8]:3f199999,C[10, 8]:40851eb7
A[10, 20]:0,B[10, 8]:0,C[10, 8]:40851eb7
A[10, 21]:3eaaaaab,B[10, 8]:3ecccccc,C[10, 8]:408b851d
A[10, 22]:3f2aaaab,B[10, 8]:3f4ccccc,C[10, 8]:40a51eb6
A[10, 23]:0,B[10, 8]:3e4ccccc,C[10, 8]:40a51eb6
A[10, 24]:3eaaaaab,B[10, 8]:3f199999,C[10, 8]:40aeb850
A[10, 25]:3f2aaaab,B[10, 8]:0,C[10, 8]:40aeb850
A[10, 26]:0,B[10, 8]:3ecccccc,C[10, 8]:40aeb850
A[10, 27]:3eaaaaab,B[10, 8]:3f4ccccc,C[10, 8]:40bb851d
A[10, 28]:3f2aaaab,B[10, 8]:3e4ccccc,C[10, 8]:40c1eb83
A[10, 29]:0,B[10, 8]:3f199999,C[10, 8]:40c1eb83
A[10, 0]:3eaaaaab,B[10, 9]:0,C[10, 9]:3f28f5c3
A[10, 1]:3f2aaaab,B[10, 9]:3ee147ae,C[10, 9]:3f8ccccd
A[10, 2]:0,B[10, 9]:3f6147ae,C[10, 9]:3f8ccccd
A[10, 3]:3eaaaaab,B[10, 9]:3ea3d70a,C[10, 9]:3fa147ae
A[10, 4]:3f2aaaab,B[10, 9]:3f428f5c,C[10, 9]:400147ae
A[10, 5]:0,B[10, 9]:3e4ccccc,C[10, 9]:400147ae
A[10, 6]:3eaaaaab,B[10, 9]:3f23d70a,C[10, 9]:4015c28f
A[10, 7]:3f2aaaab,B[10, 9]:3da3d70a,C[10, 9]:401ae147
A[10, 8]:0,B[10, 9]:3f051eb8,C[10, 9]:401ae147
A[10, 9]:3eaaaaab,B[10, 9]:3f75c28f,C[10, 9]:40399999
A[10, 10]:3f2aaaab,B[10, 9]:3ecccccc,C[10, 9]:40533332
A[10, 11]:0,B[10, 9]:3f570a3d,C[10, 9]:40533332
A[10, 12]:3eaaaaab,B[10, 9]:3e8f5c29,C[10, 9]:405c28f5
A[10, 13]:3f2aaaab,B[10, 9]:3f3851eb,C[10, 9]:40851eb8
A[10, 14]:0,B[10, 9]:3e23d70a,C[10, 9]:40851eb8
A[10, 15]:3eaaaaab,B[10, 9]:3f199999,C[10, 9]:408eb852
A[10, 16]:3f2aaaab,B[10, 9]:3d23d70a,C[10, 9]:40900000
A[10, 17]:0,B[10, 9]:3ef5c28f,C[10, 9]:40900000
A[10, 18]:3eaaaaab,B[10, 9]:3f6b851e,C[10, 9]:409eb852
A[10, 19]:3f2aaaab,B[10, 9]:3eb851eb,C[10, 9]:40aa3d71
A[10, 20]:0,B[10, 9]:3f4ccccc,C[10, 9]:40aa3d71
A[10, 21]:3eaaaaab,B[10, 9]:3e75c28f,C[10, 9]:40ae147b
A[10, 22]:3f2aaaab,B[10, 9]:3f2e147b,C[10, 9]:40c3d70a
A[10, 23]:0,B[10, 9]:3df5c28f,C[10, 9]:40c3d70a
A[10, 24]:3eaaaaab,B[10, 9]:3f0f5c29,C[10, 9]:40cccccd
A[10, 25]:3f2aaaab,B[10, 9]:0,C[10, 9]:40cccccd
A[10, 26]:0,B[10, 9]:3ee147ae,C[10, 9]:40cccccd
A[10, 27]:3eaaaaab,B[10, 9]:3f6147ae,C[10, 9]:40dae148
A[10, 28]:3f2aaaab,B[10, 9]:3ea3d70a,C[10, 9]:40e51eb9
A[10, 29]:0,B[10, 9]:3f428f5c,C[10, 9]:40e51eb9
A[10, 0]:3eaaaaab,B[10, 10]:0,C[10, 10]:3d75c290
A[10, 1]:3f2aaaab,B[10, 10]:3ef5c28f,C[10, 10]:3f0a3d70
A[10, 2]:0,B[10, 10]:3f75c28f,C[10, 10]:3f0a3d70
A[10, 3]:3eaaaaab,B[10, 10]:3ee147ae,C[10, 10]:3f428f5c
A[10, 4]:3f2aaaab,B[10, 10]:3f6b851e,C[10, 10]:3fd70a3d
A[10, 5]:0,B[10, 10]:3ecccccc,C[10, 10]:3fd70a3d
A[10, 6]:3eaaaaab,B[10, 10]:3f6147ae,C[10, 10]:4007ae14
A[10, 7]:3f2aaaab,B[10, 10]:3eb851eb,C[10, 10]:401eb851
A[10, 8]:0,B[10, 10]:3f570a3d,C[10, 10]:401eb851
A[10, 9]:3eaaaaab,B[10, 10]:3ea3d70a,C[10, 10]:4028f5c2
A[10, 10]:3f2aaaab,B[10, 10]:3f4ccccc,C[10, 10]:405c28f5
A[10, 11]:0,B[10, 10]:3e8f5c29,C[10, 10]:405c28f5
A[10, 12]:3eaaaaab,B[10, 10]:3f428f5c,C[10, 10]:40747ae0
A[10, 13]:3f2aaaab,B[10, 10]:3e75c28f,C[10, 10]:4081eb84
A[10, 14]:0,B[10, 10]:3f3851eb,C[10, 10]:4081eb84
A[10, 15]:3eaaaaab,B[10, 10]:3e4ccccc,C[10, 10]:40851eb7
A[10, 16]:3f2aaaab,B[10, 10]:3f2e147b,C[10, 10]:409ae146
A[10, 17]:0,B[10, 10]:3e23d70a,C[10, 10]:409ae146
A[10, 18]:3eaaaaab,B[10, 10]:3f23d70a,C[10, 10]:40a51eb7
A[10, 19]:3f2aaaab,B[10, 10]:3df5c28f,C[10, 10]:40a8f5c1
A[10, 20]:0,B[10, 10]:3f199999,C[10, 10]:40a8f5c1
A[10, 21]:3eaaaaab,B[10, 10]:3da3d70a,C[10, 10]:40aa3d6f
A[10, 22]:3f2aaaab,B[10, 10]:3f0f5c29,C[10, 10]:40bc28f4
A[10, 23]:0,B[10, 10]:3d23d70a,C[10, 10]:40bc28f4
A[10, 24]:3eaaaaab,B[10, 10]:3f051eb8,C[10, 10]:40c47ae0
A[10, 25]:3f2aaaab,B[10, 10]:0,C[10, 10]:40c47ae0
A[10, 26]:0,B[10, 10]:3ef5c28f,C[10, 10]:40c47ae0
A[10, 27]:3eaaaaab,B[10, 10]:3f75c28f,C[10, 10]:40d3d709
A[10, 28]:3f2aaaab,B[10, 10]:3ee147ae,C[10, 10]:40e1eb84
A[10, 29]:0,B[10, 10]:3f6b851e,C[10, 10]:40e1eb84
A[10, 0]:3eaaaaab,B[10, 11]:0,C[10, 11]:3f28f5c3
A[10, 1]:3f2aaaab,B[10, 11]:3f051eb8,C[10, 11]:3f970a3e
A[10, 2]:0,B[10, 11]:3d23d70a,C[10, 11]:3f970a3e
A[10, 3]:3eaaaaab,B[10, 11]:3f0f5c29,C[10, 11]:3fbae148
A[10, 4]:3f2aaaab,B[10, 11]:3da3d70a,C[10, 11]:3fc51eb9
A[10, 5]:0,B[10, 11]:3f199999,C[10, 11]:3fc51eb9
A[10, 6]:3eaaaaab,B[10, 11]:3df5c28f,C[10, 11]:3fcccccd
A[10, 7]:3f2aaaab,B[10, 11]:3f23d70a,C[10, 11]:400f5c29
A[10, 8]:0,B[10, 11]:3e23d70a,C[10, 11]:400f5c29
A[10, 9]:3eaaaaab,B[10, 11]:3f2e147b,C[10, 11]:40251eb8
A[10, 10]:3f2aaaab,B[10, 11]:3e4ccccc,C[10, 11]:4031eb85
A[10, 11]:0,B[10, 11]:3f3851eb,C[10, 11]:4031eb85
A[10, 12]:3eaaaaab,B[10, 11]:3e75c28f,C[10, 11]:40399999
A[10, 13]:3f2aaaab,B[10, 11]:3f428f5c,C[10, 11]:406a3d70
A[10, 14]:0,B[10, 11]:3e8f5c29,C[10, 11]:406a3d70
A[10, 15]:3eaaaaab,B[10, 11]:3f4ccccc,C[10, 11]:4081eb85
A[10, 16]:3f2aaaab,B[10, 11]:3ea3d70a,C[10, 11]:408c28f6
A[10, 17]:0,B[10, 11]:3f570a3d,C[10, 11]:408c28f6
A[10, 18]:3eaaaaab,B[10, 11]:3eb851eb,C[10, 11]:4091eb85
A[10, 19]:3f2aaaab,B[10, 11]:3f6147ae,C[10, 11]:40ae147b
A[10, 20]:0,B[10, 11]:3ecccccc,C[10, 11]:40ae147b
A[10, 21]:3eaaaaab,B[10, 11]:3f6b851e,C[10, 11]:40bccccd
A[10, 22]:3f2aaaab,B[10, 11]:3ee147ae,C[10, 11]:40cae148
A[10, 23]:0,B[10, 11]:3f75c28f,C[10, 11]:40cae148
A[10, 24]:3eaaaaab,B[10, 11]:3ef5c28f,C[10, 11]:40d28f5c
A[10, 25]:3f2aaaab,B[10, 11]:0,C[10, 11]:40d28f5c
A[10, 26]:0,B[10, 11]:3f051eb8,C[10, 11]:40d28f5c
A[10, 27]:3eaaaaab,B[10, 11]:3d23d70a,C[10, 11]:40d33333
A[10, 28]:3f2aaaab,B[10, 11]:3f0f5c29,C[10, 11]:40e51eb8
A[10, 29]:0,B[10, 11]:3da3d70a,C[10, 11]:40e51eb8
A[10, 0]:3eaaaaab,B[10, 12]:0,C[10, 12]:3d75c290
A[10, 1]:3f2aaaab,B[10, 12]:3f0f5c29,C[10, 12]:3f1eb852
A[10, 2]:0,B[10, 12]:3df5c28f,C[10, 12]:3f1eb852
A[10, 3]:3eaaaaab,B[10, 12]:3f2e147b,C[10, 12]:3f75c290
A[10, 4]:3f2aaaab,B[10, 12]:3e75c28f,C[10, 12]:3f99999a
A[10, 5]:0,B[10, 12]:3f4ccccc,C[10, 12]:3f99999a
A[10, 6]:3eaaaaab,B[10, 12]:3eb851eb,C[10, 12]:3fb0a3d7
A[10, 7]:3f2aaaab,B[10, 12]:3f6b851e,C[10, 12]:40133333
A[10, 8]:0,B[10, 12]:3ef5c28f,C[10, 12]:40133333
A[10, 9]:3eaaaaab,B[10, 12]:3d23d70a,C[10, 12]:40147ae1
A[10, 10]:3f2aaaab,B[10, 12]:3f199999,C[10, 12]:403ae147
A[10, 11]:0,B[10, 12]:3e23d70a,C[10, 12]:403ae147
A[10, 12]:3eaaaaab,B[10, 12]:3f3851eb,C[10, 12]:4051eb84
A[10, 13]:3f2aaaab,B[10, 12]:3e8f5c29,C[10, 12]:4063d709
A[10, 14]:0,B[10, 12]:3f570a3d,C[10, 12]:4063d709
A[10, 15]:3eaaaaab,B[10, 12]:3ecccccc,C[10, 12]:4070a3d6
A[10, 16]:3f2aaaab,B[10, 12]:3f75c28f,C[10, 12]:40970a3d
A[10, 17]:0,B[10, 12]:3f051eb8,C[10, 12]:40970a3d
A[10, 18]:3eaaaaab,B[10, 12]:3da3d70a,C[10, 12]:409851eb
A[10, 19]:3f2aaaab,B[10, 12]:3f23d70a,C[10, 12]:40accccc
A[10, 20]:0,B[10, 12]:3e4ccccc,C[10, 12]:40accccc
A[10, 21]:3eaaaaab,B[10, 12]:3f428f5c,C[10, 12]:40b8f5c2
A[10, 22]:3f2aaaab,B[10, 12]:3ea3d70a,C[10, 12]:40c33333
A[10, 23]:0,B[10, 12]:3f6147ae,C[10, 12]:40c33333
A[10, 24]:3eaaaaab,B[10, 12]:3ee147ae,C[10, 12]:40ca3d70
A[10, 25]:3f2aaaab,B[10, 12]:0,C[10, 12]:40ca3d70
A[10, 26]:0,B[10, 12]:3f0f5c29,C[10, 12]:40ca3d70
A[10, 27]:3eaaaaab,B[10, 12]:3df5c28f,C[10, 12]:40cc28f5
A[10, 28]:3f2aaaab,B[10, 12]:3f2e147b,C[10, 12]:40e1eb84
A[10, 29]:0,B[10, 12]:3e75c28f,C[10, 12]:40e1eb84
A[10, 0]:3eaaaaab,B[10, 13]:0,C[10, 13]:3f28f5c3
A[10, 1]:3f2aaaab,B[10, 13]:3f199999,C[10, 13]:3fa147ae
A[10, 2]:0,B[10, 13]:3e4ccccc,C[10, 13]:3fa147ae
A[10, 3]:3eaaaaab,B[10, 13]:3f4ccccc,C[10, 13]:3fd47ae1
A[10, 4]:3f2aaaab,B[10, 13]:3ecccccc,C[10, 13]:4003d70a
A[10, 5]:0,B[10, 13]:0,C[10, 13]:4003d70a
A[10, 6]:3eaaaaab,B[10, 13]:3f199999,C[10, 13]:40170a3d
A[10, 7]:3f2aaaab,B[10, 13]:3e4ccccc,C[10, 13]:4023d70a
A[10, 8]:0,B[10, 13]:3f4ccccc,C[10, 13]:4023d70a
A[10, 9]:3eaaaaab,B[10, 13]:3ecccccc,C[10, 13]:4030a3d7
A[10, 10]:3f2aaaab,B[10, 13]:0,C[10, 13]:4030a3d7
A[10, 11]:0,B[10, 13]:3f199999,C[10, 13]:4030a3d7
A[10, 12]:3eaaaaab,B[10, 13]:3e4ccccc,C[10, 13]:40370a3d
A[10, 13]:3f2aaaab,B[10, 13]:3f4ccccc,C[10, 13]:406a3d70
A[10, 14]:0,B[10, 13]:3ecccccc,C[10, 13]:406a3d70
A[10, 15]:3eaaaaab,B[10, 13]:0,C[10, 13]:406a3d70
A[10, 16]:3f2aaaab,B[10, 13]:3f199999,C[10, 13]:408851eb
A[10, 17]:0,B[10, 13]:3e4ccccc,C[10, 13]:408851eb
A[10, 18]:3eaaaaab,B[10, 13]:3f4ccccc,C[10, 13]:40951eb8
A[10, 19]:3f2aaaab,B[10, 13]:3ecccccc,C[10, 13]:40a1eb85
A[10, 20]:0,B[10, 13]:0,C[10, 13]:40a1eb85
A[10, 21]:3eaaaaab,B[10, 13]:3f199999,C[10, 13]:40ab851f
A[10, 22]:3f2aaaab,B[10, 13]:3e4ccccc,C[10, 13]:40b1eb85
A[10, 23]:0,B[10, 13]:3f4ccccc,C[10, 13]:40b1eb85
A[10, 24]:3eaaaaab,B[10, 13]:3ecccccc,C[10, 13]:40b851eb
A[10, 25]:3f2aaaab,B[10, 13]:0,C[10, 13]:40b851eb
A[10, 26]:0,B[10, 13]:3f199999,C[10, 13]:40b851eb
A[10, 27]:3eaaaaab,B[10, 13]:3e4ccccc,C[10, 13]:40bb851e
A[10, 28]:3f2aaaab,B[10, 13]:3f4ccccc,C[10, 13]:40d51eb8
A[10, 29]:0,B[10, 13]:3ecccccc,C[10, 13]:40d51eb8
A[10, 0]:3eaaaaab,B[10, 14]:0,C[10, 14]:3d75c290
A[10, 1]:3f2aaaab,B[10, 14]:3f23d70a,C[10, 14]:3f333333
A[10, 2]:0,B[10, 14]:3e8f5c29,C[10, 14]:3f333333
A[10, 3]:3eaaaaab,B[10, 14]:3f6b851e,C[10, 14]:3f947ae1
A[10, 4]:3f2aaaab,B[10, 14]:3f0f5c29,C[10, 14]:3fdc28f6
A[10, 5]:0,B[10, 14]:3e4ccccc,C[10, 14]:3fdc28f6
A[10, 6]:3eaaaaab,B[10, 14]:3f570a3d,C[10, 14]:4008f5c3
A[10, 7]:3f2aaaab,B[10, 14]:3ef5c28f,C[10, 14]:4027ae15
A[10, 8]:0,B[10, 14]:3df5c28f,C[10, 14]:4027ae15
A[10, 9]:3eaaaaab,B[10, 14]:3f428f5c,C[10, 14]:40400000
A[10, 10]:3f2aaaab,B[10, 14]:3ecccccc,C[10, 14]:4059999a
A[10, 11]:0,B[10, 14]:3d23d70a,C[10, 14]:4059999a
A[10, 12]:3eaaaaab,B[10, 14]:3f2e147b,C[10, 14]:406f5c29
A[10, 13]:3f2aaaab,B[10, 14]:3ea3d70a,C[10, 14]:4081eb85
A[10, 14]:0,B[10, 14]:3f75c28f,C[10, 14]:4081eb85
A[10, 15]:3eaaaaab,B[10, 14]:3f199999,C[10, 14]:408b851f
A[10, 16]:3f2aaaab,B[10, 14]:3e75c28f,C[10, 14]:40933333
A[10, 17]:0,B[10, 14]:3f6147ae,C[10, 14]:40933333
A[10, 18]:3eaaaaab,B[10, 14]:3f051eb8,C[10, 14]:409b851e
A[10, 19]:3f2aaaab,B[10, 14]:3e23d70a,C[10, 14]:40a0a3d6
A[10, 20]:0,B[10, 14]:3f4ccccc,C[10, 14]:40a0a3d6
A[10, 21]:3eaaaaab,B[10, 14]:3ee147ae,C[10, 14]:40a7ae13
A[10, 22]:3f2aaaab,B[10, 14]:3da3d70a,C[10, 14]:40aa3d6f
A[10, 23]:0,B[10, 14]:3f3851eb,C[10, 14]:40aa3d6f
A[10, 24]:3eaaaaab,B[10, 14]:3eb851eb,C[10, 14]:40affffe
A[10, 25]:3f2aaaab,B[10, 14]:0,C[10, 14]:40affffe
A[10, 26]:0,B[10, 14]:3f23d70a,C[10, 14]:40affffe
A[10, 27]:3eaaaaab,B[10, 14]:3e8f5c29,C[10, 14]:40b47adf
A[10, 28]:3f2aaaab,B[10, 14]:3f6b851e,C[10, 14]:40d1eb83
A[10, 29]:0,B[10, 14]:3f0f5c29,C[10, 14]:40d1eb83
A[10, 0]:3eaaaaab,B[10, 15]:0,C[10, 15]:3f28f5c3
A[10, 1]:3f2aaaab,B[10, 15]:3f2e147b,C[10, 15]:3fab851f
A[10, 2]:0,B[10, 15]:3eb851eb,C[10, 15]:3fab851f
A[10, 3]:3eaaaaab,B[10, 15]:3d23d70a,C[10, 15]:3fae147b
A[10, 4]:3f2aaaab,B[10, 15]:3f3851eb,C[10, 15]:40051eb8
A[10, 5]:0,B[10, 15]:3ecccccc,C[10, 15]:40051eb8
A[10, 6]:3eaaaaab,B[10, 15]:3da3d70a,C[10, 15]:4007ae14
A[10, 7]:3f2aaaab,B[10, 15]:3f428f5c,C[10, 15]:403851eb
A[10, 8]:0,B[10, 15]:3ee147ae,C[10, 15]:403851eb
A[10, 9]:3eaaaaab,B[10, 15]:3df5c28f,C[10, 15]:403c28f5
A[10, 10]:3f2aaaab,B[10, 15]:3f4ccccc,C[10, 15]:406f5c28
A[10, 11]:0,B[10, 15]:3ef5c28f,C[10, 15]:406f5c28
A[10, 12]:3eaaaaab,B[10, 15]:3e23d70a,C[10, 15]:40747ae0
A[10, 13]:3f2aaaab,B[10, 15]:3f570a3d,C[10, 15]:40951eb8
A[10, 14]:0,B[10, 15]:3f051eb8,C[10, 15]:40951eb8
A[10, 15]:3eaaaaab,B[10, 15]:3e4ccccc,C[10, 15]:409851eb
A[10, 16]:3f2aaaab,B[10, 15]:3f6147ae,C[10, 15]:40b47ae1
A[10, 17]:0,B[10, 15]:3f0f5c29,C[10, 15]:40b47ae1
A[10, 18]:3eaaaaab,B[10, 15]:3e75c28f,C[10, 15]:40b851eb
A[10, 19]:3f2aaaab,B[10, 15]:3f6b851e,C[10, 15]:40d5c28f
A[10, 20]:0,B[10, 15]:3f199999,C[10, 15]:40d5c28f
A[10, 21]:3eaaaaab,B[10, 15]:3e8f5c29,C[10, 15]:40da3d70
A[10, 22]:3f2aaaab,B[10, 15]:3f75c28f,C[10, 15]:40f8f5c2
A[10, 23]:0,B[10, 15]:3f23d70a,C[10, 15]:40f8f5c2
A[10, 24]:3eaaaaab,B[10, 15]:3ea3d70a,C[10, 15]:40fe147a
A[10, 25]:3f2aaaab,B[10, 15]:0,C[10, 15]:40fe147a
A[10, 26]:0,B[10, 15]:3f2e147b,C[10, 15]:40fe147a
A[10, 27]:3eaaaaab,B[10, 15]:3eb851eb,C[10, 15]:4101eb85
A[10, 28]:3f2aaaab,B[10, 15]:3d23d70a,C[10, 15]:41028f5c
A[10, 29]:0,B[10, 15]:3f3851eb,C[10, 15]:41028f5c
A[10, 0]:3eaaaaab,B[10, 16]:0,C[10, 16]:3d75c290
A[10, 1]:3f2aaaab,B[10, 16]:3f3851eb,C[10, 16]:3f47ae14
A[10, 2]:0,B[10, 16]:3ee147ae,C[10, 16]:3f47ae14
A[10, 3]:3eaaaaab,B[10, 16]:3e23d70a,C[10, 16]:3f5c28f5
A[10, 4]:3f2aaaab,B[10, 16]:3f6147ae,C[10, 16]:3fdeb852
A[10, 5]:0,B[10, 16]:3f199999,C[10, 16]:3fdeb852
A[10, 6]:3eaaaaab,B[10, 16]:3ea3d70a,C[10, 16]:3ff33333
A[10, 7]:3f2aaaab,B[10, 16]:3d23d70a,C[10, 16]:3ff851eb
A[10, 8]:0,B[10, 16]:3f428f5c,C[10, 16]:3ff851eb
A[10, 9]:3eaaaaab,B[10, 16]:3ef5c28f,C[10, 16]:400b851e
A[10, 10]:3f2aaaab,B[10, 16]:3e4ccccc,C[10, 16]:401851eb
A[10, 11]:0,B[10, 16]:3f6b851e,C[10, 16]:401851eb
A[10, 12]:3eaaaaab,B[10, 16]:3f23d70a,C[10, 16]:402ccccc
A[10, 13]:3f2aaaab,B[10, 16]:3eb851eb,C[10, 16]:4043d709
A[10, 14]:0,B[10, 16]:3da3d70a,C[10, 16]:4043d709
A[10, 15]:3eaaaaab,B[10, 16]:3f4ccccc,C[10, 16]:405d70a2
A[10, 16]:3f2aaaab,B[10, 16]:3f051eb8,C[10, 16]:407eb850
A[10, 17]:0,B[10, 16]:3e75c28f,C[10, 16]:407eb850
A[10, 18]:3eaaaaab,B[10, 16]:3f75c28f,C[10, 16]:408eb851
A[10, 19]:3f2aaaab,B[10, 16]:3f2e147b,C[10, 16]:40a47ae0
A[10, 20]:0,B[10, 16]:3ecccccc,C[10, 16]:40a47ae0
A[10, 21]:3eaaaaab,B[10, 16]:3df5c28f,C[10, 16]:40a66665
A[10, 22]:3f2aaaab,B[10, 16]:3f570a3d,C[10, 16]:40c147ad
A[10, 23]:0,B[10, 16]:3f0f5c29,C[10, 16]:40c147ad
A[10, 24]:3eaaaaab,B[10, 16]:3e8f5c29,C[10, 16]:40c5c28e
A[10, 25]:3f2aaaab,B[10, 16]:0,C[10, 16]:40c5c28e
A[10, 26]:0,B[10, 16]:3f3851eb,C[10, 16]:40c5c28e
A[10, 27]:3eaaaaab,B[10, 16]:3ee147ae,C[10, 16]:40cccccb
A[10, 28]:3f2aaaab,B[10, 16]:3e23d70a,C[10, 16]:40d1eb83
A[10, 29]:0,B[10, 16]:3f6147ae,C[10, 16]:40d1eb83
A[10, 0]:3eaaaaab,B[10, 17]:0,C[10, 17]:3f28f5c3
A[10, 1]:3f2aaaab,B[10, 17]:3f428f5c,C[10, 17]:3fb5c290
A[10, 2]:0,B[10, 17]:3f051eb8,C[10, 17]:3fb5c290
A[10, 3]:3eaaaaab,B[10, 17]:3e8f5c29,C[10, 17]:3fc7ae15
A[10, 4]:3f2aaaab,B[10, 17]:3d23d70a,C[10, 17]:3fcccccd
A[10, 5]:0,B[10, 17]:3f4ccccc,C[10, 17]:3fcccccd
A[10, 6]:3eaaaaab,B[10, 17]:3f0f5c29,C[10, 17]:3ff0a3d7
A[10, 7]:3f2aaaab,B[10, 17]:3ea3d70a,C[10, 17]:400ccccd
A[10, 8]:0,B[10, 17]:3da3d70a,C[10, 17]:400ccccd
A[10, 9]:3eaaaaab,B[10, 17]:3f570a3d,C[10, 17]:4027ae15
A[10, 10]:3f2aaaab,B[10, 17]:3f199999,C[10, 17]:404e147b
A[10, 11]:0,B[10, 17]:3eb851eb,C[10, 17]:404e147b
A[10, 12]:3eaaaaab,B[10, 17]:3df5c28f,C[10, 17]:4051eb85
A[10, 13]:3f2aaaab,B[10, 17]:3f6147ae,C[10, 17]:40851eb8
A[10, 14]:0,B[10, 17]:3f23d70a,C[10, 17]:40851eb8
A[10, 15]:3eaaaaab,B[10, 17]:3ecccccc,C[10, 17]:408b851e
A[10, 16]:3f2aaaab,B[10, 17]:3e23d70a,C[10, 17]:4090a3d6
A[10, 17]:0,B[10, 17]:3f6b851e,C[10, 17]:4090a3d6
A[10, 18]:3eaaaaab,B[10, 17]:3f2e147b,C[10, 17]:409b851e
A[10, 19]:3f2aaaab,B[10, 17]:3ee147ae,C[10, 17]:40a99999
A[10, 20]:0,B[10, 17]:3e4ccccc,C[10, 17]:40a99999
A[10, 21]:3eaaaaab,B[10, 17]:3f75c28f,C[10, 17]:40b8f5c2
A[10, 22]:3f2aaaab,B[10, 17]:3f3851eb,C[10, 17]:40cfffff
A[10, 23]:0,B[10, 17]:3ef5c28f,C[10, 17]:40cfffff
A[10, 24]:3eaaaaab,B[10, 17]:3e75c28f,C[10, 17]:40d3d709
A[10, 25]:3f2aaaab,B[10, 17]:0,C[10, 17]:40d3d709
A[10, 26]:0,B[10, 17]:3f428f5c,C[10, 17]:40d3d709
A[10, 27]:3eaaaaab,B[10, 17]:3f051eb8,C[10, 17]:40dc28f4
A[10, 28]:3f2aaaab,B[10, 17]:3e8f5c29,C[10, 17]:40e51eb7
A[10, 29]:0,B[10, 17]:3d23d70a,C[10, 17]:40e51eb7
A[10, 0]:3eaaaaab,B[10, 18]:0,C[10, 18]:3d75c290
A[10, 1]:3f2aaaab,B[10, 18]:3f4ccccc,C[10, 18]:3f5c28f5
A[10, 2]:0,B[10, 18]:3f199999,C[10, 18]:3f5c28f5
A[10, 3]:3eaaaaab,B[10, 18]:3ecccccc,C[10, 18]:3f87ae14
A[10, 4]:3f2aaaab,B[10, 18]:3e4ccccc,C[10, 18]:3fa147ae
A[10, 5]:0,B[10, 18]:0,C[10, 18]:3fa147ae
A[10, 6]:3eaaaaab,B[10, 18]:3f4ccccc,C[10, 18]:3fd47ae1
A[10, 7]:3f2aaaab,B[10, 18]:3f199999,C[10, 18]:4010a3d7
A[10, 8]:0,B[10, 18]:3ecccccc,C[10, 18]:4010a3d7
A[10, 9]:3eaaaaab,B[10, 18]:3e4ccccc,C[10, 18]:40170a3d
A[10, 10]:3f2aaaab,B[10, 18]:0,C[10, 18]:40170a3d
A[10, 11]:0,B[10, 18]:3f4ccccc,C[10, 18]:40170a3d
A[10, 12]:3eaaaaab,B[10, 18]:3f199999,C[10, 18]:402a3d70
A[10, 13]:3f2aaaab,B[10, 18]:3ecccccc,C[10, 18]:4043d70a
A[10, 14]:0,B[10, 18]:3e4ccccc,C[10, 18]:4043d70a
A[10, 15]:3eaaaaab,B[10, 18]:0,C[10, 18]:4043d70a
A[10, 16]:3f2aaaab,B[10, 18]:3f4ccccc,C[10, 18]:40770a3d
A[10, 17]:0,B[10, 18]:3f199999,C[10, 18]:40770a3d
A[10, 18]:3eaaaaab,B[10, 18]:3ecccccc,C[10, 18]:4081eb85
A[10, 19]:3f2aaaab,B[10, 18]:3e4ccccc,C[10, 18]:408851eb
A[10, 20]:0,B[10, 18]:0,C[10, 18]:408851eb
A[10, 21]:3eaaaaab,B[10, 18]:3f4ccccc,C[10, 18]:40951eb8
A[10, 22]:3f2aaaab,B[10, 18]:3f199999,C[10, 18]:40a851eb
A[10, 23]:0,B[10, 18]:3ecccccc,C[10, 18]:40a851eb
A[10, 24]:3eaaaaab,B[10, 18]:3e4ccccc,C[10, 18]:40ab851e
A[10, 25]:3f2aaaab,B[10, 18]:0,C[10, 18]:40ab851e
A[10, 26]:0,B[10, 18]:3f4ccccc,C[10, 18]:40ab851e
A[10, 27]:3eaaaaab,B[10, 18]:3f199999,C[10, 18]:40b51eb8
A[10, 28]:3f2aaaab,B[10, 18]:3ecccccc,C[10, 18]:40c1eb85
A[10, 29]:0,B[10, 18]:3e4ccccc,C[10, 18]:40c1eb85
A[10, 0]:3eaaaaab,B[10, 19]:0,C[10, 19]:3f28f5c3
A[10, 1]:3f2aaaab,B[10, 19]:3f570a3d,C[10, 19]:3fc00000
A[10, 2]:0,B[10, 19]:3f2e147b,C[10, 19]:3fc00000
A[10, 3]:3eaaaaab,B[10, 19]:3f051eb8,C[10, 19]:3fe147ae
A[10, 4]:3f2aaaab,B[10, 19]:3eb851eb,C[10, 19]:4007ae14
A[10, 5]:0,B[10, 19]:3e4ccccc,C[10, 19]:4007ae14
A[10, 6]:3eaaaaab,B[10, 19]:3d23d70a,C[10, 19]:4008f5c2
A[10, 7]:3f2aaaab,B[10, 19]:3f6147ae,C[10, 19]:404147ae
A[10, 8]:0,B[10, 19]:3f3851eb,C[10, 19]:404147ae
A[10, 9]:3eaaaaab,B[10, 19]:3f0f5c29,C[10, 19]:40533333
A[10, 10]:3f2aaaab,B[10, 19]:3ecccccc,C[10, 19]:406ccccc
A[10, 11]:0,B[10, 19]:3e75c28f,C[10, 19]:406ccccc
A[10, 12]:3eaaaaab,B[10, 19]:3da3d70a,C[10, 19]:406f5c28
A[10, 13]:3f2aaaab,B[10, 19]:3f6b851e,C[10, 19]:40951eb8
A[10, 14]:0,B[10, 19]:3f428f5c,C[10, 19]:40951eb8
A[10, 15]:3eaaaaab,B[10, 19]:3f199999,C[10, 19]:409eb852
A[10, 16]:3f2aaaab,B[10, 19]:3ee147ae,C[10, 19]:40accccd
A[10, 17]:0,B[10, 19]:3e8f5c29,C[10, 19]:40accccd
A[10, 18]:3eaaaaab,B[10, 19]:3df5c28f,C[10, 19]:40aeb852
A[10, 19]:3f2aaaab,B[10, 19]:3f75c28f,C[10, 19]:40cd70a4
A[10, 20]:0,B[10, 19]:3f4ccccc,C[10, 19]:40cd70a4
A[10, 21]:3eaaaaab,B[10, 19]:3f23d70a,C[10, 19]:40d7ae15
A[10, 22]:3f2aaaab,B[10, 19]:3ef5c28f,C[10, 19]:40e70a3e
A[10, 23]:0,B[10, 19]:3ea3d70a,C[10, 19]:40e70a3e
A[10, 24]:3eaaaaab,B[10, 19]:3e23d70a,C[10, 19]:40e9999a
A[10, 25]:3f2aaaab,B[10, 19]:0,C[10, 19]:40e9999a
A[10, 26]:0,B[10, 19]:3f570a3d,C[10, 19]:40e9999a
A[10, 27]:3eaaaaab,B[10, 19]:3f2e147b,C[10, 19]:40f47ae2
A[10, 28]:3f2aaaab,B[10, 19]:3f051eb8,C[10, 19]:41028f5c
A[10, 29]:0,B[10, 19]:3eb851eb,C[10, 19]:41028f5c
A[10, 0]:3eaaaaab,B[10, 20]:0,C[10, 20]:3d75c290
A[10, 1]:3f2aaaab,B[10, 20]:3f6147ae,C[10, 20]:3f70a3d7
A[10, 2]:0,B[10, 20]:3f428f5c,C[10, 20]:3f70a3d7
A[10, 3]:3eaaaaab,B[10, 20]:3f23d70a,C[10, 20]:3fa147ae
A[10, 4]:3f2aaaab,B[10, 20]:3f051eb8,C[10, 20]:3fe3d70a
A[10, 5]:0,B[10, 20]:3ecccccc,C[10, 20]:3fe3d70a
A[10, 6]:3eaaaaab,B[10, 20]:3e8f5c29,C[10, 20]:3ff5c28f
A[10, 7]:3f2aaaab,B[10, 20]:3e23d70a,C[10, 20]:40051eb8
A[10, 8]:0,B[10, 20]:3d23d70a,C[10, 20]:40051eb8
A[10, 9]:3eaaaaab,B[10, 20]:3f6b851e,C[10, 20]:40228f5c
A[10, 10]:3f2aaaab,B[10, 20]:3f4ccccc,C[10, 20]:4055c28f
A[10, 11]:0,B[10, 20]:3f2e147b,C[10, 20]:4055c28f
A[10, 12]:3eaaaaab,B[10, 20]:3f0f5c29,C[10, 20]:4067ae14
A[10, 13]:3f2aaaab,B[10, 20]:3ee147ae,C[10, 20]:4081eb85
A[10, 14]:0,B[10, 20]:3ea3d70a,C[10, 20]:4081eb85
A[10, 15]:3eaaaaab,B[10, 20]:3e4ccccc,C[10, 20]:40851eb8
A[10, 16]:3f2aaaab,B[10, 20]:3da3d70a,C[10, 20]:4087ae14
A[10, 17]:0,B[10, 20]:3f75c28f,C[10, 20]:4087ae14
A[10, 18]:3eaaaaab,B[10, 20]:3f570a3d,C[10, 20]:40951eb8
A[10, 19]:3f2aaaab,B[10, 20]:3f3851eb,C[10, 20]:40ac28f5
A[10, 20]:0,B[10, 20]:3f199999,C[10, 20]:40ac28f5
A[10, 21]:3eaaaaab,B[10, 20]:3ef5c28f,C[10, 20]:40b3d709
A[10, 22]:3f2aaaab,B[10, 20]:3eb851eb,C[10, 20]:40bf5c28
A[10, 23]:0,B[10, 20]:3e75c28f,C[10, 20]:40bf5c28
A[10, 24]:3eaaaaab,B[10, 20]:3df5c28f,C[10, 20]:40c147ad
A[10, 25]:3f2aaaab,B[10, 20]:0,C[10, 20]:40c147ad
A[10, 26]:0,B[10, 20]:3f6147ae,C[10, 20]:40c147ad
A[10, 27]:3eaaaaab,B[10, 20]:3f428f5c,C[10, 20]:40cd70a3
A[10, 28]:3f2aaaab,B[10, 20]:3f23d70a,C[10, 20]:40e1eb84
A[10, 29]:0,B[10, 20]:3f051eb8,C[10, 20]:40e1eb84
A[10, 0]:3eaaaaab,B[10, 21]:0,C[10, 21]:3f28f5c3
A[10, 1]:3f2aaaab,B[10, 21]:3f6b851e,C[10, 21]:3fca3d70
A[10, 2]:0,B[10, 21]:3f570a3d,C[10, 21]:3fca3d70
A[10, 3]:3eaaaaab,B[10, 21]:3f428f5c,C[10, 21]:3ffae147
A[10, 4]:3f2aaaab,B[10, 21]:3f2e147b,C[10, 21]:4028f5c2
A[10, 5]:0,B[10, 21]:3f199999,C[10, 21]:4028f5c2
A[10, 6]:3eaaaaab,B[10, 21]:3f051eb8,C[10, 21]:40399999
A[10, 7]:3f2aaaab,B[10, 21]:3ee147ae,C[10, 21]:4055c28f
A[10, 8]:0,B[10, 21]:3eb851eb,C[10, 21]:4055c28f
A[10, 9]:3eaaaaab,B[10, 21]:3e8f5c29,C[10, 21]:405eb852
A[10, 10]:3f2aaaab,B[10, 21]:3e4ccccc,C[10, 21]:406b851f
A[10, 11]:0,B[10, 21]:3df5c28f,C[10, 21]:406b851f
A[10, 12]:3eaaaaab,B[10, 21]:3d23d70a,C[10, 21]:406ccccd
A[10, 13]:3f2aaaab,B[10, 21]:3f75c28f,C[10, 21]:40951eb8
A[10, 14]:0,B[10, 21]:3f6147ae,C[10, 21]:40951eb8
A[10, 15]:3eaaaaab,B[10, 21]:3f4ccccc,C[10, 21]:40a1eb85
A[10, 16]:3f2aaaab,B[10, 21]:3f3851eb,C[10, 21]:40b8f5c2
A[10, 17]:0,B[10, 21]:3f23d70a,C[10, 21]:40b8f5c2
A[10, 18]:3eaaaaab,B[10, 21]:3f0f5c29,C[10, 21]:40c1eb85
A[10, 19]:3f2aaaab,B[10, 21]:3ef5c28f,C[10, 21]:40d147ae
A[10, 20]:0,B[10, 21]:3ecccccc,C[10, 21]:40d147ae
A[10, 21]:3eaaaaab,B[10, 21]:3ea3d70a,C[10, 21]:40d66666
A[10, 22]:3f2aaaab,B[10, 21]:3e75c28f,C[10, 21]:40de147a
A[10, 23]:0,B[10, 21]:3e23d70a,C[10, 21]:40de147a
A[10, 24]:3eaaaaab,B[10, 21]:3da3d70a,C[10, 21]:40df5c28
A[10, 25]:3f2aaaab,B[10, 21]:0,C[10, 21]:40df5c28
A[10, 26]:0,B[10, 21]:3f6b851e,C[10, 21]:40df5c28
A[10, 27]:3eaaaaab,B[10, 21]:3f570a3d,C[10, 21]:40eccccc
A[10, 28]:3f2aaaab,B[10, 21]:3f428f5c,C[10, 21]:41028f5c
A[10, 29]:0,B[10, 21]:3f2e147b,C[10, 21]:41028f5c
A[10, 0]:3eaaaaab,B[10, 22]:0,C[10, 22]:3d75c290
A[10, 1]:3f2aaaab,B[10, 22]:3f75c28f,C[10, 22]:3f828f5c
A[10, 2]:0,B[10, 22]:3f6b851e,C[10, 22]:3f828f5c
A[10, 3]:3eaaaaab,B[10, 22]:3f6147ae,C[10, 22]:3fbae148
A[10, 4]:3f2aaaab,B[10, 22]:3f570a3d,C[10, 22]:40133333
A[10, 5]:0,B[10, 22]:3f4ccccc,C[10, 22]:40133333
A[10, 6]:3eaaaaab,B[10, 22]:3f428f5c,C[10, 22]:402b851e
A[10, 7]:3f2aaaab,B[10, 22]:3f3851eb,C[10, 22]:40599999
A[10, 8]:0,B[10, 22]:3f2e147b,C[10, 22]:40599999
A[10, 9]:3eaaaaab,B[10, 22]:3f23d70a,C[10, 22]:406e147a
A[10, 10]:3f2aaaab,B[10, 22]:3f199999,C[10, 22]:408a3d70
A[10, 11]:0,B[10, 22]:3f0f5c29,C[10, 22]:408a3d70
A[10, 12]:3eaaaaab,B[10, 22]:3f051eb8,C[10, 22]:40928f5c
A[10, 13]:3f2aaaab,B[10, 22]:3ef5c28f,C[10, 22]:40a1eb85
A[10, 14]:0,B[10, 22]:3ee147ae,C[10, 22]:40a1eb85
A[10, 15]:3eaaaaab,B[10, 22]:3ecccccc,C[10, 22]:40a851eb
A[10, 16]:3f2aaaab,B[10, 22]:3eb851eb,C[10, 22]:40b3d70a
A[10, 17]:0,B[10, 22]:3ea3d70a,C[10, 22]:40b3d70a
A[10, 18]:3eaaaaab,B[10, 22]:3e8f5c29,C[10, 22]:40b851eb
A[10, 19]:3f2aaaab,B[10, 22]:3e75c28f,C[10, 22]:40bfffff
A[10, 20]:0,B[10, 22]:3e4ccccc,C[10, 22]:40bfffff
A[10, 21]:3eaaaaab,B[10, 22]:3e23d70a,C[10, 22]:40c28f5b
A[10, 22]:3f2aaaab,B[10, 22]:3df5c28f,C[10, 22]:40c66665
A[10, 23]:0,B[10, 22]:3da3d70a,C[10, 22]:40c66665
A[10, 24]:3eaaaaab,B[10, 22]:3d23d70a,C[10, 22]:40c70a3c
A[10, 25]:3f2aaaab,B[10, 22]:0,C[10, 22]:40c70a3c
A[10, 26]:0,B[10, 22]:3f75c28f,C[10, 22]:40c70a3c
A[10, 27]:3eaaaaab,B[10, 22]:3f6b851e,C[10, 22]:40d5c28e
A[10, 28]:3f2aaaab,B[10, 22]:3f6147ae,C[10, 22]:40f1eb84
A[10, 29]:0,B[10, 22]:3f570a3d,C[10, 22]:40f1eb84
A[10, 0]:3eaaaaab,B[10, 23]:0,C[10, 23]:3f28f5c3
A[10, 1]:3f2aaaab,B[10, 23]:0,C[10, 23]:3f28f5c3
A[10, 2]:0,B[10, 23]:0,C[10, 23]:3f28f5c3
A[10, 3]:3eaaaaab,B[10, 23]:0,C[10, 23]:3f28f5c3
A[10, 4]:3f2aaaab,B[10, 23]:0,C[10, 23]:3f28f5c3
A[10, 5]:0,B[10, 23]:0,C[10, 23]:3f28f5c3
A[10, 6]:3eaaaaab,B[10, 23]:0,C[10, 23]:3f28f5c3
A[10, 7]:3f2aaaab,B[10, 23]:0,C[10, 23]:3f28f5c3
A[10, 8]:0,B[10, 23]:0,C[10, 23]:3f28f5c3
A[10, 9]:3eaaaaab,B[10, 23]:0,C[10, 23]:3f28f5c3
A[10, 10]:3f2aaaab,B[10, 23]:0,C[10, 23]:3f28f5c3
A[10, 11]:0,B[10, 23]:0,C[10, 23]:3f28f5c3
A[10, 12]:3eaaaaab,B[10, 23]:0,C[10, 23]:3f28f5c3
A[10, 13]:3f2aaaab,B[10, 23]:0,C[10, 23]:3f28f5c3
A[10, 14]:0,B[10, 23]:0,C[10, 23]:3f28f5c3
A[10, 15]:3eaaaaab,B[10, 23]:0,C[10, 23]:3f28f5c3
A[10, 16]:3f2aaaab,B[10, 23]:0,C[10, 23]:3f28f5c3
A[10, 17]:0,B[10, 23]:0,C[10, 23]:3f28f5c3
A[10, 18]:3eaaaaab,B[10, 23]:0,C[10, 23]:3f28f5c3
A[10, 19]:3f2aaaab,B[10, 23]:0,C[10, 23]:3f28f5c3
A[10, 20]:0,B[10, 23]:0,C[10, 23]:3f28f5c3
A[10, 21]:3eaaaaab,B[10, 23]:0,C[10, 23]:3f28f5c3
A[10, 22]:3f2aaaab,B[10, 23]:0,C[10, 23]:3f28f5c3
A[10, 23]:0,B[10, 23]:0,C[10, 23]:3f28f5c3
A[10, 24]:3eaaaaab,B[10, 23]:0,C[10, 23]:3f28f5c3
A[10, 25]:3f2aaaab,B[10, 23]:0,C[10, 23]:3f28f5c3
A[10, 26]:0,B[10, 23]:0,C[10, 23]:3f28f5c3
A[10, 27]:3eaaaaab,B[10, 23]:0,C[10, 23]:3f28f5c3
A[10, 28]:3f2aaaab,B[10, 23]:0,C[10, 23]:3f28f5c3
A[10, 29]:0,B[10, 23]:0,C[10, 23]:3f28f5c3
A[10, 0]:3eaaaaab,B[10, 24]:0,C[10, 24]:3d75c290
A[10, 1]:3f2aaaab,B[10, 24]:3d23d70a,C[10, 24]:3dcccccd
A[10, 2]:0,B[10, 24]:3da3d70a,C[10, 24]:3dcccccd
A[10, 3]:3eaaaaab,B[10, 24]:3df5c28f,C[10, 24]:3e23d70a
A[10, 4]:3f2aaaab,B[10, 24]:3e23d70a,C[10, 24]:3ea3d70a
A[10, 5]:0,B[10, 24]:3e4ccccc,C[10, 24]:3ea3d70a
A[10, 6]:3eaaaaab,B[10, 24]:3e75c28f,C[10, 24]:3ee147ae
A[10, 7]:3f2aaaab,B[10, 24]:3e8f5c29,C[10, 24]:3f3851ec
A[10, 8]:0,B[10, 24]:3ea3d70a,C[10, 24]:3f3851ec
A[10, 9]:3eaaaaab,B[10, 24]:3eb851eb,C[10, 24]:3f666667
A[10, 10]:3f2aaaab,B[10, 24]:3ecccccc,C[10, 24]:3fa66666
A[10, 11]:0,B[10, 24]:3ee147ae,C[10, 24]:3fa66666
A[10, 12]:3eaaaaab,B[10, 24]:3ef5c28f,C[10, 24]:3fc51eb8
A[10, 13]:3f2aaaab,B[10, 24]:3f051eb8,C[10, 24]:4003d70a
A[10, 14]:0,B[10, 24]:3f0f5c29,C[10, 24]:4003d70a
A[10, 15]:3eaaaaab,B[10, 24]:3f199999,C[10, 24]:40170a3d
A[10, 16]:3f2aaaab,B[10, 24]:3f23d70a,C[10, 24]:40400000
A[10, 17]:0,B[10, 24]:3f2e147b,C[10, 24]:40400000
A[10, 18]:3eaaaaab,B[10, 24]:3f3851eb,C[10, 24]:40570a3d
A[10, 19]:3f2aaaab,B[10, 24]:3f428f5c,C[10, 24]:4083d70a
A[10, 20]:0,B[10, 24]:3f4ccccc,C[10, 24]:4083d70a
A[10, 21]:3eaaaaab,B[10, 24]:3f570a3d,C[10, 24]:409147ae
A[10, 22]:3f2aaaab,B[10, 24]:3f6147ae,C[10, 24]:40ad70a4
A[10, 23]:0,B[10, 24]:3f6b851e,C[10, 24]:40ad70a4
A[10, 24]:3eaaaaab,B[10, 24]:3f75c28f,C[10, 24]:40bccccd
A[10, 25]:3f2aaaab,B[10, 24]:0,C[10, 24]:40bccccd
A[10, 26]:0,B[10, 24]:3d23d70a,C[10, 24]:40bccccd
A[10, 27]:3eaaaaab,B[10, 24]:3da3d70a,C[10, 24]:40be147b
A[10, 28]:3f2aaaab,B[10, 24]:3df5c28f,C[10, 24]:40c1eb85
A[10, 29]:0,B[10, 24]:3e23d70a,C[10, 24]:40c1eb85

done computing: 10, print C
C[10, 0]:40c1eb84,C[10, 1]:40e51eb9,C[10, 2]:40c1eb84,C[10, 3]:40d51eb8,C[10, 4]:40e1eb84,C[10, 5]:40f51eb9,C[10, 6]:40c1eb86,C[10, 7]:40f51eb9,C[10, 8]:40c1eb83,C[10, 9]:40e51eb9,C[10, 10]:40e1eb84,C[10, 11]:40e51eb8,C[10, 12]:40e1eb84,C[10, 13]:40d51eb8,C[10, 14]:40d1eb83,C[10, 15]:41028f5c,C[10, 16]:40d1eb83,C[10, 17]:40e51eb7,C[10, 18]:40c1eb85,C[10, 19]:41028f5c,C[10, 20]:40e1eb84,C[10, 21]:41028f5c,C[10, 22]:40f1eb84,C[10, 23]:3f28f5c3,C[10, 24]:40c1eb85,

//========================

Init I: 11
C[11, 0]:3d4ccccd->3d75c290,C[11, 1]:3f19999a->3f3851ec,C[11, 2]:3e19999a->3e3851ec,C[11, 3]:3f333333->3f570a3e,C[11, 4]:3e800000->3e99999a,C[11, 5]:3f4ccccd->3f75c290,C[11, 6]:3eb33333->3ed70a3e,C[11, 7]:3f666667->3f8a3d71,C[11, 8]:3ee66667->3f0a3d71,C[11, 9]:0->0,C[11, 10]:3f0ccccd->3f28f5c3,C[11, 11]:3dcccccd->3df5c290,C[11, 12]:3f266667->3f47ae16,C[11, 13]:3e4ccccd->3e75c290,C[11, 14]:3f400000->3f666667,C[11, 15]:3e99999a->3eb851ec,C[11, 16]:3f59999a->3f828f5d,C[11, 17]:3ecccccd->3ef5c290,C[11, 18]:3f733333->3f91eb85,C[11, 19]:3f000000->3f19999a,C[11, 20]:3d4ccccd->3d75c290,C[11, 21]:3f19999a->3f3851ec,C[11, 22]:3e19999a->3e3851ec,C[11, 23]:3f333333->3f570a3e,C[11, 24]:3e800000->3e99999a,
Start computing: 11
A[11, 0]:3ebbbbbc,B[11, 0]:0,C[11, 0]:3d75c290
A[11, 1]:3f3bbbbc,B[11, 0]:3da3d70a,C[11, 0]:3e178d50
A[11, 2]:3dccccce,B[11, 0]:3e23d70a,C[11, 0]:3e3020c5
A[11, 3]:3eeeeef0,B[11, 0]:3e75c28f,C[11, 0]:3eae147c
A[11, 4]:3f555556,B[11, 0]:3ea3d70a,C[11, 0]:3f3d70a4
A[11, 5]:3e4cccce,B[11, 0]:3ecccccc,C[11, 0]:3f5c28f6
A[11, 6]:3f111112,B[11, 0]:3ef5c28f,C[11, 0]:3fa24dd3
A[11, 7]:3f6eeef0,B[11, 0]:3f0f5c29,C[11, 0]:400353f8
A[11, 8]:3e99999a,B[11, 0]:3f23d70a,C[11, 0]:4015c290
A[11, 9]:3f2aaaab,B[11, 0]:3f3851eb,C[11, 0]:4043d70b
A[11, 10]:3d088889,B[11, 0]:3f4ccccc,C[11, 0]:40466667
A[11, 11]:3eccccce,B[11, 0]:3f6147ae,C[11, 0]:40683128
A[11, 12]:3f444445,B[11, 0]:3f75c28f,C[11, 0]:40976c8c
A[11, 13]:3e088889,B[11, 0]:3d23d70a,C[11, 0]:4097ae15
A[11, 14]:3f000000,B[11, 0]:3df5c28f,C[11, 0]:409a8f5d
A[11, 15]:3f5ddddf,B[11, 0]:3e4ccccc,C[11, 0]:40a2e148
A[11, 16]:3e6eeef0,B[11, 0]:3e8f5c29,C[11, 0]:40a60419
A[11, 17]:3f19999a,B[11, 0]:3eb851eb,C[11, 0]:40b0624e
A[11, 18]:3f777778,B[11, 0]:3ee147ae,C[11, 0]:40c4cccd
A[11, 19]:3eaaaaab,B[11, 0]:3f051eb8,C[11, 0]:40cd1eb8
A[11, 20]:3f333334,B[11, 0]:3f199999,C[11, 0]:40e147ae
A[11, 21]:3d888889,B[11, 0]:3f2e147b,C[11, 0]:40e374bc
A[11, 22]:3edddddf,B[11, 0]:3f428f5c,C[11, 0]:40f34395
A[11, 23]:3f4cccce,B[11, 0]:3f570a3d,C[11, 0]:4109c28f
A[11, 24]:3e2aaaab,B[11, 0]:3f6b851e,C[11, 0]:410d70a3
A[11, 25]:3f088889,B[11, 0]:0,C[11, 0]:410d70a3
A[11, 26]:3f666667,B[11, 0]:3da3d70a,C[11, 0]:410f2b01
A[11, 27]:3e888889,B[11, 0]:3e23d70a,C[11, 0]:41103126
A[11, 28]:3f222223,B[11, 0]:3e75c28f,C[11, 0]:4113d709
A[11, 29]:0,B[11, 0]:3ea3d70a,C[11, 0]:4113d709
A[11, 0]:3ebbbbbc,B[11, 1]:0,C[11, 1]:3f3851ec
A[11, 1]:3f3bbbbc,B[11, 1]:3df5c28f,C[11, 1]:3f5a1cac
A[11, 2]:3dccccce,B[11, 1]:3e75c28f,C[11, 1]:3f6353f8
A[11, 3]:3eeeeef0,B[11, 1]:3eb851eb,C[11, 1]:3f91eb85
A[11, 4]:3f555556,B[11, 1]:3ef5c28f,C[11, 1]:3fdeb852
A[11, 5]:3e4cccce,B[11, 1]:3f199999,C[11, 1]:3ff5c28f
A[11, 6]:3f111112,B[11, 1]:3f3851eb,C[11, 1]:40220c4a
A[11, 7]:3f6eeef0,B[11, 1]:3f570a3d,C[11, 1]:406d4fe0
A[11, 8]:3e99999a,B[11, 1]:3f75c28f,C[11, 1]:40847ae2
A[11, 9]:3f2aaaab,B[11, 1]:3da3d70a,C[11, 1]:40870a3e
A[11, 10]:3d088889,B[11, 1]:3e4ccccc,C[11, 1]:40875c2a
A[11, 11]:3eccccce,B[11, 1]:3ea3d70a,C[11, 1]:408d8107
A[11, 12]:3f444445,B[11, 1]:3ee147ae,C[11, 1]:409db22e
A[11, 13]:3e088889,B[11, 1]:3f0f5c29,C[11, 1]:40a147af
A[11, 14]:3f000000,B[11, 1]:3f2e147b,C[11, 1]:40b1999a
A[11, 15]:3f5ddddf,B[11, 1]:3f4ccccc,C[11, 1]:40d2e148
A[11, 16]:3e6eeef0,B[11, 1]:3f6b851e,C[11, 1]:40dd2f1b
A[11, 17]:3f19999a,B[11, 1]:3d23d70a,C[11, 1]:40de5604
A[11, 18]:3f777778,B[11, 1]:3e23d70a,C[11, 1]:40e5c28f
A[11, 19]:3eaaaaab,B[11, 1]:3e8f5c29,C[11, 1]:40ea3d70
A[11, 20]:3f333334,B[11, 1]:3ecccccc,C[11, 1]:40f7ae14
A[11, 21]:3d888889,B[11, 1]:3f051eb8,C[11, 1]:40f95810
A[11, 22]:3edddddf,B[11, 1]:3f23d70a,C[11, 1]:410353f8
A[11, 23]:3f4cccce,B[11, 1]:3f428f5c,C[11, 1]:4111eb85
A[11, 24]:3e2aaaab,B[11, 1]:3f6147ae,C[11, 1]:411570a4
A[11, 25]:3f088889,B[11, 1]:0,C[11, 1]:411570a4
A[11, 26]:3f666667,B[11, 1]:3df5c28f,C[11, 1]:41180831
A[11, 27]:3e888889,B[11, 1]:3e75c28f,C[11, 1]:41199168
A[11, 28]:3f222223,B[11, 1]:3eb851eb,C[11, 1]:411f0a3d
A[11, 29]:0,B[11, 1]:3ef5c28f,C[11, 1]:411f0a3d
A[11, 0]:3ebbbbbc,B[11, 2]:0,C[11, 2]:3e3851ec
A[11, 1]:3f3bbbbc,B[11, 2]:3e23d70a,C[11, 2]:3eb645a2
A[11, 2]:3dccccce,B[11, 2]:3ea3d70a,C[11, 2]:3eced917
A[11, 3]:3eeeeef0,B[11, 2]:3ef5c28f,C[11, 2]:3f3d70a4
A[11, 4]:3f555556,B[11, 2]:3f23d70a,C[11, 2]:3fc51eb8
A[11, 5]:3e4cccce,B[11, 2]:3f4ccccc,C[11, 2]:3fe3d70a
A[11, 6]:3f111112,B[11, 2]:3f75c28f,C[11, 2]:402624dd
A[11, 7]:3f6eeef0,B[11, 2]:3df5c28f,C[11, 2]:4030e560
A[11, 8]:3e99999a,B[11, 2]:3e8f5c29,C[11, 2]:4038f5c2
A[11, 9]:3f2aaaab,B[11, 2]:3ee147ae,C[11, 2]:40551eb8
A[11, 10]:3d088889,B[11, 2]:3f199999,C[11, 2]:40570a3d
A[11, 11]:3eccccce,B[11, 2]:3f428f5c,C[11, 2]:40743958
A[11, 12]:3f444445,B[11, 2]:3f6b851e,C[11, 2]:409bf7cf
A[11, 13]:3e088889,B[11, 2]:3da3d70a,C[11, 2]:409c7ae1
A[11, 14]:3f000000,B[11, 2]:3e75c28f,C[11, 2]:40a23d70
A[11, 15]:3f5ddddf,B[11, 2]:3ecccccc,C[11, 2]:40b2e147
A[11, 16]:3e6eeef0,B[11, 2]:3f0f5c29,C[11, 2]:40b926e9
A[11, 17]:3f19999a,B[11, 2]:3f3851eb,C[11, 2]:40cde354
A[11, 18]:3f777778,B[11, 2]:3f6147ae,C[11, 2]:40f6b852
A[11, 19]:3eaaaaab,B[11, 2]:3d23d70a,C[11, 2]:40f75c29
A[11, 20]:3f333334,B[11, 2]:3e4ccccc,C[11, 2]:40fe147b
A[11, 21]:3d888889,B[11, 2]:3eb851eb,C[11, 2]:40ff3b64
A[11, 22]:3edddddf,B[11, 2]:3f051eb8,C[11, 2]:41050625
A[11, 23]:3f4cccce,B[11, 2]:3f2e147b,C[11, 2]:4112147b
A[11, 24]:3e2aaaab,B[11, 2]:3f570a3d,C[11, 2]:411570a4
A[11, 25]:3f088889,B[11, 2]:0,C[11, 2]:411570a4
A[11, 26]:3f666667,B[11, 2]:3e23d70a,C[11, 2]:4118e560
A[11, 27]:3e888889,B[11, 2]:3ea3d70a,C[11, 2]:411af1aa
A[11, 28]:3f222223,B[11, 2]:3ef5c28f,C[11, 2]:41223d71
A[11, 29]:0,B[11, 2]:3f23d70a,C[11, 2]:41223d71
A[11, 0]:3ebbbbbc,B[11, 3]:0,C[11, 3]:3f570a3e
A[11, 1]:3f3bbbbc,B[11, 3]:3e4ccccc,C[11, 3]:3f87ae15
A[11, 2]:3dccccce,B[11, 3]:3ecccccc,C[11, 3]:3f8f5c29
A[11, 3]:3eeeeef0,B[11, 3]:3f199999,C[11, 3]:3fc51eb8
A[11, 4]:3f555556,B[11, 3]:3f4ccccc,C[11, 3]:40228f5c
A[11, 5]:3e4cccce,B[11, 3]:0,C[11, 3]:40228f5c
A[11, 6]:3f111112,B[11, 3]:3e4ccccc,C[11, 3]:402d70a4
A[11, 7]:3f6eeef0,B[11, 3]:3ecccccc,C[11, 3]:405147ae
A[11, 8]:3e99999a,B[11, 3]:3f199999,C[11, 3]:40628f5c
A[11, 9]:3f2aaaab,B[11, 3]:3f4ccccc,C[11, 3]:408ae148
A[11, 10]:3d088889,B[11, 3]:0,C[11, 3]:408ae148
A[11, 11]:3eccccce,B[11, 3]:3e4ccccc,C[11, 3]:408eb852
A[11, 12]:3f444445,B[11, 3]:3ecccccc,C[11, 3]:409d70a4
A[11, 13]:3e088889,B[11, 3]:3f199999,C[11, 3]:40a147ae
A[11, 14]:3f000000,B[11, 3]:3f4ccccc,C[11, 3]:40b47ae1
A[11, 15]:3f5ddddf,B[11, 3]:0,C[11, 3]:40b47ae1
A[11, 16]:3e6eeef0,B[11, 3]:3e4ccccc,C[11, 3]:40b6b852
A[11, 17]:3f19999a,B[11, 3]:3ecccccc,C[11, 3]:40c23d71
A[11, 18]:3f777778,B[11, 3]:3f199999,C[11, 3]:40de147b
A[11, 19]:3eaaaaab,B[11, 3]:3f4ccccc,C[11, 3]:40eae148
A[11, 20]:3f333334,B[11, 3]:0,C[11, 3]:40eae148
A[11, 21]:3d888889,B[11, 3]:3e4ccccc,C[11, 3]:40eb851f
A[11, 22]:3edddddf,B[11, 3]:3ecccccc,C[11, 3]:40f3d70a
A[11, 23]:3f4cccce,B[11, 3]:3f199999,C[11, 3]:410570a4
A[11, 24]:3e2aaaab,B[11, 3]:3f4ccccc,C[11, 3]:4108a3d7
A[11, 25]:3f088889,B[11, 3]:0,C[11, 3]:4108a3d7
A[11, 26]:3f666667,B[11, 3]:3e4ccccc,C[11, 3]:410cf5c2
A[11, 27]:3e888889,B[11, 3]:3ecccccc,C[11, 3]:410f851e
A[11, 28]:3f222223,B[11, 3]:3f199999,C[11, 3]:4118a3d6
A[11, 29]:0,B[11, 3]:3f4ccccc,C[11, 3]:4118a3d6
A[11, 0]:3ebbbbbc,B[11, 4]:0,C[11, 4]:3e99999a
A[11, 1]:3f3bbbbc,B[11, 4]:3e75c28f,C[11, 4]:3f10624e
A[11, 2]:3dccccce,B[11, 4]:3ef5c28f,C[11, 4]:3f22d0e6
A[11, 3]:3eeeeef0,B[11, 4]:3f3851eb,C[11, 4]:3f91eb86
A[11, 4]:3f555556,B[11, 4]:3f75c28f,C[11, 4]:4015c290
A[11, 5]:3e4cccce,B[11, 4]:3e4ccccc,C[11, 4]:4019999a
A[11, 6]:3f111112,B[11, 4]:3ee147ae,C[11, 4]:40318938
A[11, 7]:3f6eeef0,B[11, 4]:3f2e147b,C[11, 4]:406e76ca
A[11, 8]:3e99999a,B[11, 4]:3f6b851e,C[11, 4]:40847ae2
A[11, 9]:3f2aaaab,B[11, 4]:3e23d70a,C[11, 4]:4089999a
A[11, 10]:3d088889,B[11, 4]:3ecccccc,C[11, 4]:408a3d71
A[11, 11]:3eccccce,B[11, 4]:3f23d70a,C[11, 4]:4096872b
A[11, 12]:3f444445,B[11, 4]:3f6147ae,C[11, 4]:40b6e979
A[11, 13]:3e088889,B[11, 4]:3df5c28f,C[11, 4]:40b7ae15
A[11, 14]:3f000000,B[11, 4]:3eb851eb,C[11, 4]:40c051ec
A[11, 15]:3f5ddddf,B[11, 4]:3f199999,C[11, 4]:40d947ae
A[11, 16]:3e6eeef0,B[11, 4]:3f570a3d,C[11, 4]:40e2b021
A[11, 17]:3f19999a,B[11, 4]:3da3d70a,C[11, 4]:40e4fdf4
A[11, 18]:3f777778,B[11, 4]:3ea3d70a,C[11, 4]:40f3d70b
A[11, 19]:3eaaaaab,B[11, 4]:3f0f5c29,C[11, 4]:40fcccce
A[11, 20]:3f333334,B[11, 4]:3f4ccccc,C[11, 4]:410bd70b
A[11, 21]:3d888889,B[11, 4]:3d23d70a,C[11, 4]:410be76d
A[11, 22]:3edddddf,B[11, 4]:3e8f5c29,C[11, 4]:410ed0e6
A[11, 23]:3f4cccce,B[11, 4]:3f051eb8,C[11, 4]:4118cccd
A[11, 24]:3e2aaaab,B[11, 4]:3f428f5c,C[11, 4]:411bd70a
A[11, 25]:3f088889,B[11, 4]:0,C[11, 4]:411bd70a
A[11, 26]:3f666667,B[11, 4]:3e75c28f,C[11, 4]:41210625
A[11, 27]:3e888889,B[11, 4]:3ef5c28f,C[11, 4]:41241894
A[11, 28]:3f222223,B[11, 4]:3f3851eb,C[11, 4]:412f0a3e
A[11, 29]:0,B[11, 4]:3f75c28f,C[11, 4]:412f0a3e
A[11, 0]:3ebbbbbc,B[11, 5]:0,C[11, 5]:3f75c290
A[11, 1]:3f3bbbbc,B[11, 5]:3e8f5c29,C[11, 5]:3fa24dd3
A[11, 2]:3dccccce,B[11, 5]:3f0f5c29,C[11, 5]:3fad0e56
A[11, 3]:3eeeeef0,B[11, 5]:3f570a3d,C[11, 5]:3ff851ec
A[11, 4]:3f555556,B[11, 5]:3df5c28f,C[11, 5]:4005c290
A[11, 5]:3e4cccce,B[11, 5]:3ecccccc,C[11, 5]:400d70a4
A[11, 6]:3f111112,B[11, 5]:3f2e147b,C[11, 5]:40326e98
A[11, 7]:3f6eeef0,B[11, 5]:3f75c28f,C[11, 5]:40843958
A[11, 8]:3e99999a,B[11, 5]:3e75c28f,C[11, 5]:4087ae14
A[11, 9]:3f2aaaab,B[11, 5]:3f051eb8,C[11, 5]:409851eb
A[11, 10]:3d088889,B[11, 5]:3f4ccccc,C[11, 5]:40999999
A[11, 11]:3eccccce,B[11, 5]:3da3d70a,C[11, 5]:409b22d0
A[11, 12]:3f444445,B[11, 5]:3eb851eb,C[11, 5]:40a8624d
A[11, 13]:3e088889,B[11, 5]:3f23d70a,C[11, 5]:40ac7ae0
A[11, 14]:3f000000,B[11, 5]:3f6b851e,C[11, 5]:40c28f5b
A[11, 15]:3f5ddddf,B[11, 5]:3e4ccccc,C[11, 5]:40cae146
A[11, 16]:3e6eeef0,B[11, 5]:3ef5c28f,C[11, 5]:40d04188
A[11, 17]:3f19999a,B[11, 5]:3f428f5c,C[11, 5]:40e624dc
A[11, 18]:3f777778,B[11, 5]:3d23d70a,C[11, 5]:40e7ffff
A[11, 19]:3eaaaaab,B[11, 5]:3ea3d70a,C[11, 5]:40ed1eb7
A[11, 20]:3f333334,B[11, 5]:3f199999,C[11, 5]:4100a3d6
A[11, 21]:3d888889,B[11, 5]:3f6147ae,C[11, 5]:41020c49
A[11, 22]:3edddddf,B[11, 5]:3e23d70a,C[11, 5]:4103b645
A[11, 23]:3f4cccce,B[11, 5]:3ee147ae,C[11, 5]:410c28f5
A[11, 24]:3e2aaaab,B[11, 5]:3f3851eb,C[11, 5]:410f0a3d
A[11, 25]:3f088889,B[11, 5]:0,C[11, 5]:410f0a3d
A[11, 26]:3f666667,B[11, 5]:3e8f5c29,C[11, 5]:41151687
A[11, 27]:3e888889,B[11, 5]:3f0f5c29,C[11, 5]:4118ac08
A[11, 28]:3f222223,B[11, 5]:3f570a3d,C[11, 5]:412570a4
A[11, 29]:0,B[11, 5]:3df5c28f,C[11, 5]:412570a4
A[11, 0]:3ebbbbbc,B[11, 6]:0,C[11, 6]:3ed70a3e
A[11, 1]:3f3bbbbc,B[11, 6]:3ea3d70a,C[11, 6]:3f45a1cb
A[11, 2]:3dccccce,B[11, 6]:3f23d70a,C[11, 6]:3f5e3540
A[11, 3]:3eeeeef0,B[11, 6]:3f75c28f,C[11, 6]:3fc51eb9
A[11, 4]:3f555556,B[11, 6]:3e8f5c29,C[11, 6]:3ff1eb86
A[11, 5]:3e4cccce,B[11, 6]:3f199999,C[11, 6]:40047ae2
A[11, 6]:3f111112,B[11, 6]:3f6b851e,C[11, 6]:4036872c
A[11, 7]:3f6eeef0,B[11, 6]:3e75c28f,C[11, 6]:404c0832
A[11, 8]:3e99999a,B[11, 6]:3f0f5c29,C[11, 6]:405c28f7
A[11, 9]:3f2aaaab,B[11, 6]:3f6147ae,C[11, 6]:408a3d71
A[11, 10]:3d088889,B[11, 6]:3e4ccccc,C[11, 6]:408a8f5d
A[11, 11]:3eccccce,B[11, 6]:3f051eb8,C[11, 6]:40948b44
A[11, 12]:3f444445,B[11, 6]:3f570a3d,C[11, 6]:40b374bd
A[11, 13]:3e088889,B[11, 6]:3e23d70a,C[11, 6]:40b47ae2
A[11, 14]:3f000000,B[11, 6]:3ef5c28f,C[11, 6]:40c00001
A[11, 15]:3f5ddddf,B[11, 6]:3f4ccccc,C[11, 6]:40e147af
A[11, 16]:3e6eeef0,B[11, 6]:3df5c28f,C[11, 6]:40e29fbf
A[11, 17]:3f19999a,B[11, 6]:3ee147ae,C[11, 6]:40ef4bc7
A[11, 18]:3f777778,B[11, 6]:3f428f5c,C[11, 6]:410947ae
A[11, 19]:3eaaaaab,B[11, 6]:3da3d70a,C[11, 6]:4109eb85
A[11, 20]:3f333334,B[11, 6]:3ecccccc,C[11, 6]:4110a3d7
A[11, 21]:3d888889,B[11, 6]:3f3851eb,C[11, 6]:4111cac0
A[11, 22]:3edddddf,B[11, 6]:3d23d70a,C[11, 6]:4112353f
A[11, 23]:3f4cccce,B[11, 6]:3eb851eb,C[11, 6]:41191eb8
A[11, 24]:3e2aaaab,B[11, 6]:3f2e147b,C[11, 6]:411bd70a
A[11, 25]:3f088889,B[11, 6]:0,C[11, 6]:411bd70a
A[11, 26]:3f666667,B[11, 6]:3ea3d70a,C[11, 6]:4122c083
A[11, 27]:3e888889,B[11, 6]:3f23d70a,C[11, 6]:4126d916
A[11, 28]:3f222223,B[11, 6]:3f75c28f,C[11, 6]:413570a3
A[11, 29]:0,B[11, 6]:3e8f5c29,C[11, 6]:413570a3
A[11, 0]:3ebbbbbc,B[11, 7]:0,C[11, 7]:3f8a3d71
A[11, 1]:3f3bbbbc,B[11, 7]:3eb851eb,C[11, 7]:3fbced92
A[11, 2]:3dccccce,B[11, 7]:3f3851eb,C[11, 7]:3fcac084
A[11, 3]:3eeeeef0,B[11, 7]:3da3d70a,C[11, 7]:3fd1eb86
A[11, 4]:3f555556,B[11, 7]:3ee147ae,C[11, 7]:400c28f6
A[11, 5]:3e4cccce,B[11, 7]:3f4ccccc,C[11, 7]:401b851f
A[11, 6]:3f111112,B[11, 7]:3e23d70a,C[11, 7]:40243958
A[11, 7]:3f6eeef0,B[11, 7]:3f051eb8,C[11, 7]:4052d0e6
A[11, 8]:3e99999a,B[11, 7]:3f6147ae,C[11, 7]:406c28f6
A[11, 9]:3f2aaaab,B[11, 7]:3e75c28f,C[11, 7]:407b851f
A[11, 10]:3d088889,B[11, 7]:3f199999,C[11, 7]:407d70a4
A[11, 11]:3eccccce,B[11, 7]:3f75c28f,C[11, 7]:409126ea
A[11, 12]:3f444445,B[11, 7]:3ea3d70a,C[11, 7]:409ced92
A[11, 13]:3e088889,B[11, 7]:3f2e147b,C[11, 7]:40a147af
A[11, 14]:3f000000,B[11, 7]:3d23d70a,C[11, 7]:40a23d72
A[11, 15]:3f5ddddf,B[11, 7]:3ecccccc,C[11, 7]:40b2e149
A[11, 16]:3e6eeef0,B[11, 7]:3f428f5c,C[11, 7]:40bb645b
A[11, 17]:3f19999a,B[11, 7]:3df5c28f,C[11, 7]:40bed917
A[11, 18]:3f777778,B[11, 7]:3ef5c28f,C[11, 7]:40d51eb9
A[11, 19]:3eaaaaab,B[11, 7]:3f570a3d,C[11, 7]:40e28f5d
A[11, 20]:3f333334,B[11, 7]:3e4ccccc,C[11, 7]:40e947af
A[11, 21]:3d888889,B[11, 7]:3f0f5c29,C[11, 7]:40eb1270
A[11, 22]:3edddddf,B[11, 7]:3f6b851e,C[11, 7]:40fe3541
A[11, 23]:3f4cccce,B[11, 7]:3e8f5c29,C[11, 7]:41047ae2
A[11, 24]:3e2aaaab,B[11, 7]:3f23d70a,C[11, 7]:41070a3e
A[11, 25]:3f088889,B[11, 7]:0,C[11, 7]:41070a3e
A[11, 26]:3f666667,B[11, 7]:3eb851eb,C[11, 7]:410ed0e6
A[11, 27]:3e888889,B[11, 7]:3f3851eb,C[11, 7]:41136c8c
A[11, 28]:3f222223,B[11, 7]:3da3d70a,C[11, 7]:4114a3d8
A[11, 29]:0,B[11, 7]:3ee147ae,C[11, 7]:4114a3d8
A[11, 0]:3ebbbbbc,B[11, 8]:0,C[11, 8]:3f0a3d71
A[11, 1]:3f3bbbbc,B[11, 8]:3ecccccc,C[11, 8]:3f7ae148
A[11, 2]:3dccccce,B[11, 8]:3f4ccccc,C[11, 8]:3f8ccccd
A[11, 3]:3eeeeef0,B[11, 8]:3e4ccccc,C[11, 8]:3f9eb852
A[11, 4]:3f555556,B[11, 8]:3f199999,C[11, 8]:3ffeb852
A[11, 5]:3e4cccce,B[11, 8]:0,C[11, 8]:3ffeb852
A[11, 6]:3f111112,B[11, 8]:3ecccccc,C[11, 8]:40151eb8
A[11, 7]:3f6eeef0,B[11, 8]:3f4ccccc,C[11, 8]:405ccccc
A[11, 8]:3e99999a,B[11, 8]:3e4ccccc,C[11, 8]:40628f5b
A[11, 9]:3f2aaaab,B[11, 8]:3f199999,C[11, 8]:40847ae1
A[11, 10]:3d088889,B[11, 8]:0,C[11, 8]:40847ae1
A[11, 11]:3eccccce,B[11, 8]:3ecccccc,C[11, 8]:408c28f5
A[11, 12]:3f444445,B[11, 8]:3f4ccccc,C[11, 8]:40a99999
A[11, 13]:3e088889,B[11, 8]:3e4ccccc,C[11, 8]:40aae147
A[11, 14]:3f000000,B[11, 8]:3f199999,C[11, 8]:40b947ad
A[11, 15]:3f5ddddf,B[11, 8]:0,C[11, 8]:40b947ad
A[11, 16]:3e6eeef0,B[11, 8]:3ecccccc,C[11, 8]:40bdc28e
A[11, 17]:3f19999a,B[11, 8]:3f4ccccc,C[11, 8]:40d4cccb
A[11, 18]:3f777778,B[11, 8]:3e4ccccc,C[11, 8]:40de1479
A[11, 19]:3eaaaaab,B[11, 8]:3f199999,C[11, 8]:40e7ae13
A[11, 20]:3f333334,B[11, 8]:0,C[11, 8]:40e7ae13
A[11, 21]:3d888889,B[11, 8]:3ecccccc,C[11, 8]:40e8f5c1
A[11, 22]:3edddddf,B[11, 8]:3f4ccccc,C[11, 8]:40f99998
A[11, 23]:3f4cccce,B[11, 8]:3e4ccccc,C[11, 8]:4100a3d6
A[11, 24]:3e2aaaab,B[11, 8]:3f199999,C[11, 8]:41030a3c
A[11, 25]:3f088889,B[11, 8]:0,C[11, 8]:41030a3c
A[11, 26]:3f666667,B[11, 8]:3ecccccc,C[11, 8]:410bae13
A[11, 27]:3e888889,B[11, 8]:3f4ccccc,C[11, 8]:4110cccb
A[11, 28]:3f222223,B[11, 8]:3e4ccccc,C[11, 8]:4113d708
A[11, 29]:0,B[11, 8]:3f199999,C[11, 8]:4113d708
A[11, 0]:3ebbbbbc,B[11, 9]:0,C[11, 9]:0
A[11, 1]:3f3bbbbc,B[11, 9]:3ee147ae,C[11, 9]:3ef7ced9
A[11, 2]:3dccccce,B[11, 9]:3f6147ae,C[11, 9]:3f1db22d
A[11, 3]:3eeeeef0,B[11, 9]:3ea3d70a,C[11, 9]:3f570a3e
A[11, 4]:3f555556,B[11, 9]:3f428f5c,C[11, 9]:3fe51eb8
A[11, 5]:3e4cccce,B[11, 9]:3e4ccccc,C[11, 9]:3feccccc
A[11, 6]:3f111112,B[11, 9]:3f23d70a,C[11, 9]:4019374c
A[11, 7]:3f6eeef0,B[11, 9]:3da3d70a,C[11, 9]:4020624e
A[11, 8]:3e99999a,B[11, 9]:3f051eb8,C[11, 9]:402f5c29
A[11, 9]:3f2aaaab,B[11, 9]:3f75c28f,C[11, 9]:406ccccd
A[11, 10]:3d088889,B[11, 9]:3ecccccc,C[11, 9]:406e147b
A[11, 11]:3eccccce,B[11, 9]:3f570a3d,C[11, 9]:40872b02
A[11, 12]:3f444445,B[11, 9]:3e8f5c29,C[11, 9]:409178d5
A[11, 13]:3e088889,B[11, 9]:3f3851eb,C[11, 9]:4096147b
A[11, 14]:3f000000,B[11, 9]:3e23d70a,C[11, 9]:4099eb85
A[11, 15]:3f5ddddf,B[11, 9]:3f199999,C[11, 9]:40b2e148
A[11, 16]:3e6eeef0,B[11, 9]:3d23d70a,C[11, 9]:40b353f8
A[11, 17]:3f19999a,B[11, 9]:3ef5c28f,C[11, 9]:40c126ea
A[11, 18]:3f777778,B[11, 9]:3f6b851e,C[11, 9]:40ebd70b
A[11, 19]:3eaaaaab,B[11, 9]:3eb851eb,C[11, 9]:40f1999a
A[11, 20]:3f333334,B[11, 9]:3f4ccccc,C[11, 9]:41063d71
A[11, 21]:3d888889,B[11, 9]:3e75c28f,C[11, 9]:41069fbf
A[11, 22]:3edddddf,B[11, 9]:3f2e147b,C[11, 9]:410db22e
A[11, 23]:3f4cccce,B[11, 9]:3df5c28f,C[11, 9]:41100001
A[11, 24]:3e2aaaab,B[11, 9]:3f0f5c29,C[11, 9]:41123d72
A[11, 25]:3f088889,B[11, 9]:0,C[11, 9]:41123d72
A[11, 26]:3f666667,B[11, 9]:3ee147ae,C[11, 9]:411bbe78
A[11, 27]:3e888889,B[11, 9]:3f6147ae,C[11, 9]:41216043
A[11, 28]:3f222223,B[11, 9]:3ea3d70a,C[11, 9]:41263d72
A[11, 29]:0,B[11, 9]:3f428f5c,C[11, 9]:41263d72
A[11, 0]:3ebbbbbc,B[11, 10]:0,C[11, 10]:3f28f5c3
A[11, 1]:3f3bbbbc,B[11, 10]:3ef5c28f,C[11, 10]:3f981062
A[11, 2]:3dccccce,B[11, 10]:3f75c28f,C[11, 10]:3faa7efa
A[11, 3]:3eeeeef0,B[11, 10]:3ee147ae,C[11, 10]:3fd1eb86
A[11, 4]:3f555556,B[11, 10]:3f6b851e,C[11, 10]:40328f5c
A[11, 5]:3e4cccce,B[11, 10]:3ecccccc,C[11, 10]:403a3d70
A[11, 6]:3f111112,B[11, 10]:3f6147ae,C[11, 10]:406a1cac
A[11, 7]:3f6eeef0,B[11, 10]:3eb851eb,C[11, 10]:40852f1b
A[11, 8]:3e99999a,B[11, 10]:3f570a3d,C[11, 10]:409147ae
A[11, 9]:3f2aaaab,B[11, 10]:3ea3d70a,C[11, 10]:409b851f
A[11, 10]:3d088889,B[11, 10]:3f4ccccc,C[11, 10]:409ccccd
A[11, 11]:3eccccce,B[11, 10]:3e8f5c29,C[11, 10]:40a22d0f
A[11, 12]:3f444445,B[11, 10]:3f428f5c,C[11, 10]:40be24de
A[11, 13]:3e088889,B[11, 10]:3e75c28f,C[11, 10]:40bfae15
A[11, 14]:3f000000,B[11, 10]:3f3851eb,C[11, 10]:40d0f5c3
A[11, 15]:3f5ddddf,B[11, 10]:3e4ccccc,C[11, 10]:40d947ae
A[11, 16]:3e6eeef0,B[11, 10]:3f2e147b,C[11, 10]:40e0e560
A[11, 17]:3f19999a,B[11, 10]:3e23d70a,C[11, 10]:40e58106
A[11, 18]:3f777778,B[11, 10]:3f23d70a,C[11, 10]:4101999a
A[11, 19]:3eaaaaab,B[11, 10]:3df5c28f,C[11, 10]:41028f5d
A[11, 20]:3f333334,B[11, 10]:3f199999,C[11, 10]:410ca3d8
A[11, 21]:3d888889,B[11, 10]:3da3d70a,C[11, 10]:410cc49d
A[11, 22]:3edddddf,B[11, 10]:3f0f5c29,C[11, 10]:4112978f
A[11, 23]:3f4cccce,B[11, 10]:3d23d70a,C[11, 10]:41135c2b
A[11, 24]:3e2aaaab,B[11, 10]:3f051eb8,C[11, 10]:411570a6
A[11, 25]:3f088889,B[11, 10]:0,C[11, 10]:411570a6
A[11, 26]:3f666667,B[11, 10]:3ef5c28f,C[11, 10]:411fcedb
A[11, 27]:3e888889,B[11, 10]:3f75c28f,C[11, 10]:4125f3b8
A[11, 28]:3f222223,B[11, 10]:3ee147ae,C[11, 10]:412ca3d9
A[11, 29]:0,B[11, 10]:3f6b851e,C[11, 10]:412ca3d9
A[11, 0]:3ebbbbbc,B[11, 11]:0,C[11, 11]:3df5c290
A[11, 1]:3f3bbbbc,B[11, 11]:3f051eb8,C[11, 11]:3f3126e9
A[11, 2]:3dccccce,B[11, 11]:3d23d70a,C[11, 11]:3f32b020
A[11, 3]:3eeeeef0,B[11, 11]:3f0f5c29,C[11, 11]:3f8b851e
A[11, 4]:3f555556,B[11, 11]:3da3d70a,C[11, 11]:3f9851eb
A[11, 5]:3e4cccce,B[11, 11]:3f199999,C[11, 11]:3faf5c28
A[11, 6]:3f111112,B[11, 11]:3df5c28f,C[11, 11]:3fbc6a7e
A[11, 7]:3f6eeef0,B[11, 11]:3f23d70a,C[11, 11]:40178d50
A[11, 8]:3e99999a,B[11, 11]:3e23d70a,C[11, 11]:401c28f6
A[11, 9]:3f2aaaab,B[11, 11]:3f2e147b,C[11, 11]:4047ae15
A[11, 10]:3d088889,B[11, 11]:3e4ccccc,C[11, 11]:404851ec
A[11, 11]:3eccccce,B[11, 11]:3f3851eb,C[11, 11]:4063f7cf
A[11, 12]:3f444445,B[11, 11]:3e75c28f,C[11, 11]:4075a1cb
A[11, 13]:3e088889,B[11, 11]:3f428f5c,C[11, 11]:407f5c29
A[11, 14]:3f000000,B[11, 11]:3e8f5c29,C[11, 11]:40866666
A[11, 15]:3f5ddddf,B[11, 11]:3f4ccccc,C[11, 11]:40a7ae14
A[11, 16]:3e6eeef0,B[11, 11]:3ea3d70a,C[11, 11]:40ab4395
A[11, 17]:3f19999a,B[11, 11]:3f570a3d,C[11, 11]:40c374bc
A[11, 18]:3f777778,B[11, 11]:3eb851eb,C[11, 11]:40d428f5
A[11, 19]:3eaaaaab,B[11, 11]:3f6147ae,C[11, 11]:40e23d70
A[11, 20]:3f333334,B[11, 11]:3ecccccc,C[11, 11]:40efae14
A[11, 21]:3d888889,B[11, 11]:3f6b851e,C[11, 11]:40f29fbe
A[11, 22]:3edddddf,B[11, 11]:3ee147ae,C[11, 11]:40fbc6a8
A[11, 23]:3f4cccce,B[11, 11]:3f75c28f,C[11, 11]:411051ec
A[11, 24]:3e2aaaab,B[11, 11]:3ef5c28f,C[11, 11]:41123d71
A[11, 25]:3f088889,B[11, 11]:0,C[11, 11]:41123d71
A[11, 26]:3f666667,B[11, 11]:3f051eb8,C[11, 11]:411d78d5
A[11, 27]:3e888889,B[11, 11]:3d23d70a,C[11, 11]:411dba5e
A[11, 28]:3f222223,B[11, 11]:3f0f5c29,C[11, 11]:41263d70
A[11, 29]:0,B[11, 11]:3da3d70a,C[11, 11]:41263d70
A[11, 0]:3ebbbbbc,B[11, 12]:0,C[11, 12]:3f47ae16
A[11, 1]:3f3bbbbc,B[11, 12]:3f0f5c29,C[11, 12]:3fb2b022
A[11, 2]:3dccccce,B[11, 12]:3df5c28f,C[11, 12]:3fb4fdf5
A[11, 3]:3eeeeef0,B[11, 12]:3f2e147b,C[11, 12]:3ff1eb87
A[11, 4]:3f555556,B[11, 12]:3e75c28f,C[11, 12]:400c28f7
A[11, 5]:3e4cccce,B[11, 12]:3f4ccccc,C[11, 12]:401b8520
A[11, 6]:3f111112,B[11, 12]:3eb851eb,C[11, 12]:402f1aa1
A[11, 7]:3f6eeef0,B[11, 12]:3f6b851e,C[11, 12]:4080c49c
A[11, 8]:3e99999a,B[11, 12]:3ef5c28f,C[11, 12]:4087ae15
A[11, 9]:3f2aaaab,B[11, 12]:3d23d70a,C[11, 12]:4088f5c3
A[11, 10]:3d088889,B[11, 12]:3f199999,C[11, 12]:4089eb86
A[11, 11]:3eccccce,B[11, 12]:3e23d70a,C[11, 12]:408cfdf5
A[11, 12]:3f444445,B[11, 12]:3f3851eb,C[11, 12]:40a77cef
A[11, 13]:3e088889,B[11, 12]:3e8f5c29,C[11, 12]:40a947b0
A[11, 14]:3f000000,B[11, 12]:3f570a3d,C[11, 12]:40bd70a6
A[11, 15]:3f5ddddf,B[11, 12]:3ecccccc,C[11, 12]:40ce147d
A[11, 16]:3e6eeef0,B[11, 12]:3f75c28f,C[11, 12]:40d8d500
A[11, 17]:3f19999a,B[11, 12]:3f051eb8,C[11, 12]:40e7cedb
A[11, 18]:3f777778,B[11, 12]:3da3d70a,C[11, 12]:40eb8521
A[11, 19]:3eaaaaab,B[11, 12]:3f23d70a,C[11, 12]:40f5c292
A[11, 20]:3f333334,B[11, 12]:3e4ccccc,C[11, 12]:40fc7ae4
A[11, 21]:3d888889,B[11, 12]:3f428f5c,C[11, 12]:40fee97c
A[11, 22]:3edddddf,B[11, 12]:3ea3d70a,C[11, 12]:4102c8b6
A[11, 23]:3f4cccce,B[11, 12]:3f6147ae,C[11, 12]:4113ae16
A[11, 24]:3e2aaaab,B[11, 12]:3ee147ae,C[11, 12]:411570a5
A[11, 25]:3f088889,B[11, 12]:0,C[11, 12]:411570a5
A[11, 26]:3f666667,B[11, 12]:3f0f5c29,C[11, 12]:41218938
A[11, 27]:3e888889,B[11, 12]:3df5c28f,C[11, 12]:41224dd4
A[11, 28]:3f222223,B[11, 12]:3f2e147b,C[11, 12]:412ca3d8
A[11, 29]:0,B[11, 12]:3e75c28f,C[11, 12]:412ca3d8
A[11, 0]:3ebbbbbc,B[11, 13]:0,C[11, 13]:3e75c290
A[11, 1]:3f3bbbbc,B[11, 13]:3f199999,C[11, 13]:3f666666
A[11, 2]:3dccccce,B[11, 13]:3e4ccccc,C[11, 13]:3f6e147a
A[11, 3]:3eeeeef0,B[11, 13]:3f4ccccc,C[11, 13]:3fbeb852
A[11, 4]:3f555556,B[11, 13]:3ecccccc,C[11, 13]:3ffeb852
A[11, 5]:3e4cccce,B[11, 13]:0,C[11, 13]:3ffeb852
A[11, 6]:3f111112,B[11, 13]:3f199999,C[11, 13]:40200000
A[11, 7]:3f6eeef0,B[11, 13]:3e4ccccc,C[11, 13]:4031eb85
A[11, 8]:3e99999a,B[11, 13]:3f4ccccc,C[11, 13]:4048f5c2
A[11, 9]:3f2aaaab,B[11, 13]:3ecccccc,C[11, 13]:40628f5c
A[11, 10]:3d088889,B[11, 13]:0,C[11, 13]:40628f5c
A[11, 11]:3eccccce,B[11, 13]:3f199999,C[11, 13]:40799999
A[11, 12]:3f444445,B[11, 13]:3e4ccccc,C[11, 13]:408428f5
A[11, 13]:3e088889,B[11, 13]:3f4ccccc,C[11, 13]:408947ad
A[11, 14]:3f000000,B[11, 13]:3ecccccc,C[11, 13]:4092e147
A[11, 15]:3f5ddddf,B[11, 13]:0,C[11, 13]:4092e147
A[11, 16]:3e6eeef0,B[11, 13]:3f199999,C[11, 13]:40999999
A[11, 17]:3f19999a,B[11, 13]:3e4ccccc,C[11, 13]:409f5c28
A[11, 18]:3f777778,B[11, 13]:3f4ccccc,C[11, 13]:40c47ae0
A[11, 19]:3eaaaaab,B[11, 13]:3ecccccc,C[11, 13]:40cae146
A[11, 20]:3f333334,B[11, 13]:0,C[11, 13]:40cae146
A[11, 21]:3d888889,B[11, 13]:3f199999,C[11, 13]:40cccccb
A[11, 22]:3edddddf,B[11, 13]:3e4ccccc,C[11, 13]:40d0f5c1
A[11, 23]:3f4cccce,B[11, 13]:3f4ccccc,C[11, 13]:40efae13
A[11, 24]:3e2aaaab,B[11, 13]:3ecccccc,C[11, 13]:40f2e146
A[11, 25]:3f088889,B[11, 13]:0,C[11, 13]:40f2e146
A[11, 26]:3f666667,B[11, 13]:3f199999,C[11, 13]:41066666
A[11, 27]:3e888889,B[11, 13]:3e4ccccc,C[11, 13]:4107ae14
A[11, 28]:3f222223,B[11, 13]:3f4ccccc,C[11, 13]:4113d70a
A[11, 29]:0,B[11, 13]:3ecccccc,C[11, 13]:4113d70a
A[11, 0]:3ebbbbbc,B[11, 14]:0,C[11, 14]:3f666667
A[11, 1]:3f3bbbbc,B[11, 14]:3f23d70a,C[11, 14]:3fcd4fe0
A[11, 2]:3dccccce,B[11, 14]:3e8f5c29,C[11, 14]:3fd2b022
A[11, 3]:3eeeeef0,B[11, 14]:3f6b851e,C[11, 14]:40128f5d
A[11, 4]:3f555556,B[11, 14]:3f0f5c29,C[11, 14]:403f5c2a
A[11, 5]:3e4cccce,B[11, 14]:3e4ccccc,C[11, 14]:40433334
A[11, 6]:3f111112,B[11, 14]:3f570a3d,C[11, 14]:4070e561
A[11, 7]:3f6eeef0,B[11, 14]:3ef5c28f,C[11, 14]:408df3b7
A[11, 8]:3e99999a,B[11, 14]:3df5c28f,C[11, 14]:408fae15
A[11, 9]:3f2aaaab,B[11, 14]:3f428f5c,C[11, 14]:40a80000
A[11, 10]:3d088889,B[11, 14]:3ecccccc,C[11, 14]:40a8a3d7
A[11, 11]:3eccccce,B[11, 14]:3d23d70a,C[11, 14]:40a96873
A[11, 12]:3f444445,B[11, 14]:3f2e147b,C[11, 14]:40c26e98
A[11, 13]:3e088889,B[11, 14]:3ea3d70a,C[11, 14]:40c47ae2
A[11, 14]:3f000000,B[11, 14]:3f75c28f,C[11, 14]:40db851f
A[11, 15]:3f5ddddf,B[11, 14]:3f199999,C[11, 14]:40f47ae2
A[11, 16]:3e6eeef0,B[11, 14]:3e75c28f,C[11, 14]:40f72b03
A[11, 17]:3f19999a,B[11, 14]:3f6147ae,C[11, 14]:4108418a
A[11, 18]:3f777778,B[11, 14]:3f051eb8,C[11, 14]:411451ec
A[11, 19]:3eaaaaab,B[11, 14]:3e23d70a,C[11, 14]:4115999a
A[11, 20]:3f333334,B[11, 14]:3f4ccccc,C[11, 14]:41230a3e
A[11, 21]:3d888889,B[11, 14]:3ee147ae,C[11, 14]:4123be77
A[11, 22]:3edddddf,B[11, 14]:3da3d70a,C[11, 14]:41249375
A[11, 23]:3f4cccce,B[11, 14]:3f3851eb,C[11, 14]:41326667
A[11, 24]:3e2aaaab,B[11, 14]:3eb851eb,C[11, 14]:4133d70b
A[11, 25]:3f088889,B[11, 14]:0,C[11, 14]:4133d70b
A[11, 26]:3f666667,B[11, 14]:3f23d70a,C[11, 14]:4141a9fd
A[11, 27]:3e888889,B[11, 14]:3e8f5c29,C[11, 14]:414374be
A[11, 28]:3f222223,B[11, 14]:3f6b851e,C[11, 14]:415170a5
A[11, 29]:0,B[11, 14]:3f0f5c29,C[11, 14]:415170a5
A[11, 0]:3ebbbbbc,B[11, 15]:0,C[11, 15]:3eb851ec
A[11, 1]:3f3bbbbc,B[11, 15]:3f2e147b,C[11, 15]:3f8dd2f2
A[11, 2]:3dccccce,B[11, 15]:3eb851eb,C[11, 15]:3f94bc6b
A[11, 3]:3eeeeef0,B[11, 15]:3d23d70a,C[11, 15]:3f9851ec
A[11, 4]:3f555556,B[11, 15]:3f3851eb,C[11, 15]:4005c290
A[11, 5]:3e4cccce,B[11, 15]:3ecccccc,C[11, 15]:400d70a4
A[11, 6]:3f111112,B[11, 15]:3da3d70a,C[11, 15]:4011cac1
A[11, 7]:3f6eeef0,B[11, 15]:3f428f5c,C[11, 15]:4055e354
A[11, 8]:3e99999a,B[11, 15]:3ee147ae,C[11, 15]:40628f5c
A[11, 9]:3f2aaaab,B[11, 15]:3df5c28f,C[11, 15]:406a3d70
A[11, 10]:3d088889,B[11, 15]:3f4ccccc,C[11, 15]:406ccccc
A[11, 11]:3eccccce,B[11, 15]:3ef5c28f,C[11, 15]:407f3b64
A[11, 12]:3f444445,B[11, 15]:3e23d70a,C[11, 15]:40858106
A[11, 13]:3e088889,B[11, 15]:3f570a3d,C[11, 15]:408ae148
A[11, 14]:3f000000,B[11, 15]:3f051eb8,C[11, 15]:40975c29
A[11, 15]:3f5ddddf,B[11, 15]:3e4ccccc,C[11, 15]:409fae14
A[11, 16]:3e6eeef0,B[11, 15]:3f6147ae,C[11, 15]:40a98937
A[11, 17]:3f19999a,B[11, 15]:3f0f5c29,C[11, 15]:40b9a9fc
A[11, 18]:3f777778,B[11, 15]:3e75c28f,C[11, 15]:40c4cccd
A[11, 19]:3eaaaaab,B[11, 15]:3f6b851e,C[11, 15]:40d3851f
A[11, 20]:3f333334,B[11, 15]:3f199999,C[11, 15]:40e7ae15
A[11, 21]:3d888889,B[11, 15]:3e8f5c29,C[11, 15]:40e89375
A[11, 22]:3edddddf,B[11, 15]:3f75c28f,C[11, 15]:40fc8b44
A[11, 23]:3f4cccce,B[11, 15]:3f23d70a,C[11, 15]:410a8f5c
A[11, 24]:3e2aaaab,B[11, 15]:3ea3d70a,C[11, 15]:410bd70a
A[11, 25]:3f088889,B[11, 15]:0,C[11, 15]:410bd70a
A[11, 26]:3f666667,B[11, 15]:3f2e147b,C[11, 15]:411a872b
A[11, 27]:3e888889,B[11, 15]:3eb851eb,C[11, 15]:411cd4fe
A[11, 28]:3f222223,B[11, 15]:3d23d70a,C[11, 15]:411d70a4
A[11, 29]:0,B[11, 15]:3f3851eb,C[11, 15]:411d70a4
A[11, 0]:3ebbbbbc,B[11, 16]:0,C[11, 16]:3f828f5d
A[11, 1]:3f3bbbbc,B[11, 16]:3f3851eb,C[11, 16]:3fe7ef9e
A[11, 2]:3dccccce,B[11, 16]:3ee147ae,C[11, 16]:3ff0624e
A[11, 3]:3eeeeef0,B[11, 16]:3e23d70a,C[11, 16]:3ffeb852
A[11, 4]:3f555556,B[11, 16]:3f6147ae,C[11, 16]:4045c290
A[11, 5]:3e4cccce,B[11, 16]:3f199999,C[11, 16]:405147af
A[11, 6]:3f111112,B[11, 16]:3ea3d70a,C[11, 16]:4062b022
A[11, 7]:3f6eeef0,B[11, 16]:3d23d70a,C[11, 16]:406645a3
A[11, 8]:3e99999a,B[11, 16]:3f428f5c,C[11, 16]:407c28f7
A[11, 9]:3f2aaaab,B[11, 16]:3ef5c28f,C[11, 16]:408d70a4
A[11, 10]:3d088889,B[11, 16]:3e4ccccc,C[11, 16]:408dc290
A[11, 11]:3eccccce,B[11, 16]:3f6b851e,C[11, 16]:409f6c8c
A[11, 12]:3f444445,B[11, 16]:3f23d70a,C[11, 16]:40b6f9dc
A[11, 13]:3e088889,B[11, 16]:3eb851eb,C[11, 16]:40b947af
A[11, 14]:3f000000,B[11, 16]:3da3d70a,C[11, 16]:40bb3334
A[11, 15]:3f5ddddf,B[11, 16]:3f4ccccc,C[11, 16]:40dc7ae2
A[11, 16]:3e6eeef0,B[11, 16]:3f051eb8,C[11, 16]:40e24dd4
A[11, 17]:3f19999a,B[11, 16]:3e75c28f,C[11, 16]:40e9374d
A[11, 18]:3f777778,B[11, 16]:3f75c28f,C[11, 16]:410ae148
A[11, 19]:3eaaaaab,B[11, 16]:3f2e147b,C[11, 16]:411051ec
A[11, 20]:3f333334,B[11, 16]:3ecccccc,C[11, 16]:41170a3e
A[11, 21]:3d888889,B[11, 16]:3df5c28f,C[11, 16]:41173b65
A[11, 22]:3edddddf,B[11, 16]:3f570a3d,C[11, 16]:411ff7d0
A[11, 23]:3f4cccce,B[11, 16]:3f0f5c29,C[11, 16]:412ab853
A[11, 24]:3e2aaaab,B[11, 16]:3e8f5c29,C[11, 16]:412bd70b
A[11, 25]:3f088889,B[11, 16]:0,C[11, 16]:412bd70b
A[11, 26]:3f666667,B[11, 16]:3f3851eb,C[11, 16]:413b645b
A[11, 27]:3e888889,B[11, 16]:3ee147ae,C[11, 16]:413e3540
A[11, 28]:3f222223,B[11, 16]:3e23d70a,C[11, 16]:4140a3d8
A[11, 29]:0,B[11, 16]:3f6147ae,C[11, 16]:4140a3d8
A[11, 0]:3ebbbbbc,B[11, 17]:0,C[11, 17]:3ef5c290
A[11, 1]:3f3bbbbc,B[11, 17]:3f428f5c,C[11, 17]:3fa872b0
A[11, 2]:3dccccce,B[11, 17]:3f051eb8,C[11, 17]:3fb26e97
A[11, 3]:3eeeeef0,B[11, 17]:3e8f5c29,C[11, 17]:3fcb851e
A[11, 4]:3f555556,B[11, 17]:3d23d70a,C[11, 17]:3fd1eb84
A[11, 5]:3e4cccce,B[11, 17]:3f4ccccc,C[11, 17]:3ff0a3d6
A[11, 6]:3f111112,B[11, 17]:3f0f5c29,C[11, 17]:4016c8b4
A[11, 7]:3f6eeef0,B[11, 17]:3ea3d70a,C[11, 17]:403374bc
A[11, 8]:3e99999a,B[11, 17]:3da3d70a,C[11, 17]:4035c28f
A[11, 9]:3f2aaaab,B[11, 17]:3f570a3d,C[11, 17]:406b851e
A[11, 10]:3d088889,B[11, 17]:3f199999,C[11, 17]:406d70a3
A[11, 11]:3eccccce,B[11, 17]:3eb851eb,C[11, 17]:407b4395
A[11, 12]:3f444445,B[11, 17]:3df5c28f,C[11, 17]:40820c4a
A[11, 13]:3e088889,B[11, 17]:3f6147ae,C[11, 17]:4087ae15
A[11, 14]:3f000000,B[11, 17]:3f23d70a,C[11, 17]:40970a3e
A[11, 15]:3f5ddddf,B[11, 17]:3ecccccc,C[11, 17]:40a7ae15
A[11, 16]:3e6eeef0,B[11, 17]:3e23d70a,C[11, 17]:40a978d6
A[11, 17]:3f19999a,B[11, 17]:3f6b851e,C[11, 17]:40c3f7d0
A[11, 18]:3f777778,B[11, 17]:3f2e147b,C[11, 17]:40e38520
A[11, 19]:3eaaaaab,B[11, 17]:3ee147ae,C[11, 17]:40ea8f5d
A[11, 20]:3f333334,B[11, 17]:3e4ccccc,C[11, 17]:40f147af
A[11, 21]:3d888889,B[11, 17]:3f75c28f,C[11, 17]:40f45a1e
A[11, 22]:3edddddf,B[11, 17]:3f3851eb,C[11, 17]:4101a9fd
A[11, 23]:3f4cccce,B[11, 17]:3ef5c28f,C[11, 17]:410ae149
A[11, 24]:3e2aaaab,B[11, 17]:3e75c28f,C[11, 17]:410bd70c
A[11, 25]:3f088889,B[11, 17]:0,C[11, 17]:410bd70c
A[11, 26]:3f666667,B[11, 17]:3f428f5c,C[11, 17]:411c418b
A[11, 27]:3e888889,B[11, 17]:3f051eb8,C[11, 17]:411f9583
A[11, 28]:3f222223,B[11, 17]:3e8f5c29,C[11, 17]:4123d70c
A[11, 29]:0,B[11, 17]:3d23d70a,C[11, 17]:4123d70c
A[11, 0]:3ebbbbbc,B[11, 18]:0,C[11, 18]:3f91eb85
A[11, 1]:3f3bbbbc,B[11, 18]:3f4ccccc,C[11, 18]:400147ae
A[11, 2]:3dccccce,B[11, 18]:3f199999,C[11, 18]:40070a3d
A[11, 3]:3eeeeef0,B[11, 18]:3ecccccc,C[11, 18]:4018f5c2
A[11, 4]:3f555556,B[11, 18]:3e4ccccc,C[11, 18]:4028f5c2
A[11, 5]:3e4cccce,B[11, 18]:0,C[11, 18]:4028f5c2
A[11, 6]:3f111112,B[11, 18]:3f4ccccc,C[11, 18]:40547ae1
A[11, 7]:3f6eeef0,B[11, 18]:3f199999,C[11, 18]:40851eb8
A[11, 8]:3e99999a,B[11, 18]:3ecccccc,C[11, 18]:408ae147
A[11, 9]:3f2aaaab,B[11, 18]:3e4ccccc,C[11, 18]:409147ad
A[11, 10]:3d088889,B[11, 18]:0,C[11, 18]:409147ad
A[11, 11]:3eccccce,B[11, 18]:3f4ccccc,C[11, 18]:40a0a3d6
A[11, 12]:3f444445,B[11, 18]:3f199999,C[11, 18]:40b6b851
A[11, 13]:3e088889,B[11, 18]:3ecccccc,C[11, 18]:40b947ad
A[11, 14]:3f000000,B[11, 18]:3e4ccccc,C[11, 18]:40be147a
A[11, 15]:3f5ddddf,B[11, 18]:0,C[11, 18]:40be147a
A[11, 16]:3e6eeef0,B[11, 18]:3f4ccccc,C[11, 18]:40c70a3d
A[11, 17]:3f19999a,B[11, 18]:3f199999,C[11, 18]:40d851eb
A[11, 18]:3f777778,B[11, 18]:3ecccccc,C[11, 18]:40eae147
A[11, 19]:3eaaaaab,B[11, 18]:3e4ccccc,C[11, 18]:40ee147a
A[11, 20]:3f333334,B[11, 18]:0,C[11, 18]:40ee147a
A[11, 21]:3d888889,B[11, 18]:3f4ccccc,C[11, 18]:40f0a3d6
A[11, 22]:3edddddf,B[11, 18]:3f199999,C[11, 18]:40fd1eb7
A[11, 23]:3f4cccce,B[11, 18]:3ecccccc,C[11, 18]:41063d70
A[11, 24]:3e2aaaab,B[11, 18]:3e4ccccc,C[11, 18]:41070a3d
A[11, 25]:3f088889,B[11, 18]:0,C[11, 18]:41070a3d
A[11, 26]:3f666667,B[11, 18]:3f4ccccc,C[11, 18]:411851eb
A[11, 27]:3e888889,B[11, 18]:3f199999,C[11, 18]:411c28f5
A[11, 28]:3f222223,B[11, 18]:3ecccccc,C[11, 18]:41223d70
A[11, 29]:0,B[11, 18]:3e4ccccc,C[11, 18]:41223d70
A[11, 0]:3ebbbbbc,B[11, 19]:0,C[11, 19]:3f19999a
A[11, 1]:3f3bbbbc,B[11, 19]:3f570a3d,C[11, 19]:3fc3126e
A[11, 2]:3dccccce,B[11, 19]:3f2e147b,C[11, 19]:3fd020c4
A[11, 3]:3eeeeef0,B[11, 19]:3f051eb8,C[11, 19]:3ffeb852
A[11, 4]:3f555556,B[11, 19]:3eb851eb,C[11, 19]:401c28f6
A[11, 5]:3e4cccce,B[11, 19]:3e4ccccc,C[11, 19]:40200000
A[11, 6]:3f111112,B[11, 19]:3d23d70a,C[11, 19]:40222d0e
A[11, 7]:3f6eeef0,B[11, 19]:3f6147ae,C[11, 19]:40710625
A[11, 8]:3e99999a,B[11, 19]:3f3851eb,C[11, 19]:4082e148
A[11, 9]:3f2aaaab,B[11, 19]:3f0f5c29,C[11, 19]:4094cccd
A[11, 10]:3d088889,B[11, 19]:3ecccccc,C[11, 19]:409570a4
A[11, 11]:3eccccce,B[11, 19]:3e75c28f,C[11, 19]:409a0c4a
A[11, 12]:3f444445,B[11, 19]:3da3d70a,C[11, 19]:409cfdf4
A[11, 13]:3e088889,B[11, 19]:3f6b851e,C[11, 19]:40a2e148
A[11, 14]:3f000000,B[11, 19]:3f428f5c,C[11, 19]:40b51eb9
A[11, 15]:3f5ddddf,B[11, 19]:3f199999,C[11, 19]:40ce147c
A[11, 16]:3e6eeef0,B[11, 19]:3ee147ae,C[11, 19]:40d3020d
A[11, 17]:3f19999a,B[11, 19]:3e8f5c29,C[11, 19]:40db126f
A[11, 18]:3f777778,B[11, 19]:3df5c28f,C[11, 19]:40e0a3d7
A[11, 19]:3eaaaaab,B[11, 19]:3f75c28f,C[11, 19]:40f00000
A[11, 20]:3f333334,B[11, 19]:3f4ccccc,C[11, 19]:410570a4
A[11, 21]:3d888889,B[11, 19]:3f23d70a,C[11, 19]:410676c9
A[11, 22]:3edddddf,B[11, 19]:3ef5c28f,C[11, 19]:410b74bd
A[11, 23]:3f4cccce,B[11, 19]:3ea3d70a,C[11, 19]:4111999a
A[11, 24]:3e2aaaab,B[11, 19]:3e23d70a,C[11, 19]:41123d71
A[11, 25]:3f088889,B[11, 19]:0,C[11, 19]:41123d71
A[11, 26]:3f666667,B[11, 19]:3f570a3d,C[11, 19]:4124624e
A[11, 27]:3e888889,B[11, 19]:3f2e147b,C[11, 19]:4128bc6b
A[11, 28]:3f222223,B[11, 19]:3f051eb8,C[11, 19]:4130a3d8
A[11, 29]:0,B[11, 19]:3eb851eb,C[11, 19]:4130a3d8
A[11, 0]:3ebbbbbc,B[11, 20]:0,C[11, 20]:3d75c290
A[11, 1]:3f3bbbbc,B[11, 20]:3f6147ae,C[11, 20]:3f839581
A[11, 2]:3dccccce,B[11, 20]:3f428f5c,C[11, 20]:3f922d0e
A[11, 3]:3eeeeef0,B[11, 20]:3f23d70a,C[11, 20]:3fcb851e
A[11, 4]:3f555556,B[11, 20]:3f051eb8,C[11, 20]:400f5c28
A[11, 5]:3e4cccce,B[11, 20]:3ecccccc,C[11, 20]:40170a3c
A[11, 6]:3f111112,B[11, 20]:3e8f5c29,C[11, 20]:402645a0
A[11, 7]:3f6eeef0,B[11, 20]:3e23d70a,C[11, 20]:40349ba4
A[11, 8]:3e99999a,B[11, 20]:3d23d70a,C[11, 20]:4035c28d
A[11, 9]:3f2aaaab,B[11, 20]:3f6b851e,C[11, 20]:4070a3d4
A[11, 10]:3d088889,B[11, 20]:3f4ccccc,C[11, 20]:40733330
A[11, 11]:3eccccce,B[11, 20]:3f2e147b,C[11, 20]:4086a7ee
A[11, 12]:3f444445,B[11, 20]:3f0f5c29,C[11, 20]:409b4394
A[11, 13]:3e088889,B[11, 20]:3ee147ae,C[11, 20]:409e1479
A[11, 14]:3f000000,B[11, 20]:3ea3d70a,C[11, 20]:40a5c28d
A[11, 15]:3f5ddddf,B[11, 20]:3e4ccccc,C[11, 20]:40ae1478
A[11, 16]:3e6eeef0,B[11, 20]:3da3d70a,C[11, 20]:40aef9d8
A[11, 17]:3f19999a,B[11, 20]:3f75c28f,C[11, 20]:40ca9fbb
A[11, 18]:3f777778,B[11, 20]:3f570a3d,C[11, 20]:40f19996
A[11, 19]:3eaaaaab,B[11, 20]:3f3851eb,C[11, 20]:40fd1eb5
A[11, 20]:3f333334,B[11, 20]:3f199999,C[11, 20]:4108a3d5
A[11, 21]:3d888889,B[11, 20]:3ef5c28f,C[11, 20]:41096871
A[11, 22]:3edddddf,B[11, 20]:3eb851eb,C[11, 20]:410d26e8
A[11, 23]:3f4cccce,B[11, 20]:3e75c28f,C[11, 20]:4111c28e
A[11, 24]:3e2aaaab,B[11, 20]:3df5c28f,C[11, 20]:41123d6f
A[11, 25]:3f088889,B[11, 20]:0,C[11, 20]:41123d6f
A[11, 26]:3f666667,B[11, 20]:3f6147ae,C[11, 20]:41253f7b
A[11, 27]:3e888889,B[11, 20]:3f428f5c,C[11, 20]:412a1caa
A[11, 28]:3f222223,B[11, 20]:3f23d70a,C[11, 20]:4133d708
A[11, 29]:0,B[11, 20]:3f051eb8,C[11, 20]:4133d708
A[11, 0]:3ebbbbbc,B[11, 21]:0,C[11, 21]:3f3851ec
A[11, 1]:3f3bbbbc,B[11, 21]:3f6b851e,C[11, 21]:3fddb22d
A[11, 2]:3dccccce,B[11, 21]:3f570a3d,C[11, 21]:3fedd2f2
A[11, 3]:3eeeeef0,B[11, 21]:3f428f5c,C[11, 21]:4018f5c3
A[11, 4]:3f555556,B[11, 21]:3f2e147b,C[11, 21]:404f5c2a
A[11, 5]:3e4cccce,B[11, 21]:3f199999,C[11, 21]:405ae149
A[11, 6]:3f111112,B[11, 21]:3f051eb8,C[11, 21]:40772b04
A[11, 7]:3f6eeef0,B[11, 21]:3ee147ae,C[11, 21]:408f4bc8
A[11, 8]:3e99999a,B[11, 21]:3eb851eb,C[11, 21]:40947ae3
A[11, 9]:3f2aaaab,B[11, 21]:3e8f5c29,C[11, 21]:409d70a6
A[11, 10]:3d088889,B[11, 21]:3e4ccccc,C[11, 21]:409dc292
A[11, 11]:3eccccce,B[11, 21]:3df5c28f,C[11, 21]:40a01065
A[11, 12]:3f444445,B[11, 21]:3d23d70a,C[11, 21]:40a1893a
A[11, 13]:3e088889,B[11, 21]:3f75c28f,C[11, 21]:40a7ae17
A[11, 14]:3f000000,B[11, 21]:3f6147ae,C[11, 21]:40bccccf
A[11, 15]:3f5ddddf,B[11, 21]:3f4ccccc,C[11, 21]:40de147d
A[11, 16]:3e6eeef0,B[11, 21]:3f3851eb,C[11, 21]:40e624df
A[11, 17]:3f19999a,B[11, 21]:3f23d70a,C[11, 21]:40f89377
A[11, 18]:3f777778,B[11, 21]:3f0f5c29,C[11, 21]:410947af
A[11, 19]:3eaaaaab,B[11, 21]:3ef5c28f,C[11, 21]:410d1eb9
A[11, 20]:3f333334,B[11, 21]:3ecccccc,C[11, 21]:4113d70b
A[11, 21]:3d888889,B[11, 21]:3ea3d70a,C[11, 21]:41145a1d
A[11, 22]:3edddddf,B[11, 21]:3e75c28f,C[11, 21]:4116d917
A[11, 23]:3f4cccce,B[11, 21]:3e23d70a,C[11, 21]:4119eb86
A[11, 24]:3e2aaaab,B[11, 21]:3da3d70a,C[11, 21]:411a3d72
A[11, 25]:3f088889,B[11, 21]:0,C[11, 21]:411a3d72
A[11, 26]:3f666667,B[11, 21]:3f6b851e,C[11, 21]:412e1cad
A[11, 27]:3e888889,B[11, 21]:3f570a3d,C[11, 21]:41337cef
A[11, 28]:3f222223,B[11, 21]:3f428f5c,C[11, 21]:413f0a3f
A[11, 29]:0,B[11, 21]:3f2e147b,C[11, 21]:413f0a3f
A[11, 0]:3ebbbbbc,B[11, 22]:0,C[11, 22]:3e3851ec
A[11, 1]:3f3bbbbc,B[11, 22]:3f75c28f,C[11, 22]:3f9e3540
A[11, 2]:3dccccce,B[11, 22]:3f6b851e,C[11, 22]:3fafdf3c
A[11, 3]:3eeeeef0,B[11, 22]:3f6147ae,C[11, 22]:3ffeb853
A[11, 4]:3f555556,B[11, 22]:3f570a3d,C[11, 22]:40428f5c
A[11, 5]:3e4cccce,B[11, 22]:3f4ccccc,C[11, 22]:4051eb85
A[11, 6]:3f111112,B[11, 22]:3f428f5c,C[11, 22]:407b4396
A[11, 7]:3f6eeef0,B[11, 22]:3f3851eb,C[11, 22]:409de354
A[11, 8]:3e99999a,B[11, 22]:3f2e147b,C[11, 22]:40a7ae15
A[11, 9]:3f2aaaab,B[11, 22]:3f23d70a,C[11, 22]:40bc28f6
A[11, 10]:3d088889,B[11, 22]:3f199999,C[11, 22]:40bd1eb9
A[11, 11]:3eccccce,B[11, 22]:3f0f5c29,C[11, 22]:40c7df3c
A[11, 12]:3f444445,B[11, 22]:3f051eb8,C[11, 22]:40db020d
A[11, 13]:3e088889,B[11, 22]:3ef5c28f,C[11, 22]:40de147c
A[11, 14]:3f000000,B[11, 22]:3ee147ae,C[11, 22]:40e8a3d8
A[11, 15]:3f5ddddf,B[11, 22]:3ecccccc,C[11, 22]:40f947af
A[11, 16]:3e6eeef0,B[11, 22]:3eb851eb,C[11, 22]:40fd4fe0
A[11, 17]:3f19999a,B[11, 22]:3ea3d70a,C[11, 22]:41034396
A[11, 18]:3f777778,B[11, 22]:3e8f5c29,C[11, 22]:4109c290
A[11, 19]:3eaaaaab,B[11, 22]:3e75c28f,C[11, 22]:410bae15
A[11, 20]:3f333334,B[11, 22]:3e4ccccc,C[11, 22]:410f0a3e
A[11, 21]:3d888889,B[11, 22]:3e23d70a,C[11, 22]:410f4bc7
A[11, 22]:3edddddf,B[11, 22]:3df5c28f,C[11, 22]:41108b44
A[11, 23]:3f4cccce,B[11, 22]:3da3d70a,C[11, 22]:4112147b
A[11, 24]:3e2aaaab,B[11, 22]:3d23d70a,C[11, 22]:41123d71
A[11, 25]:3f088889,B[11, 22]:0,C[11, 22]:41123d71
A[11, 26]:3f666667,B[11, 22]:3f75c28f,C[11, 22]:4126f9dc
A[11, 27]:3e888889,B[11, 22]:3f6b851e,C[11, 22]:412cdd30
A[11, 28]:3f222223,B[11, 22]:3f6147ae,C[11, 22]:413a3d72
A[11, 29]:0,B[11, 22]:3f570a3d,C[11, 22]:413a3d72
A[11, 0]:3ebbbbbc,B[11, 23]:0,C[11, 23]:3f570a3e
A[11, 1]:3f3bbbbc,B[11, 23]:0,C[11, 23]:3f570a3e
A[11, 2]:3dccccce,B[11, 23]:0,C[11, 23]:3f570a3e
A[11, 3]:3eeeeef0,B[11, 23]:0,C[11, 23]:3f570a3e
A[11, 4]:3f555556,B[11, 23]:0,C[11, 23]:3f570a3e
A[11, 5]:3e4cccce,B[11, 23]:0,C[11, 23]:3f570a3e
A[11, 6]:3f111112,B[11, 23]:0,C[11, 23]:3f570a3e
A[11, 7]:3f6eeef0,B[11, 23]:0,C[11, 23]:3f570a3e
A[11, 8]:3e99999a,B[11, 23]:0,C[11, 23]:3f570a3e
A[11, 9]:3f2aaaab,B[11, 23]:0,C[11, 23]:3f570a3e
A[11, 10]:3d088889,B[11, 23]:0,C[11, 23]:3f570a3e
A[11, 11]:3eccccce,B[11, 23]:0,C[11, 23]:3f570a3e
A[11, 12]:3f444445,B[11, 23]:0,C[11, 23]:3f570a3e
A[11, 13]:3e088889,B[11, 23]:0,C[11, 23]:3f570a3e
A[11, 14]:3f000000,B[11, 23]:0,C[11, 23]:3f570a3e
A[11, 15]:3f5ddddf,B[11, 23]:0,C[11, 23]:3f570a3e
A[11, 16]:3e6eeef0,B[11, 23]:0,C[11, 23]:3f570a3e
A[11, 17]:3f19999a,B[11, 23]:0,C[11, 23]:3f570a3e
A[11, 18]:3f777778,B[11, 23]:0,C[11, 23]:3f570a3e
A[11, 19]:3eaaaaab,B[11, 23]:0,C[11, 23]:3f570a3e
A[11, 20]:3f333334,B[11, 23]:0,C[11, 23]:3f570a3e
A[11, 21]:3d888889,B[11, 23]:0,C[11, 23]:3f570a3e
A[11, 22]:3edddddf,B[11, 23]:0,C[11, 23]:3f570a3e
A[11, 23]:3f4cccce,B[11, 23]:0,C[11, 23]:3f570a3e
A[11, 24]:3e2aaaab,B[11, 23]:0,C[11, 23]:3f570a3e
A[11, 25]:3f088889,B[11, 23]:0,C[11, 23]:3f570a3e
A[11, 26]:3f666667,B[11, 23]:0,C[11, 23]:3f570a3e
A[11, 27]:3e888889,B[11, 23]:0,C[11, 23]:3f570a3e
A[11, 28]:3f222223,B[11, 23]:0,C[11, 23]:3f570a3e
A[11, 29]:0,B[11, 23]:0,C[11, 23]:3f570a3e
A[11, 0]:3ebbbbbc,B[11, 24]:0,C[11, 24]:3e99999a
A[11, 1]:3f3bbbbc,B[11, 24]:3d23d70a,C[11, 24]:3eb020c5
A[11, 2]:3dccccce,B[11, 24]:3da3d70a,C[11, 24]:3eb645a2
A[11, 3]:3eeeeef0,B[11, 24]:3df5c28f,C[11, 24]:3ee147ae
A[11, 4]:3f555556,B[11, 24]:3e23d70a,C[11, 24]:3f23d70a
A[11, 5]:3e4cccce,B[11, 24]:3e4ccccc,C[11, 24]:3f333333
A[11, 6]:3f111112,B[11, 24]:3e75c28f,C[11, 24]:3f676c8b
A[11, 7]:3f6eeef0,B[11, 24]:3e8f5c29,C[11, 24]:3fa5e354
A[11, 8]:3e99999a,B[11, 24]:3ea3d70a,C[11, 24]:3fb851ec
A[11, 9]:3f2aaaab,B[11, 24]:3eb851eb,C[11, 24]:3fe66667
A[11, 10]:3d088889,B[11, 24]:3ecccccc,C[11, 24]:3fe8f5c3
A[11, 11]:3eccccce,B[11, 24]:3ee147ae,C[11, 24]:40056042
A[11, 12]:3f444445,B[11, 24]:3ef5c28f,C[11, 24]:4028b43a
A[11, 13]:3e088889,B[11, 24]:3f051eb8,C[11, 24]:402f5c2a
A[11, 14]:3f000000,B[11, 24]:3f0f5c29,C[11, 24]:404a3d72
A[11, 15]:3f5ddddf,B[11, 24]:3f199999,C[11, 24]:407c28f7
A[11, 16]:3e6eeef0,B[11, 24]:3f23d70a,C[11, 24]:40853f7e
A[11, 17]:3f19999a,B[11, 24]:3f2e147b,C[11, 24]:4098d4ff
A[11, 18]:3f777778,B[11, 24]:3f3851eb,C[11, 24]:40ba3d72
A[11, 19]:3eaaaaab,B[11, 24]:3f428f5c,C[11, 24]:40c66668
A[11, 20]:3f333334,B[11, 24]:3f4ccccc,C[11, 24]:40e147b0
A[11, 21]:3d888889,B[11, 24]:3f570a3d,C[11, 24]:40e3f7d1
A[11, 22]:3edddddf,B[11, 24]:3f6147ae,C[11, 24]:40f645a4
A[11, 23]:3f4cccce,B[11, 24]:3f6b851e,C[11, 24]:410cccce
A[11, 24]:3e2aaaab,B[11, 24]:3f75c28f,C[11, 24]:4110a3d8
A[11, 25]:3f088889,B[11, 24]:0,C[11, 24]:4110a3d8
A[11, 26]:3f666667,B[11, 24]:3d23d70a,C[11, 24]:41118107
A[11, 27]:3e888889,B[11, 24]:3da3d70a,C[11, 24]:41120419
A[11, 28]:3f222223,B[11, 24]:3df5c28f,C[11, 24]:4113d70b
A[11, 29]:0,B[11, 24]:3e23d70a,C[11, 24]:4113d70b

done computing: 11, print C
C[11, 0]:4113d709,C[11, 1]:411f0a3d,C[11, 2]:41223d71,C[11, 3]:4118a3d6,C[11, 4]:412f0a3e,C[11, 5]:412570a4,C[11, 6]:413570a3,C[11, 7]:4114a3d8,C[11, 8]:4113d708,C[11, 9]:41263d72,C[11, 10]:412ca3d9,C[11, 11]:41263d70,C[11, 12]:412ca3d8,C[11, 13]:4113d70a,C[11, 14]:415170a5,C[11, 15]:411d70a4,C[11, 16]:4140a3d8,C[11, 17]:4123d70c,C[11, 18]:41223d70,C[11, 19]:4130a3d8,C[11, 20]:4133d708,C[11, 21]:413f0a3f,C[11, 22]:413a3d72,C[11, 23]:3f570a3e,C[11, 24]:4113d70b,

//========================

Init I: 12
C[12, 0]:3d4ccccd->3d75c290,C[12, 1]:3f266667->3f47ae16,C[12, 2]:3e800000->3e99999a,C[12, 3]:3f59999a->3f828f5d,C[12, 4]:3ee66667->3f0a3d71,C[12, 5]:3d4ccccd->3d75c290,C[12, 6]:3f266667->3f47ae16,C[12, 7]:3e800000->3e99999a,C[12, 8]:3f59999a->3f828f5d,C[12, 9]:3ee66667->3f0a3d71,C[12, 10]:3d4ccccd->3d75c290,C[12, 11]:3f266667->3f47ae16,C[12, 12]:3e800000->3e99999a,C[12, 13]:3f59999a->3f828f5d,C[12, 14]:3ee66667->3f0a3d71,C[12, 15]:3d4ccccd->3d75c290,C[12, 16]:3f266667->3f47ae16,C[12, 17]:3e800000->3e99999a,C[12, 18]:3f59999a->3f828f5d,C[12, 19]:3ee66667->3f0a3d71,C[12, 20]:3d4ccccd->3d75c290,C[12, 21]:3f266667->3f47ae16,C[12, 22]:3e800000->3e99999a,C[12, 23]:3f59999a->3f828f5d,C[12, 24]:3ee66667->3f0a3d71,
Start computing: 12
A[12, 0]:3eccccce,B[12, 0]:0,C[12, 0]:3d75c290
A[12, 1]:3f4cccce,B[12, 0]:3da3d70a,C[12, 0]:3e1fbe77
A[12, 2]:3e4cccce,B[12, 0]:3e23d70a,C[12, 0]:3e50e560
A[12, 3]:3f19999a,B[12, 0]:3e75c28f,C[12, 0]:3ed70a3e
A[12, 4]:0,B[12, 0]:3ea3d70a,C[12, 0]:3ed70a3e
A[12, 5]:3eccccce,B[12, 0]:3ecccccc,C[12, 0]:3f28f5c3
A[12, 6]:3f4cccce,B[12, 0]:3ef5c28f,C[12, 0]:3f9e3540
A[12, 7]:3e4cccce,B[12, 0]:3f0f5c29,C[12, 0]:3fb3b646
A[12, 8]:3f19999a,B[12, 0]:3f23d70a,C[12, 0]:3ffd70a4
A[12, 9]:0,B[12, 0]:3f3851eb,C[12, 0]:3ffd70a4
A[12, 10]:3eccccce,B[12, 0]:3f4ccccc,C[12, 0]:401d70a4
A[12, 11]:3f4cccce,B[12, 0]:3f6147ae,C[12, 0]:40610625
A[12, 12]:3e4cccce,B[12, 0]:3f75c28f,C[12, 0]:407374bd
A[12, 13]:3f19999a,B[12, 0]:3d23d70a,C[12, 0]:4075c290
A[12, 14]:0,B[12, 0]:3df5c28f,C[12, 0]:4075c290
A[12, 15]:3eccccce,B[12, 0]:3e4ccccc,C[12, 0]:407d70a4
A[12, 16]:3f4cccce,B[12, 0]:3e8f5c29,C[12, 0]:408978d5
A[12, 17]:3e4cccce,B[12, 0]:3eb851eb,C[12, 0]:408ced91
A[12, 18]:3f19999a,B[12, 0]:3ee147ae,C[12, 0]:40999999
A[12, 19]:0,B[12, 0]:3f051eb8,C[12, 0]:40999999
A[12, 20]:3eccccce,B[12, 0]:3f199999,C[12, 0]:40a51eb8
A[12, 21]:3f4cccce,B[12, 0]:3f2e147b,C[12, 0]:40bf3b64
A[12, 22]:3e4cccce,B[12, 0]:3f428f5c,C[12, 0]:40c6872b
A[12, 23]:3f19999a,B[12, 0]:3f570a3d,C[12, 0]:40deb852
A[12, 24]:0,B[12, 0]:3f6b851e,C[12, 0]:40deb852
A[12, 25]:3eccccce,B[12, 0]:0,C[12, 0]:40deb852
A[12, 26]:3f4cccce,B[12, 0]:3da3d70a,C[12, 0]:40e1cac1
A[12, 27]:3e4cccce,B[12, 0]:3e23d70a,C[12, 0]:40e353f8
A[12, 28]:3f19999a,B[12, 0]:3e75c28f,C[12, 0]:40ea3d71
A[12, 29]:0,B[12, 0]:3ea3d70a,C[12, 0]:40ea3d71
A[12, 0]:3eccccce,B[12, 1]:0,C[12, 1]:3f47ae16
A[12, 1]:3f4cccce,B[12, 1]:3df5c28f,C[12, 1]:3f6c8b45
A[12, 2]:3e4cccce,B[12, 1]:3e75c28f,C[12, 1]:3f7ef9dd
A[12, 3]:3f19999a,B[12, 1]:3eb851eb,C[12, 1]:3fa8f5c4
A[12, 4]:0,B[12, 1]:3ef5c28f,C[12, 1]:3fa8f5c4
A[12, 5]:3eccccce,B[12, 1]:3f199999,C[12, 1]:3fd70a3f
A[12, 6]:3f4cccce,B[12, 1]:3f3851eb,C[12, 1]:4022d0e6
A[12, 7]:3e4cccce,B[12, 1]:3f570a3d,C[12, 1]:4032f1ab
A[12, 8]:3f19999a,B[12, 1]:3f75c28f,C[12, 1]:406a3d72
A[12, 9]:0,B[12, 1]:3da3d70a,C[12, 1]:406a3d72
A[12, 10]:3eccccce,B[12, 1]:3e4ccccc,C[12, 1]:4071eb86
A[12, 11]:3f4cccce,B[12, 1]:3ea3d70a,C[12, 1]:40853f7d
A[12, 12]:3e4cccce,B[12, 1]:3ee147ae,C[12, 1]:408978d5
A[12, 13]:3f19999a,B[12, 1]:3f0f5c29,C[12, 1]:4099999a
A[12, 14]:0,B[12, 1]:3f2e147b,C[12, 1]:4099999a
A[12, 15]:3eccccce,B[12, 1]:3f4ccccc,C[12, 1]:40a8f5c3
A[12, 16]:3f4cccce,B[12, 1]:3f6b851e,C[12, 1]:40cc49bb
A[12, 17]:3e4cccce,B[12, 1]:3d23d70a,C[12, 1]:40ccac09
A[12, 18]:3f19999a,B[12, 1]:3e23d70a,C[12, 1]:40d147af
A[12, 19]:0,B[12, 1]:3e8f5c29,C[12, 1]:40d147af
A[12, 20]:3eccccce,B[12, 1]:3ecccccc,C[12, 1]:40d8f5c3
A[12, 21]:3f4cccce,B[12, 1]:3f051eb8,C[12, 1]:40eced92
A[12, 22]:3e4cccce,B[12, 1]:3f23d70a,C[12, 1]:40f3126f
A[12, 23]:3f19999a,B[12, 1]:3f428f5c,C[12, 1]:41047ae2
A[12, 24]:0,B[12, 1]:3f6147ae,C[12, 1]:41047ae2
A[12, 25]:3eccccce,B[12, 1]:0,C[12, 1]:41047ae2
A[12, 26]:3f4cccce,B[12, 1]:3df5c28f,C[12, 1]:4106c8b5
A[12, 27]:3e4cccce,B[12, 1]:3e75c28f,C[12, 1]:4107ef9e
A[12, 28]:3f19999a,B[12, 1]:3eb851eb,C[12, 1]:410d1eb9
A[12, 29]:0,B[12, 1]:3ef5c28f,C[12, 1]:410d1eb9
A[12, 0]:3eccccce,B[12, 2]:0,C[12, 2]:3e99999a
A[12, 1]:3f4cccce,B[12, 2]:3e23d70a,C[12, 2]:3efbe76d
A[12, 2]:3e4cccce,B[12, 2]:3ea3d70a,C[12, 2]:3f16872b
A[12, 3]:3f19999a,B[12, 2]:3ef5c28f,C[12, 2]:3f828f5c
A[12, 4]:0,B[12, 2]:3f23d70a,C[12, 2]:3f828f5c
A[12, 5]:3eccccce,B[12, 2]:3f4ccccc,C[12, 2]:3fc00000
A[12, 6]:3f4cccce,B[12, 2]:3f75c28f,C[12, 2]:4029ba5e
A[12, 7]:3e4cccce,B[12, 2]:3df5c28f,C[12, 2]:402c0831
A[12, 8]:3f19999a,B[12, 2]:3e8f5c29,C[12, 2]:403c28f6
A[12, 9]:0,B[12, 2]:3ee147ae,C[12, 2]:403c28f6
A[12, 10]:3eccccce,B[12, 2]:3f199999,C[12, 2]:40533333
A[12, 11]:3f4cccce,B[12, 2]:3f428f5c,C[12, 2]:4086c8b4
A[12, 12]:3e4cccce,B[12, 2]:3f6b851e,C[12, 2]:408f9db2
A[12, 13]:3f19999a,B[12, 2]:3da3d70a,C[12, 2]:4091eb85
A[12, 14]:0,B[12, 2]:3e75c28f,C[12, 2]:4091eb85
A[12, 15]:3eccccce,B[12, 2]:3ecccccc,C[12, 2]:40999999
A[12, 16]:3f4cccce,B[12, 2]:3f0f5c29,C[12, 2]:40af1a9f
A[12, 17]:3e4cccce,B[12, 2]:3f3851eb,C[12, 2]:40b60418
A[12, 18]:3f19999a,B[12, 2]:3f6147ae,C[12, 2]:40cf5c28
A[12, 19]:0,B[12, 2]:3d23d70a,C[12, 2]:40cf5c28
A[12, 20]:3eccccce,B[12, 2]:3e4ccccc,C[12, 2]:40d33332
A[12, 21]:3f4cccce,B[12, 2]:3eb851eb,C[12, 2]:40e10624
A[12, 22]:3e4cccce,B[12, 2]:3f051eb8,C[12, 2]:40e60418
A[12, 23]:3f19999a,B[12, 2]:3f2e147b,C[12, 2]:40f99999
A[12, 24]:0,B[12, 2]:3f570a3d,C[12, 2]:40f99999
A[12, 25]:3eccccce,B[12, 2]:0,C[12, 2]:40f99999
A[12, 26]:3f4cccce,B[12, 2]:3e23d70a,C[12, 2]:40ffbe76
A[12, 27]:3e4cccce,B[12, 2]:3ea3d70a,C[12, 2]:41016872
A[12, 28]:3f19999a,B[12, 2]:3ef5c28f,C[12, 2]:410851eb
A[12, 29]:0,B[12, 2]:3f23d70a,C[12, 2]:410851eb
A[12, 0]:3eccccce,B[12, 3]:0,C[12, 3]:3f828f5d
A[12, 1]:3f4cccce,B[12, 3]:3e4ccccc,C[12, 3]:3fa147af
A[12, 2]:3e4cccce,B[12, 3]:3ecccccc,C[12, 3]:3fb0a3d8
A[12, 3]:3f19999a,B[12, 3]:3f199999,C[12, 3]:3ff5c290
A[12, 4]:0,B[12, 3]:3f4ccccc,C[12, 3]:3ff5c290
A[12, 5]:3eccccce,B[12, 3]:0,C[12, 3]:3ff5c290
A[12, 6]:3f4cccce,B[12, 3]:3e4ccccc,C[12, 3]:400a3d71
A[12, 7]:3e4cccce,B[12, 3]:3ecccccc,C[12, 3]:4011eb85
A[12, 8]:3f19999a,B[12, 3]:3f199999,C[12, 3]:40347ae1
A[12, 9]:0,B[12, 3]:3f4ccccc,C[12, 3]:40347ae1
A[12, 10]:3eccccce,B[12, 3]:0,C[12, 3]:40347ae1
A[12, 11]:3f4cccce,B[12, 3]:3e4ccccc,C[12, 3]:4043d70a
A[12, 12]:3e4cccce,B[12, 3]:3ecccccc,C[12, 3]:404b851e
A[12, 13]:3f19999a,B[12, 3]:3f199999,C[12, 3]:406e147a
A[12, 14]:0,B[12, 3]:3f4ccccc,C[12, 3]:406e147a
A[12, 15]:3eccccce,B[12, 3]:0,C[12, 3]:406e147a
A[12, 16]:3f4cccce,B[12, 3]:3e4ccccc,C[12, 3]:407d70a3
A[12, 17]:3e4cccce,B[12, 3]:3ecccccc,C[12, 3]:40828f5c
A[12, 18]:3f19999a,B[12, 3]:3f199999,C[12, 3]:4093d70a
A[12, 19]:0,B[12, 3]:3f4ccccc,C[12, 3]:4093d70a
A[12, 20]:3eccccce,B[12, 3]:0,C[12, 3]:4093d70a
A[12, 21]:3f4cccce,B[12, 3]:3e4ccccc,C[12, 3]:409b851e
A[12, 22]:3e4cccce,B[12, 3]:3ecccccc,C[12, 3]:409f5c28
A[12, 23]:3f19999a,B[12, 3]:3f199999,C[12, 3]:40b0a3d6
A[12, 24]:0,B[12, 3]:3f4ccccc,C[12, 3]:40b0a3d6
A[12, 25]:3eccccce,B[12, 3]:0,C[12, 3]:40b0a3d6
A[12, 26]:3f4cccce,B[12, 3]:3e4ccccc,C[12, 3]:40b851ea
A[12, 27]:3e4cccce,B[12, 3]:3ecccccc,C[12, 3]:40bc28f4
A[12, 28]:3f19999a,B[12, 3]:3f199999,C[12, 3]:40cd70a2
A[12, 29]:0,B[12, 3]:3f4ccccc,C[12, 3]:40cd70a2
A[12, 0]:3eccccce,B[12, 4]:0,C[12, 4]:3f0a3d71
A[12, 1]:3f4cccce,B[12, 4]:3e75c28f,C[12, 4]:3f53f7d0
A[12, 2]:3e4cccce,B[12, 4]:3ef5c28f,C[12, 4]:3f78d4ff
A[12, 3]:3f19999a,B[12, 4]:3f3851eb,C[12, 4]:3fcf5c2a
A[12, 4]:0,B[12, 4]:3f75c28f,C[12, 4]:3fcf5c2a
A[12, 5]:3eccccce,B[12, 4]:3e4ccccc,C[12, 4]:3fdeb853
A[12, 6]:3f4cccce,B[12, 4]:3ee147ae,C[12, 4]:401126ea
A[12, 7]:3e4cccce,B[12, 4]:3f2e147b,C[12, 4]:401e3540
A[12, 8]:3f19999a,B[12, 4]:3f6b851e,C[12, 4]:40533334
A[12, 9]:0,B[12, 4]:3e23d70a,C[12, 4]:40533334
A[12, 10]:3eccccce,B[12, 4]:3ecccccc,C[12, 4]:40628f5d
A[12, 11]:3f4cccce,B[12, 4]:3f23d70a,C[12, 4]:4089db23
A[12, 12]:3e4cccce,B[12, 4]:3f6147ae,C[12, 4]:40924dd3
A[12, 13]:3f19999a,B[12, 4]:3df5c28f,C[12, 4]:4095c28f
A[12, 14]:0,B[12, 4]:3eb851eb,C[12, 4]:4095c28f
A[12, 15]:3eccccce,B[12, 4]:3f199999,C[12, 4]:40a147ae
A[12, 16]:3f4cccce,B[12, 4]:3f570a3d,C[12, 4]:40c18937
A[12, 17]:3e4cccce,B[12, 4]:3da3d70a,C[12, 4]:40c24dd3
A[12, 18]:3f19999a,B[12, 4]:3ea3d70a,C[12, 4]:40cb851f
A[12, 19]:0,B[12, 4]:3f0f5c29,C[12, 4]:40cb851f
A[12, 20]:3eccccce,B[12, 4]:3f4ccccc,C[12, 4]:40dae148
A[12, 21]:3f4cccce,B[12, 4]:3d23d70a,C[12, 4]:40dc6a7f
A[12, 22]:3e4cccce,B[12, 4]:3e8f5c29,C[12, 4]:40df1aa0
A[12, 23]:3f19999a,B[12, 4]:3f051eb8,C[12, 4]:40ee147b
A[12, 24]:0,B[12, 4]:3f428f5c,C[12, 4]:40ee147b
A[12, 25]:3eccccce,B[12, 4]:0,C[12, 4]:40ee147b
A[12, 26]:3f4cccce,B[12, 4]:3e75c28f,C[12, 4]:40f74bc7
A[12, 27]:3e4cccce,B[12, 4]:3ef5c28f,C[12, 4]:40fbe76d
A[12, 28]:3f19999a,B[12, 4]:3f3851eb,C[12, 4]:410851ec
A[12, 29]:0,B[12, 4]:3f75c28f,C[12, 4]:410851ec
A[12, 0]:3eccccce,B[12, 5]:0,C[12, 5]:3d75c290
A[12, 1]:3f4cccce,B[12, 5]:3e8f5c29,C[12, 5]:3ecac084
A[12, 2]:3e4cccce,B[12, 5]:3f0f5c29,C[12, 5]:3f10624e
A[12, 3]:3f19999a,B[12, 5]:3f570a3d,C[12, 5]:3fa8f5c2
A[12, 4]:0,B[12, 5]:3df5c28f,C[12, 5]:3fa8f5c2
A[12, 5]:3eccccce,B[12, 5]:3ecccccc,C[12, 5]:3fc7ae14
A[12, 6]:3f4cccce,B[12, 5]:3f2e147b,C[12, 5]:40181062
A[12, 7]:3e4cccce,B[12, 5]:3f75c28f,C[12, 5]:402a7efa
A[12, 8]:3f19999a,B[12, 5]:3e75c28f,C[12, 5]:403851ec
A[12, 9]:0,B[12, 5]:3f051eb8,C[12, 5]:403851ec
A[12, 10]:3eccccce,B[12, 5]:3f4ccccc,C[12, 5]:40570a3e
A[12, 11]:3f4cccce,B[12, 5]:3da3d70a,C[12, 5]:405d2f1b
A[12, 12]:3e4cccce,B[12, 5]:3eb851eb,C[12, 5]:40641894
A[12, 13]:3f19999a,B[12, 5]:3f23d70a,C[12, 5]:40847ae2
A[12, 14]:0,B[12, 5]:3f6b851e,C[12, 5]:40847ae2
A[12, 15]:3eccccce,B[12, 5]:3e4ccccc,C[12, 5]:408851ec
A[12, 16]:3f4cccce,B[12, 5]:3ef5c28f,C[12, 5]:409ac084
A[12, 17]:3e4cccce,B[12, 5]:3f428f5c,C[12, 5]:40a20c4b
A[12, 18]:3f19999a,B[12, 5]:3d23d70a,C[12, 5]:40a33334
A[12, 19]:0,B[12, 5]:3ea3d70a,C[12, 5]:40a33334
A[12, 20]:3eccccce,B[12, 5]:3f199999,C[12, 5]:40aeb853
A[12, 21]:3f4cccce,B[12, 5]:3f6147ae,C[12, 5]:40d08314
A[12, 22]:3e4cccce,B[12, 5]:3e23d70a,C[12, 5]:40d20c4b
A[12, 23]:3f19999a,B[12, 5]:3ee147ae,C[12, 5]:40deb853
A[12, 24]:0,B[12, 5]:3f3851eb,C[12, 5]:40deb853
A[12, 25]:3eccccce,B[12, 5]:0,C[12, 5]:40deb853
A[12, 26]:3f4cccce,B[12, 5]:3e8f5c29,C[12, 5]:40e978d6
A[12, 27]:3e4cccce,B[12, 5]:3f0f5c29,C[12, 5]:40eed918
A[12, 28]:3f19999a,B[12, 5]:3f570a3d,C[12, 5]:4103851f
A[12, 29]:0,B[12, 5]:3df5c28f,C[12, 5]:4103851f
A[12, 0]:3eccccce,B[12, 6]:0,C[12, 6]:3f47ae16
A[12, 1]:3f4cccce,B[12, 6]:3ea3d70a,C[12, 6]:3f94fdf4
A[12, 2]:3e4cccce,B[12, 6]:3f23d70a,C[12, 6]:3fad9169
A[12, 3]:3f19999a,B[12, 6]:3f75c28f,C[12, 6]:400e147b
A[12, 4]:0,B[12, 6]:3e8f5c29,C[12, 6]:400e147b
A[12, 5]:3eccccce,B[12, 6]:3f199999,C[12, 6]:40251eb8
A[12, 6]:3f4cccce,B[12, 6]:3f6b851e,C[12, 6]:406bc6a8
A[12, 7]:3e4cccce,B[12, 6]:3e75c28f,C[12, 6]:4070624e
A[12, 8]:3f19999a,B[12, 6]:3f0f5c29,C[12, 6]:408851ec
A[12, 9]:0,B[12, 6]:3f6147ae,C[12, 6]:408851ec
A[12, 10]:3eccccce,B[12, 6]:3e4ccccc,C[12, 6]:408c28f6
A[12, 11]:3f4cccce,B[12, 6]:3f051eb8,C[12, 6]:40a020c5
A[12, 12]:3e4cccce,B[12, 6]:3f570a3d,C[12, 6]:40a83127
A[12, 13]:3f19999a,B[12, 6]:3e23d70a,C[12, 6]:40accccd
A[12, 14]:0,B[12, 6]:3ef5c28f,C[12, 6]:40accccd
A[12, 15]:3eccccce,B[12, 6]:3f4ccccc,C[12, 6]:40bc28f6
A[12, 16]:3f4cccce,B[12, 6]:3df5c28f,C[12, 6]:40c0c49c
A[12, 17]:3e4cccce,B[12, 6]:3ee147ae,C[12, 6]:40c4fdf4
A[12, 18]:3f19999a,B[12, 6]:3f428f5c,C[12, 6]:40dae148
A[12, 19]:0,B[12, 6]:3da3d70a,C[12, 6]:40dae148
A[12, 20]:3eccccce,B[12, 6]:3ecccccc,C[12, 6]:40e28f5c
A[12, 21]:3f4cccce,B[12, 6]:3f3851eb,C[12, 6]:40fe353f
A[12, 22]:3e4cccce,B[12, 6]:3d23d70a,C[12, 6]:40fe978d
A[12, 23]:3f19999a,B[12, 6]:3eb851eb,C[12, 6]:41047ae1
A[12, 24]:0,B[12, 6]:3f2e147b,C[12, 6]:41047ae1
A[12, 25]:3eccccce,B[12, 6]:0,C[12, 6]:41047ae1
A[12, 26]:3f4cccce,B[12, 6]:3ea3d70a,C[12, 6]:410a9fbe
A[12, 27]:3e4cccce,B[12, 6]:3f23d70a,C[12, 6]:410db22d
A[12, 28]:3f19999a,B[12, 6]:3f75c28f,C[12, 6]:411b851f
A[12, 29]:0,B[12, 6]:3e8f5c29,C[12, 6]:411b851f
A[12, 0]:3eccccce,B[12, 7]:0,C[12, 7]:3e99999a
A[12, 1]:3f4cccce,B[12, 7]:3eb851eb,C[12, 7]:3f3b645a
A[12, 2]:3e4cccce,B[12, 7]:3f3851eb,C[12, 7]:3f72b021
A[12, 3]:3f19999a,B[12, 7]:3da3d70a,C[12, 7]:3f828f5c
A[12, 4]:0,B[12, 7]:3ee147ae,C[12, 7]:3f828f5c
A[12, 5]:3eccccce,B[12, 7]:3f4ccccc,C[12, 7]:3fc00000
A[12, 6]:3f4cccce,B[12, 7]:3e23d70a,C[12, 7]:3fd89375
A[12, 7]:3e4cccce,B[12, 7]:3f051eb8,C[12, 7]:3fec8b44
A[12, 8]:3f19999a,B[12, 7]:3f6147ae,C[12, 7]:4028f5c3
A[12, 9]:0,B[12, 7]:3e75c28f,C[12, 7]:4028f5c3
A[12, 10]:3eccccce,B[12, 7]:3f199999,C[12, 7]:40400000
A[12, 11]:3f4cccce,B[12, 7]:3f75c28f,C[12, 7]:4084dd2f
A[12, 12]:3e4cccce,B[12, 7]:3ea3d70a,C[12, 7]:4087ef9e
A[12, 13]:3f19999a,B[12, 7]:3f2e147b,C[12, 7]:409b851f
A[12, 14]:0,B[12, 7]:3d23d70a,C[12, 7]:409b851f
A[12, 15]:3eccccce,B[12, 7]:3ecccccc,C[12, 7]:40a33333
A[12, 16]:3f4cccce,B[12, 7]:3f428f5c,C[12, 7]:40c0624e
A[12, 17]:3e4cccce,B[12, 7]:3df5c28f,C[12, 7]:40c18937
A[12, 18]:3f19999a,B[12, 7]:3ef5c28f,C[12, 7]:40cf5c29
A[12, 19]:0,B[12, 7]:3f570a3d,C[12, 7]:40cf5c29
A[12, 20]:3eccccce,B[12, 7]:3e4ccccc,C[12, 7]:40d33333
A[12, 21]:3f4cccce,B[12, 7]:3f0f5c29,C[12, 7]:40e8b439
A[12, 22]:3e4cccce,B[12, 7]:3f6b851e,C[12, 7]:40f18937
A[12, 23]:3f19999a,B[12, 7]:3e8f5c29,C[12, 7]:40f99999
A[12, 24]:0,B[12, 7]:3f23d70a,C[12, 7]:40f99999
A[12, 25]:3eccccce,B[12, 7]:0,C[12, 7]:40f99999
A[12, 26]:3f4cccce,B[12, 7]:3eb851eb,C[12, 7]:4103b645
A[12, 27]:3e4cccce,B[12, 7]:3f3851eb,C[12, 7]:41072b01
A[12, 28]:3f19999a,B[12, 7]:3da3d70a,C[12, 7]:410851ea
A[12, 29]:0,B[12, 7]:3ee147ae,C[12, 7]:410851ea
A[12, 0]:3eccccce,B[12, 8]:0,C[12, 8]:3f828f5d
A[12, 1]:3f4cccce,B[12, 8]:3ecccccc,C[12, 8]:3fc00001
A[12, 2]:3e4cccce,B[12, 8]:3f4ccccc,C[12, 8]:3fdeb853
A[12, 3]:3f19999a,B[12, 8]:3e4ccccc,C[12, 8]:3ff5c290
A[12, 4]:0,B[12, 8]:3f199999,C[12, 8]:3ff5c290
A[12, 5]:3eccccce,B[12, 8]:0,C[12, 8]:3ff5c290
A[12, 6]:3f4cccce,B[12, 8]:3ecccccc,C[12, 8]:4019999a
A[12, 7]:3e4cccce,B[12, 8]:3f4ccccc,C[12, 8]:4028f5c3
A[12, 8]:3f19999a,B[12, 8]:3e4ccccc,C[12, 8]:40347ae2
A[12, 9]:0,B[12, 8]:3f199999,C[12, 8]:40347ae2
A[12, 10]:3eccccce,B[12, 8]:0,C[12, 8]:40347ae2
A[12, 11]:3f4cccce,B[12, 8]:3ecccccc,C[12, 8]:40533334
A[12, 12]:3e4cccce,B[12, 8]:3f4ccccc,C[12, 8]:40628f5d
A[12, 13]:3f19999a,B[12, 8]:3e4ccccc,C[12, 8]:406e147c
A[12, 14]:0,B[12, 8]:3f199999,C[12, 8]:406e147c
A[12, 15]:3eccccce,B[12, 8]:0,C[12, 8]:406e147c
A[12, 16]:3f4cccce,B[12, 8]:3ecccccc,C[12, 8]:40866667
A[12, 17]:3e4cccce,B[12, 8]:3f4ccccc,C[12, 8]:408e147b
A[12, 18]:3f19999a,B[12, 8]:3e4ccccc,C[12, 8]:4093d70a
A[12, 19]:0,B[12, 8]:3f199999,C[12, 8]:4093d70a
A[12, 20]:3eccccce,B[12, 8]:0,C[12, 8]:4093d70a
A[12, 21]:3f4cccce,B[12, 8]:3ecccccc,C[12, 8]:40a33333
A[12, 22]:3e4cccce,B[12, 8]:3f4ccccc,C[12, 8]:40aae147
A[12, 23]:3f19999a,B[12, 8]:3e4ccccc,C[12, 8]:40b0a3d6
A[12, 24]:0,B[12, 8]:3f199999,C[12, 8]:40b0a3d6
A[12, 25]:3eccccce,B[12, 8]:0,C[12, 8]:40b0a3d6
A[12, 26]:3f4cccce,B[12, 8]:3ecccccc,C[12, 8]:40bfffff
A[12, 27]:3e4cccce,B[12, 8]:3f4ccccc,C[12, 8]:40c7ae13
A[12, 28]:3f19999a,B[12, 8]:3e4ccccc,C[12, 8]:40cd70a2
A[12, 29]:0,B[12, 8]:3f199999,C[12, 8]:40cd70a2
A[12, 0]:3eccccce,B[12, 9]:0,C[12, 9]:3f0a3d71
A[12, 1]:3f4cccce,B[12, 9]:3ee147ae,C[12, 9]:3f88b43a
A[12, 2]:3e4cccce,B[12, 9]:3f6147ae,C[12, 9]:3faa7efa
A[12, 3]:3f19999a,B[12, 9]:3ea3d70a,C[12, 9]:3fcf5c29
A[12, 4]:0,B[12, 9]:3f428f5c,C[12, 9]:3fcf5c29
A[12, 5]:3eccccce,B[12, 9]:3e4ccccc,C[12, 9]:3fdeb852
A[12, 6]:3f4cccce,B[12, 9]:3f23d70a,C[12, 9]:40208312
A[12, 7]:3e4cccce,B[12, 9]:3da3d70a,C[12, 9]:40220c49
A[12, 8]:3f19999a,B[12, 9]:3f051eb8,C[12, 9]:403fffff
A[12, 9]:0,B[12, 9]:3f75c28f,C[12, 9]:403fffff
A[12, 10]:3eccccce,B[12, 9]:3ecccccc,C[12, 9]:404f5c28
A[12, 11]:3f4cccce,B[12, 9]:3f570a3d,C[12, 9]:4087ef9d
A[12, 12]:3e4cccce,B[12, 9]:3e8f5c29,C[12, 9]:408a9fbe
A[12, 13]:3f19999a,B[12, 9]:3f3851eb,C[12, 9]:409f5c28
A[12, 14]:0,B[12, 9]:3e23d70a,C[12, 9]:409f5c28
A[12, 15]:3eccccce,B[12, 9]:3f199999,C[12, 9]:40aae147
A[12, 16]:3f4cccce,B[12, 9]:3d23d70a,C[12, 9]:40ac6a7e
A[12, 17]:3e4cccce,B[12, 9]:3ef5c28f,C[12, 9]:40b10624
A[12, 18]:3f19999a,B[12, 9]:3f6b851e,C[12, 9]:40cb851e
A[12, 19]:0,B[12, 9]:3eb851eb,C[12, 9]:40cb851e
A[12, 20]:3eccccce,B[12, 9]:3f4ccccc,C[12, 9]:40dae147
A[12, 21]:3f4cccce,B[12, 9]:3e75c28f,C[12, 9]:40e41893
A[12, 22]:3e4cccce,B[12, 9]:3f2e147b,C[12, 9]:40ea9fbe
A[12, 23]:3f19999a,B[12, 9]:3df5c28f,C[12, 9]:40ee147a
A[12, 24]:0,B[12, 9]:3f0f5c29,C[12, 9]:40ee147a
A[12, 25]:3eccccce,B[12, 9]:0,C[12, 9]:40ee147a
A[12, 26]:3f4cccce,B[12, 9]:3ee147ae,C[12, 9]:40fef9da
A[12, 27]:3e4cccce,B[12, 9]:3f6147ae,C[12, 9]:4103b645
A[12, 28]:3f19999a,B[12, 9]:3ea3d70a,C[12, 9]:410851eb
A[12, 29]:0,B[12, 9]:3f428f5c,C[12, 9]:410851eb
A[12, 0]:3eccccce,B[12, 10]:0,C[12, 10]:3d75c290
A[12, 1]:3f4cccce,B[12, 10]:3ef5c28f,C[12, 10]:3f22d0e6
A[12, 2]:3e4cccce,B[12, 10]:3f75c28f,C[12, 10]:3f6c8b44
A[12, 3]:3f19999a,B[12, 10]:3ee147ae,C[12, 10]:3fa8f5c3
A[12, 4]:0,B[12, 10]:3f6b851e,C[12, 10]:3fa8f5c3
A[12, 5]:3eccccce,B[12, 10]:3ecccccc,C[12, 10]:3fc7ae15
A[12, 6]:3f4cccce,B[12, 10]:3f6147ae,C[12, 10]:40276c8c
A[12, 7]:3e4cccce,B[12, 10]:3eb851eb,C[12, 10]:402e5605
A[12, 8]:3f19999a,B[12, 10]:3f570a3d,C[12, 10]:405eb853
A[12, 9]:0,B[12, 10]:3ea3d70a,C[12, 10]:405eb853
A[12, 10]:3eccccce,B[12, 10]:3f4ccccc,C[12, 10]:407d70a5
A[12, 11]:3f4cccce,B[12, 10]:3e8f5c29,C[12, 10]:408978d6
A[12, 12]:3e4cccce,B[12, 10]:3f428f5c,C[12, 10]:4090c49d
A[12, 13]:3f19999a,B[12, 10]:3e75c28f,C[12, 10]:4097ae16
A[12, 14]:0,B[12, 10]:3f3851eb,C[12, 10]:4097ae16
A[12, 15]:3eccccce,B[12, 10]:3e4ccccc,C[12, 10]:409b8520
A[12, 16]:3f4cccce,B[12, 10]:3f2e147b,C[12, 10]:40b5a1cc
A[12, 17]:3e4cccce,B[12, 10]:3e23d70a,C[12, 10]:40b72b03
A[12, 18]:3f19999a,B[12, 10]:3f23d70a,C[12, 10]:40c9999b
A[12, 19]:0,B[12, 10]:3df5c28f,C[12, 10]:40c9999b
A[12, 20]:3eccccce,B[12, 10]:3f199999,C[12, 10]:40d51eba
A[12, 21]:3f4cccce,B[12, 10]:3da3d70a,C[12, 10]:40d83129
A[12, 22]:3e4cccce,B[12, 10]:3f0f5c29,C[12, 10]:40dd916b
A[12, 23]:3f19999a,B[12, 10]:3d23d70a,C[12, 10]:40deb854
A[12, 24]:0,B[12, 10]:3f051eb8,C[12, 10]:40deb854
A[12, 25]:3eccccce,B[12, 10]:0,C[12, 10]:40deb854
A[12, 26]:3f4cccce,B[12, 10]:3ef5c28f,C[12, 10]:40f126ec
A[12, 27]:3e4cccce,B[12, 10]:3f75c28f,C[12, 10]:40fa5e38
A[12, 28]:3f19999a,B[12, 10]:3ee147ae,C[12, 10]:41038520
A[12, 29]:0,B[12, 10]:3f6b851e,C[12, 10]:41038520
A[12, 0]:3eccccce,B[12, 11]:0,C[12, 11]:3f47ae16
A[12, 1]:3f4cccce,B[12, 11]:3f051eb8,C[12, 11]:3fb3b646
A[12, 2]:3e4cccce,B[12, 11]:3d23d70a,C[12, 11]:3fb53f7d
A[12, 3]:3f19999a,B[12, 11]:3f0f5c29,C[12, 11]:3ff5c290
A[12, 4]:0,B[12, 11]:3da3d70a,C[12, 11]:3ff5c290
A[12, 5]:3eccccce,B[12, 11]:3f199999,C[12, 11]:4011eb85
A[12, 6]:3f4cccce,B[12, 11]:3df5c28f,C[12, 11]:401b22d1
A[12, 7]:3e4cccce,B[12, 11]:3f23d70a,C[12, 11]:40276c8b
A[12, 8]:3f19999a,B[12, 11]:3e23d70a,C[12, 11]:4030a3d7
A[12, 9]:0,B[12, 11]:3f2e147b,C[12, 11]:4030a3d7
A[12, 10]:3eccccce,B[12, 11]:3e4ccccc,C[12, 11]:403851eb
A[12, 11]:3f4cccce,B[12, 11]:3f3851eb,C[12, 11]:406f9db2
A[12, 12]:3e4cccce,B[12, 11]:3e75c28f,C[12, 11]:40743958
A[12, 13]:3f19999a,B[12, 11]:3f428f5c,C[12, 11]:40900000
A[12, 14]:0,B[12, 11]:3e8f5c29,C[12, 11]:40900000
A[12, 15]:3eccccce,B[12, 11]:3f4ccccc,C[12, 11]:409f5c29
A[12, 16]:3f4cccce,B[12, 11]:3ea3d70a,C[12, 11]:40aba5e3
A[12, 17]:3e4cccce,B[12, 11]:3f570a3d,C[12, 11]:40b3b645
A[12, 18]:3f19999a,B[12, 11]:3eb851eb,C[12, 11]:40be147a
A[12, 19]:0,B[12, 11]:3f6147ae,C[12, 11]:40be147a
A[12, 20]:3eccccce,B[12, 11]:3ecccccc,C[12, 11]:40c5c28e
A[12, 21]:3f4cccce,B[12, 11]:3f6b851e,C[12, 11]:40e91686
A[12, 22]:3e4cccce,B[12, 11]:3ee147ae,C[12, 11]:40ed4fde
A[12, 23]:3f19999a,B[12, 11]:3f75c28f,C[12, 11]:41047ae1
A[12, 24]:0,B[12, 11]:3ef5c28f,C[12, 11]:41047ae1
A[12, 25]:3eccccce,B[12, 11]:0,C[12, 11]:41047ae1
A[12, 26]:3f4cccce,B[12, 11]:3f051eb8,C[12, 11]:410e76c8
A[12, 27]:3e4cccce,B[12, 11]:3d23d70a,C[12, 11]:410ea7ef
A[12, 28]:3f19999a,B[12, 11]:3f0f5c29,C[12, 11]:4116b851
A[12, 29]:0,B[12, 11]:3da3d70a,C[12, 11]:4116b851
A[12, 0]:3eccccce,B[12, 12]:0,C[12, 12]:3e99999a
A[12, 1]:3f4cccce,B[12, 12]:3f0f5c29,C[12, 12]:3f78d4ff
A[12, 2]:3e4cccce,B[12, 12]:3df5c28f,C[12, 12]:3f810625
A[12, 3]:3f19999a,B[12, 12]:3f2e147b,C[12, 12]:3fcf5c2a
A[12, 4]:0,B[12, 12]:3e75c28f,C[12, 12]:3fcf5c2a
A[12, 5]:3eccccce,B[12, 12]:3f4ccccc,C[12, 12]:40066667
A[12, 6]:3f4cccce,B[12, 12]:3eb851eb,C[12, 12]:40220c4a
A[12, 7]:3e4cccce,B[12, 12]:3f6b851e,C[12, 12]:4033b646
A[12, 8]:3f19999a,B[12, 12]:3ef5c28f,C[12, 12]:404f5c29
A[12, 9]:0,B[12, 12]:3d23d70a,C[12, 12]:404f5c29
A[12, 10]:3eccccce,B[12, 12]:3f199999,C[12, 12]:40666666
A[12, 11]:3f4cccce,B[12, 12]:3e23d70a,C[12, 12]:4072b020
A[12, 12]:3e4cccce,B[12, 12]:3f3851eb,C[12, 12]:40804189
A[12, 13]:3f19999a,B[12, 12]:3e8f5c29,C[12, 12]:408851eb
A[12, 14]:0,B[12, 12]:3f570a3d,C[12, 12]:408851eb
A[12, 15]:3eccccce,B[12, 12]:3ecccccc,C[12, 12]:408fffff
A[12, 16]:3f4cccce,B[12, 12]:3f75c28f,C[12, 12]:40b4dd2e
A[12, 17]:3e4cccce,B[12, 12]:3f051eb8,C[12, 12]:40b9db22
A[12, 18]:3f19999a,B[12, 12]:3da3d70a,C[12, 12]:40bc28f5
A[12, 19]:0,B[12, 12]:3f23d70a,C[12, 12]:40bc28f5
A[12, 20]:3eccccce,B[12, 12]:3e4ccccc,C[12, 12]:40bfffff
A[12, 21]:3f4cccce,B[12, 12]:3f428f5c,C[12, 12]:40dd2f1a
A[12, 22]:3e4cccce,B[12, 12]:3ea3d70a,C[12, 12]:40e04189
A[12, 23]:3f19999a,B[12, 12]:3f6147ae,C[12, 12]:40f9999a
A[12, 24]:0,B[12, 12]:3ee147ae,C[12, 12]:40f9999a
A[12, 25]:3eccccce,B[12, 12]:0,C[12, 12]:40f9999a
A[12, 26]:3f4cccce,B[12, 12]:3f0f5c29,C[12, 12]:41078d50
A[12, 27]:3e4cccce,B[12, 12]:3df5c28f,C[12, 12]:410820c5
A[12, 28]:3f19999a,B[12, 12]:3f2e147b,C[12, 12]:4111eb86
A[12, 29]:0,B[12, 12]:3e75c28f,C[12, 12]:4111eb86
A[12, 0]:3eccccce,B[12, 13]:0,C[12, 13]:3f828f5d
A[12, 1]:3f4cccce,B[12, 13]:3f199999,C[12, 13]:3fdeb852
A[12, 2]:3e4cccce,B[12, 13]:3e4ccccc,C[12, 13]:3fe66666
A[12, 3]:3f19999a,B[12, 13]:3f4ccccc,C[12, 13]:402147ae
A[12, 4]:0,B[12, 13]:3ecccccc,C[12, 13]:402147ae
A[12, 5]:3eccccce,B[12, 13]:0,C[12, 13]:402147ae
A[12, 6]:3f4cccce,B[12, 13]:3f199999,C[12, 13]:404f5c29
A[12, 7]:3e4cccce,B[12, 13]:3e4ccccc,C[12, 13]:40533333
A[12, 8]:3f19999a,B[12, 13]:3f4ccccc,C[12, 13]:4080a3d7
A[12, 9]:0,B[12, 13]:3ecccccc,C[12, 13]:4080a3d7
A[12, 10]:3eccccce,B[12, 13]:0,C[12, 13]:4080a3d7
A[12, 11]:3f4cccce,B[12, 13]:3f199999,C[12, 13]:4097ae14
A[12, 12]:3e4cccce,B[12, 13]:3e4ccccc,C[12, 13]:40999999
A[12, 13]:3f19999a,B[12, 13]:3f4ccccc,C[12, 13]:40b0a3d6
A[12, 14]:0,B[12, 13]:3ecccccc,C[12, 13]:40b0a3d6
A[12, 15]:3eccccce,B[12, 13]:0,C[12, 13]:40b0a3d6
A[12, 16]:3f4cccce,B[12, 13]:3f199999,C[12, 13]:40c7ae13
A[12, 17]:3e4cccce,B[12, 13]:3e4ccccc,C[12, 13]:40c99998
A[12, 18]:3f19999a,B[12, 13]:3f4ccccc,C[12, 13]:40e0a3d5
A[12, 19]:0,B[12, 13]:3ecccccc,C[12, 13]:40e0a3d5
A[12, 20]:3eccccce,B[12, 13]:0,C[12, 13]:40e0a3d5
A[12, 21]:3f4cccce,B[12, 13]:3f199999,C[12, 13]:40f7ae12
A[12, 22]:3e4cccce,B[12, 13]:3e4ccccc,C[12, 13]:40f99997
A[12, 23]:3f19999a,B[12, 13]:3f4ccccc,C[12, 13]:410851ea
A[12, 24]:0,B[12, 13]:3ecccccc,C[12, 13]:410851ea
A[12, 25]:3eccccce,B[12, 13]:0,C[12, 13]:410851ea
A[12, 26]:3f4cccce,B[12, 13]:3f199999,C[12, 13]:4113d709
A[12, 27]:3e4cccce,B[12, 13]:3e4ccccc,C[12, 13]:4114cccc
A[12, 28]:3f19999a,B[12, 13]:3f4ccccc,C[12, 13]:412051eb
A[12, 29]:0,B[12, 13]:3ecccccc,C[12, 13]:412051eb
A[12, 0]:3eccccce,B[12, 14]:0,C[12, 14]:3f0a3d71
A[12, 1]:3f4cccce,B[12, 14]:3f23d70a,C[12, 14]:3fa76c8c
A[12, 2]:3e4cccce,B[12, 14]:3e8f5c29,C[12, 14]:3fb22d0f
A[12, 3]:3f19999a,B[12, 14]:3f6b851e,C[12, 14]:400e147b
A[12, 4]:0,B[12, 14]:3f0f5c29,C[12, 14]:400e147b
A[12, 5]:3eccccce,B[12, 14]:3e4ccccc,C[12, 14]:4015c28f
A[12, 6]:3f4cccce,B[12, 14]:3f570a3d,C[12, 14]:405645a2
A[12, 7]:3e4cccce,B[12, 14]:3ef5c28f,C[12, 14]:405f7cee
A[12, 8]:3f19999a,B[12, 14]:3df5c28f,C[12, 14]:40666667
A[12, 9]:0,B[12, 14]:3f428f5c,C[12, 14]:40666667
A[12, 10]:3eccccce,B[12, 14]:3ecccccc,C[12, 14]:4075c290
A[12, 11]:3f4cccce,B[12, 14]:3d23d70a,C[12, 14]:4078d4ff
A[12, 12]:3e4cccce,B[12, 14]:3f2e147b,C[12, 14]:4082f1ab
A[12, 13]:3f19999a,B[12, 14]:3ea3d70a,C[12, 14]:408c28f7
A[12, 14]:0,B[12, 14]:3f75c28f,C[12, 14]:408c28f7
A[12, 15]:3eccccce,B[12, 14]:3f199999,C[12, 14]:4097ae16
A[12, 16]:3f4cccce,B[12, 14]:3e75c28f,C[12, 14]:40a0e562
A[12, 17]:3e4cccce,B[12, 14]:3f6147ae,C[12, 14]:40a95812
A[12, 18]:3f19999a,B[12, 14]:3f051eb8,C[12, 14]:40b851ed
A[12, 19]:0,B[12, 14]:3e23d70a,C[12, 14]:40b851ed
A[12, 20]:3eccccce,B[12, 14]:3f4ccccc,C[12, 14]:40c7ae16
A[12, 21]:3f4cccce,B[12, 14]:3ee147ae,C[12, 14]:40d89376
A[12, 22]:3e4cccce,B[12, 14]:3da3d70a,C[12, 14]:40d95812
A[12, 23]:3f19999a,B[12, 14]:3f3851eb,C[12, 14]:40ee147c
A[12, 24]:0,B[12, 14]:3eb851eb,C[12, 14]:40ee147c
A[12, 25]:3eccccce,B[12, 14]:0,C[12, 14]:40ee147c
A[12, 26]:3f4cccce,B[12, 14]:3f23d70a,C[12, 14]:410353f8
A[12, 27]:3e4cccce,B[12, 14]:3e8f5c29,C[12, 14]:4104ac08
A[12, 28]:3f19999a,B[12, 14]:3f6b851e,C[12, 14]:4111eb85
A[12, 29]:0,B[12, 14]:3f0f5c29,C[12, 14]:4111eb85
A[12, 0]:3eccccce,B[12, 15]:0,C[12, 15]:3d75c290
A[12, 1]:3f4cccce,B[12, 15]:3f2e147b,C[12, 15]:3f60418a
A[12, 2]:3e4cccce,B[12, 15]:3eb851eb,C[12, 15]:3f7be76d
A[12, 3]:3f19999a,B[12, 15]:3d23d70a,C[12, 15]:3f828f5c
A[12, 4]:0,B[12, 15]:3f3851eb,C[12, 15]:3f828f5c
A[12, 5]:3eccccce,B[12, 15]:3ecccccc,C[12, 15]:3fa147ae
A[12, 6]:3f4cccce,B[12, 15]:3da3d70a,C[12, 15]:3fad9168
A[12, 7]:3e4cccce,B[12, 15]:3f428f5c,C[12, 15]:3fcac083
A[12, 8]:3f19999a,B[12, 15]:3ee147ae,C[12, 15]:3ffd70a4
A[12, 9]:0,B[12, 15]:3df5c28f,C[12, 15]:3ffd70a4
A[12, 10]:3eccccce,B[12, 15]:3f4ccccc,C[12, 15]:401d70a4
A[12, 11]:3f4cccce,B[12, 15]:3ef5c28f,C[12, 15]:40424dd3
A[12, 12]:3e4cccce,B[12, 15]:3e23d70a,C[12, 15]:40456042
A[12, 13]:3f19999a,B[12, 15]:3f570a3d,C[12, 15]:4075c290
A[12, 14]:0,B[12, 15]:3f051eb8,C[12, 15]:4075c290
A[12, 15]:3eccccce,B[12, 15]:3e4ccccc,C[12, 15]:407d70a4
A[12, 16]:3f4cccce,B[12, 15]:3f6147ae,C[12, 15]:40a08312
A[12, 17]:3e4cccce,B[12, 15]:3f0f5c29,C[12, 15]:40a5e354
A[12, 18]:3f19999a,B[12, 15]:3e75c28f,C[12, 15]:40accccd
A[12, 19]:0,B[12, 15]:3f6b851e,C[12, 15]:40accccd
A[12, 20]:3eccccce,B[12, 15]:3f199999,C[12, 15]:40b851ec
A[12, 21]:3f4cccce,B[12, 15]:3e8f5c29,C[12, 15]:40c3126f
A[12, 22]:3e4cccce,B[12, 15]:3f75c28f,C[12, 15]:40cc49bb
A[12, 23]:3f19999a,B[12, 15]:3f23d70a,C[12, 15]:40deb853
A[12, 24]:0,B[12, 15]:3ea3d70a,C[12, 15]:40deb853
A[12, 25]:3eccccce,B[12, 15]:0,C[12, 15]:40deb853
A[12, 26]:3f4cccce,B[12, 15]:3f2e147b,C[12, 15]:40f8d4ff
A[12, 27]:3e4cccce,B[12, 15]:3eb851eb,C[12, 15]:40fc49bb
A[12, 28]:3f19999a,B[12, 15]:3d23d70a,C[12, 15]:40fd70a4
A[12, 29]:0,B[12, 15]:3f3851eb,C[12, 15]:40fd70a4
A[12, 0]:3eccccce,B[12, 16]:0,C[12, 16]:3f47ae16
A[12, 1]:3f4cccce,B[12, 16]:3f3851eb,C[12, 16]:3fd26e98
A[12, 2]:3e4cccce,B[12, 16]:3ee147ae,C[12, 16]:3fe353f8
A[12, 3]:3f19999a,B[12, 16]:3e23d70a,C[12, 16]:3ff5c290
A[12, 4]:0,B[12, 16]:3f6147ae,C[12, 16]:3ff5c290
A[12, 5]:3eccccce,B[12, 16]:3f199999,C[12, 16]:4011eb85
A[12, 6]:3f4cccce,B[12, 16]:3ea3d70a,C[12, 16]:402a7efa
A[12, 7]:3e4cccce,B[12, 16]:3d23d70a,C[12, 16]:402b4396
A[12, 8]:3f19999a,B[12, 16]:3f428f5c,C[12, 16]:40570a3e
A[12, 9]:0,B[12, 16]:3ef5c28f,C[12, 16]:40570a3e
A[12, 10]:3eccccce,B[12, 16]:3e4ccccc,C[12, 16]:405eb852
A[12, 11]:3f4cccce,B[12, 16]:3f6b851e,C[12, 16]:4092b021
A[12, 12]:3e4cccce,B[12, 16]:3f23d70a,C[12, 16]:4098d4fe
A[12, 13]:3f19999a,B[12, 16]:3eb851eb,C[12, 16]:40a33333
A[12, 14]:0,B[12, 16]:3da3d70a,C[12, 16]:40a33333
A[12, 15]:3eccccce,B[12, 16]:3f4ccccc,C[12, 16]:40b28f5c
A[12, 16]:3f4cccce,B[12, 16]:3f051eb8,C[12, 16]:40c6872b
A[12, 17]:3e4cccce,B[12, 16]:3e75c28f,C[12, 16]:40c8d4fe
A[12, 18]:3f19999a,B[12, 16]:3f75c28f,C[12, 16]:40e47ae1
A[12, 19]:0,B[12, 16]:3f2e147b,C[12, 16]:40e47ae1
A[12, 20]:3eccccce,B[12, 16]:3ecccccc,C[12, 16]:40ec28f5
A[12, 21]:3f4cccce,B[12, 16]:3df5c28f,C[12, 16]:40f0c49b
A[12, 22]:3e4cccce,B[12, 16]:3f570a3d,C[12, 16]:40f8d4fd
A[12, 23]:3f19999a,B[12, 16]:3f0f5c29,C[12, 16]:41047ae1
A[12, 24]:0,B[12, 16]:3e8f5c29,C[12, 16]:41047ae1
A[12, 25]:3eccccce,B[12, 16]:0,C[12, 16]:41047ae1
A[12, 26]:3f4cccce,B[12, 16]:3f3851eb,C[12, 16]:41124dd3
A[12, 27]:3e4cccce,B[12, 16]:3ee147ae,C[12, 16]:41146a7f
A[12, 28]:3f19999a,B[12, 16]:3e23d70a,C[12, 16]:4116b852
A[12, 29]:0,B[12, 16]:3f6147ae,C[12, 16]:4116b852
A[12, 0]:3eccccce,B[12, 17]:0,C[12, 17]:3e99999a
A[12, 1]:3f4cccce,B[12, 17]:3f428f5c,C[12, 17]:3f9b22d1
A[12, 2]:3e4cccce,B[12, 17]:3f051eb8,C[12, 17]:3faf1aa0
A[12, 3]:3f19999a,B[12, 17]:3e8f5c29,C[12, 17]:3fcf5c29
A[12, 4]:0,B[12, 17]:3d23d70a,C[12, 17]:3fcf5c29
A[12, 5]:3eccccce,B[12, 17]:3f4ccccc,C[12, 17]:40066666
A[12, 6]:3f4cccce,B[12, 17]:3f0f5c29,C[12, 17]:40316872
A[12, 7]:3e4cccce,B[12, 17]:3ea3d70a,C[12, 17]:40378d4f
A[12, 8]:3f19999a,B[12, 17]:3da3d70a,C[12, 17]:403c28f5
A[12, 9]:0,B[12, 17]:3f570a3d,C[12, 17]:403c28f5
A[12, 10]:3eccccce,B[12, 17]:3f199999,C[12, 17]:40533332
A[12, 11]:3f4cccce,B[12, 17]:3eb851eb,C[12, 17]:406ed915
A[12, 12]:3e4cccce,B[12, 17]:3df5c28f,C[12, 17]:407126e8
A[12, 13]:3f19999a,B[12, 17]:3f6147ae,C[12, 17]:4091eb84
A[12, 14]:0,B[12, 17]:3f23d70a,C[12, 17]:4091eb84
A[12, 15]:3eccccce,B[12, 17]:3ecccccc,C[12, 17]:40999998
A[12, 16]:3f4cccce,B[12, 17]:3e23d70a,C[12, 17]:409fbe75
A[12, 17]:3e4cccce,B[12, 17]:3f6b851e,C[12, 17]:40a89373
A[12, 18]:3f19999a,B[12, 17]:3f2e147b,C[12, 17]:40bc28f4
A[12, 19]:0,B[12, 17]:3ee147ae,C[12, 17]:40bc28f4
A[12, 20]:3eccccce,B[12, 17]:3e4ccccc,C[12, 17]:40bffffe
A[12, 21]:3f4cccce,B[12, 17]:3f75c28f,C[12, 17]:40e4dd2d
A[12, 22]:3e4cccce,B[12, 17]:3f3851eb,C[12, 17]:40ebc6a6
A[12, 23]:3f19999a,B[12, 17]:3ef5c28f,C[12, 17]:40f99998
A[12, 24]:0,B[12, 17]:3e75c28f,C[12, 17]:40f99998
A[12, 25]:3eccccce,B[12, 17]:0,C[12, 17]:40f99998
A[12, 26]:3f4cccce,B[12, 17]:3f428f5c,C[12, 17]:410b6459
A[12, 27]:3e4cccce,B[12, 17]:3f051eb8,C[12, 17]:410de353
A[12, 28]:3f19999a,B[12, 17]:3e8f5c29,C[12, 17]:4111eb84
A[12, 29]:0,B[12, 17]:3d23d70a,C[12, 17]:4111eb84
A[12, 0]:3eccccce,B[12, 18]:0,C[12, 18]:3f828f5d
A[12, 1]:3f4cccce,B[12, 18]:3f4ccccc,C[12, 18]:3ffd70a4
A[12, 2]:3e4cccce,B[12, 18]:3f199999,C[12, 18]:400a3d71
A[12, 3]:3f19999a,B[12, 18]:3ecccccc,C[12, 18]:402147ae
A[12, 4]:0,B[12, 18]:3e4ccccc,C[12, 18]:402147ae
A[12, 5]:3eccccce,B[12, 18]:0,C[12, 18]:402147ae
A[12, 6]:3f4cccce,B[12, 18]:3f4ccccc,C[12, 18]:405eb852
A[12, 7]:3e4cccce,B[12, 18]:3f199999,C[12, 18]:406a3d71
A[12, 8]:3f19999a,B[12, 18]:3ecccccc,C[12, 18]:4080a3d7
A[12, 9]:0,B[12, 18]:3e4ccccc,C[12, 18]:4080a3d7
A[12, 10]:3eccccce,B[12, 18]:0,C[12, 18]:4080a3d7
A[12, 11]:3f4cccce,B[12, 18]:3f4ccccc,C[12, 18]:409f5c29
A[12, 12]:3e4cccce,B[12, 18]:3f199999,C[12, 18]:40a51eb8
A[12, 13]:3f19999a,B[12, 18]:3ecccccc,C[12, 18]:40b0a3d7
A[12, 14]:0,B[12, 18]:3e4ccccc,C[12, 18]:40b0a3d7
A[12, 15]:3eccccce,B[12, 18]:0,C[12, 18]:40b0a3d7
A[12, 16]:3f4cccce,B[12, 18]:3f4ccccc,C[12, 18]:40cf5c29
A[12, 17]:3e4cccce,B[12, 18]:3f199999,C[12, 18]:40d51eb8
A[12, 18]:3f19999a,B[12, 18]:3ecccccc,C[12, 18]:40e0a3d7
A[12, 19]:0,B[12, 18]:3e4ccccc,C[12, 18]:40e0a3d7
A[12, 20]:3eccccce,B[12, 18]:0,C[12, 18]:40e0a3d7
A[12, 21]:3f4cccce,B[12, 18]:3f4ccccc,C[12, 18]:40ff5c29
A[12, 22]:3e4cccce,B[12, 18]:3f199999,C[12, 18]:41028f5c
A[12, 23]:3f19999a,B[12, 18]:3ecccccc,C[12, 18]:410851eb
A[12, 24]:0,B[12, 18]:3e4ccccc,C[12, 18]:410851eb
A[12, 25]:3eccccce,B[12, 18]:0,C[12, 18]:410851eb
A[12, 26]:3f4cccce,B[12, 18]:3f4ccccc,C[12, 18]:4117ae14
A[12, 27]:3e4cccce,B[12, 18]:3f199999,C[12, 18]:411a8f5c
A[12, 28]:3f19999a,B[12, 18]:3ecccccc,C[12, 18]:412051eb
A[12, 29]:0,B[12, 18]:3e4ccccc,C[12, 18]:412051eb
A[12, 0]:3eccccce,B[12, 19]:0,C[12, 19]:3f0a3d71
A[12, 1]:3f4cccce,B[12, 19]:3f570a3d,C[12, 19]:3fc624de
A[12, 2]:3e4cccce,B[12, 19]:3f2e147b,C[12, 19]:3fe0418a
A[12, 3]:3f19999a,B[12, 19]:3f051eb8,C[12, 19]:400e147b
A[12, 4]:0,B[12, 19]:3eb851eb,C[12, 19]:400e147b
A[12, 5]:3eccccce,B[12, 19]:3e4ccccc,C[12, 19]:4015c28f
A[12, 6]:3f4cccce,B[12, 19]:3d23d70a,C[12, 19]:4018d4fe
A[12, 7]:3e4cccce,B[12, 19]:3f6147ae,C[12, 19]:4029ba5e
A[12, 8]:3f19999a,B[12, 19]:3f3851eb,C[12, 19]:40533333
A[12, 9]:0,B[12, 19]:3f0f5c29,C[12, 19]:40533333
A[12, 10]:3eccccce,B[12, 19]:3ecccccc,C[12, 19]:40628f5c
A[12, 11]:3f4cccce,B[12, 19]:3e75c28f,C[12, 19]:4074fdf4
A[12, 12]:3e4cccce,B[12, 19]:3da3d70a,C[12, 19]:4076872b
A[12, 13]:3f19999a,B[12, 19]:3f6b851e,C[12, 19]:4095c28f
A[12, 14]:0,B[12, 19]:3f428f5c,C[12, 19]:4095c28f
A[12, 15]:3eccccce,B[12, 19]:3f199999,C[12, 19]:40a147ae
A[12, 16]:3f4cccce,B[12, 19]:3ee147ae,C[12, 19]:40b22d0e
A[12, 17]:3e4cccce,B[12, 19]:3e8f5c29,C[12, 19]:40b4dd2f
A[12, 18]:3f19999a,B[12, 19]:3df5c28f,C[12, 19]:40b851eb
A[12, 19]:0,B[12, 19]:3f75c28f,C[12, 19]:40b851eb
A[12, 20]:3eccccce,B[12, 19]:3f4ccccc,C[12, 19]:40c7ae14
A[12, 21]:3f4cccce,B[12, 19]:3f23d70a,C[12, 19]:40e04189
A[12, 22]:3e4cccce,B[12, 19]:3ef5c28f,C[12, 19]:40e4dd2f
A[12, 23]:3f19999a,B[12, 19]:3ea3d70a,C[12, 19]:40ee147b
A[12, 24]:0,B[12, 19]:3e23d70a,C[12, 19]:40ee147b
A[12, 25]:3eccccce,B[12, 19]:0,C[12, 19]:40ee147b
A[12, 26]:3f4cccce,B[12, 19]:3f570a3d,C[12, 19]:41072b02
A[12, 27]:3e4cccce,B[12, 19]:3f2e147b,C[12, 19]:410a6e98
A[12, 28]:3f19999a,B[12, 19]:3f051eb8,C[12, 19]:4111eb86
A[12, 29]:0,B[12, 19]:3eb851eb,C[12, 19]:4111eb86
A[12, 0]:3eccccce,B[12, 20]:0,C[12, 20]:3d75c290
A[12, 1]:3f4cccce,B[12, 20]:3f6147ae,C[12, 20]:3f8ed916
A[12, 2]:3e4cccce,B[12, 20]:3f428f5c,C[12, 20]:3fac0831
A[12, 3]:3f19999a,B[12, 20]:3f23d70a,C[12, 20]:3ff5c290
A[12, 4]:0,B[12, 20]:3f051eb8,C[12, 20]:3ff5c290
A[12, 5]:3eccccce,B[12, 20]:3ecccccc,C[12, 20]:400a3d71
A[12, 6]:3f4cccce,B[12, 20]:3e8f5c29,C[12, 20]:401fbe77
A[12, 7]:3e4cccce,B[12, 20]:3e23d70a,C[12, 20]:4022d0e6
A[12, 8]:3f19999a,B[12, 20]:3d23d70a,C[12, 20]:40251eb9
A[12, 9]:0,B[12, 20]:3f6b851e,C[12, 20]:40251eb9
A[12, 10]:3eccccce,B[12, 20]:3f4ccccc,C[12, 20]:4043d70b
A[12, 11]:3f4cccce,B[12, 20]:3f2e147b,C[12, 20]:40781063
A[12, 12]:3e4cccce,B[12, 20]:3f0f5c29,C[12, 20]:40816873
A[12, 13]:3f19999a,B[12, 20]:3ee147ae,C[12, 20]:408e147b
A[12, 14]:0,B[12, 20]:3ea3d70a,C[12, 20]:408e147b
A[12, 15]:3eccccce,B[12, 20]:3e4ccccc,C[12, 20]:4091eb85
A[12, 16]:3f4cccce,B[12, 20]:3da3d70a,C[12, 20]:4094fdf4
A[12, 17]:3e4cccce,B[12, 20]:3f75c28f,C[12, 20]:409e3540
A[12, 18]:3f19999a,B[12, 20]:3f570a3d,C[12, 20]:40b66667
A[12, 19]:0,B[12, 20]:3f3851eb,C[12, 20]:40b66667
A[12, 20]:3eccccce,B[12, 20]:3f199999,C[12, 20]:40c1eb86
A[12, 21]:3f4cccce,B[12, 20]:3ef5c28f,C[12, 20]:40d45a1e
A[12, 22]:3e4cccce,B[12, 20]:3eb851eb,C[12, 20]:40d7ceda
A[12, 23]:3f19999a,B[12, 20]:3e75c28f,C[12, 20]:40deb853
A[12, 24]:0,B[12, 20]:3df5c28f,C[12, 20]:40deb853
A[12, 25]:3eccccce,B[12, 20]:0,C[12, 20]:40deb853
A[12, 26]:3f4cccce,B[12, 20]:3f6147ae,C[12, 20]:4100418a
A[12, 27]:3e4cccce,B[12, 20]:3f428f5c,C[12, 20]:4103e76d
A[12, 28]:3f19999a,B[12, 20]:3f23d70a,C[12, 20]:410d1eb9
A[12, 29]:0,B[12, 20]:3f051eb8,C[12, 20]:410d1eb9
A[12, 0]:3eccccce,B[12, 21]:0,C[12, 21]:3f47ae16
A[12, 1]:3f4cccce,B[12, 21]:3f6b851e,C[12, 21]:3ff126ea
A[12, 2]:3e4cccce,B[12, 21]:3f570a3d,C[12, 21]:4008b43a
A[12, 3]:3f19999a,B[12, 21]:3f428f5c,C[12, 21]:40347ae2
A[12, 4]:0,B[12, 21]:3f2e147b,C[12, 21]:40347ae2
A[12, 5]:3eccccce,B[12, 21]:3f199999,C[12, 21]:404b851f
A[12, 6]:3f4cccce,B[12, 21]:3f051eb8,C[12, 21]:407374bd
A[12, 7]:3e4cccce,B[12, 21]:3ee147ae,C[12, 21]:407be76d
A[12, 8]:3f19999a,B[12, 21]:3eb851eb,C[12, 21]:408851ec
A[12, 9]:0,B[12, 21]:3e8f5c29,C[12, 21]:408851ec
A[12, 10]:3eccccce,B[12, 21]:3e4ccccc,C[12, 21]:408c28f6
A[12, 11]:3f4cccce,B[12, 21]:3df5c28f,C[12, 21]:4090c49c
A[12, 12]:3e4cccce,B[12, 21]:3d23d70a,C[12, 21]:409126ea
A[12, 13]:3f19999a,B[12, 21]:3f75c28f,C[12, 21]:40accccd
A[12, 14]:0,B[12, 21]:3f6147ae,C[12, 21]:40accccd
A[12, 15]:3eccccce,B[12, 21]:3f4ccccc,C[12, 21]:40bc28f6
A[12, 16]:3f4cccce,B[12, 21]:3f3851eb,C[12, 21]:40d7ced9
A[12, 17]:3e4cccce,B[12, 21]:3f23d70a,C[12, 21]:40ddf3b6
A[12, 18]:3f19999a,B[12, 21]:3f0f5c29,C[12, 21]:40ee147b
A[12, 19]:0,B[12, 21]:3ef5c28f,C[12, 21]:40ee147b
A[12, 20]:3eccccce,B[12, 21]:3ecccccc,C[12, 21]:40f5c28f
A[12, 21]:3f4cccce,B[12, 21]:3ea3d70a,C[12, 21]:41010625
A[12, 22]:3e4cccce,B[12, 21]:3e75c28f,C[12, 21]:41022d0e
A[12, 23]:3f19999a,B[12, 21]:3e23d70a,C[12, 21]:41047ae1
A[12, 24]:0,B[12, 21]:3da3d70a,C[12, 21]:41047ae1
A[12, 25]:3eccccce,B[12, 21]:0,C[12, 21]:41047ae1
A[12, 26]:3f4cccce,B[12, 21]:3f6b851e,C[12, 21]:411624dd
A[12, 27]:3e4cccce,B[12, 21]:3f570a3d,C[12, 21]:411a2d0e
A[12, 28]:3f19999a,B[12, 21]:3f428f5c,C[12, 21]:41251eb8
A[12, 29]:0,B[12, 21]:3f2e147b,C[12, 21]:41251eb8
A[12, 0]:3eccccce,B[12, 22]:0,C[12, 22]:3e99999a
A[12, 1]:3f4cccce,B[12, 22]:3f75c28f,C[12, 22]:3fb9db24
A[12, 2]:3e4cccce,B[12, 22]:3f6b851e,C[12, 22]:3fdd2f1c
A[12, 3]:3f19999a,B[12, 22]:3f6147ae,C[12, 22]:402147af
A[12, 4]:0,B[12, 22]:3f570a3d,C[12, 22]:402147af
A[12, 5]:3eccccce,B[12, 22]:3f4ccccc,C[12, 22]:40400001
A[12, 6]:3f4cccce,B[12, 22]:3f428f5c,C[12, 22]:407a5e36
A[12, 7]:3e4cccce,B[12, 22]:3f3851eb,C[12, 22]:40841894
A[12, 8]:3f19999a,B[12, 22]:3f2e147b,C[12, 22]:4097ae15
A[12, 9]:0,B[12, 22]:3f23d70a,C[12, 22]:4097ae15
A[12, 10]:3eccccce,B[12, 22]:3f199999,C[12, 22]:40a33334
A[12, 11]:3f4cccce,B[12, 22]:3f0f5c29,C[12, 22]:40b8b43a
A[12, 12]:3e4cccce,B[12, 22]:3f051eb8,C[12, 22]:40bdb22e
A[12, 13]:3f19999a,B[12, 22]:3ef5c28f,C[12, 22]:40cb8520
A[12, 14]:0,B[12, 22]:3ee147ae,C[12, 22]:40cb8520
A[12, 15]:3eccccce,B[12, 22]:3ecccccc,C[12, 22]:40d33334
A[12, 16]:3f4cccce,B[12, 22]:3eb851eb,C[12, 22]:40e10626
A[12, 17]:3e4cccce,B[12, 22]:3ea3d70a,C[12, 22]:40e41895
A[12, 18]:3f19999a,B[12, 22]:3e8f5c29,C[12, 22]:40ec28f7
A[12, 19]:0,B[12, 22]:3e75c28f,C[12, 22]:40ec28f7
A[12, 20]:3eccccce,B[12, 22]:3e4ccccc,C[12, 22]:40f00001
A[12, 21]:3f4cccce,B[12, 22]:3e23d70a,C[12, 22]:40f624de
A[12, 22]:3e4cccce,B[12, 22]:3df5c28f,C[12, 22]:40f74bc7
A[12, 23]:3f19999a,B[12, 22]:3da3d70a,C[12, 22]:40f9999a
A[12, 24]:0,B[12, 22]:3d23d70a,C[12, 22]:40f9999a
A[12, 25]:3eccccce,B[12, 22]:0,C[12, 22]:40f9999a
A[12, 26]:3f4cccce,B[12, 22]:3f75c28f,C[12, 22]:410f3b65
A[12, 27]:3e4cccce,B[12, 22]:3f6b851e,C[12, 22]:4113a5e4
A[12, 28]:3f19999a,B[12, 22]:3f6147ae,C[12, 22]:412051ec
A[12, 29]:0,B[12, 22]:3f570a3d,C[12, 22]:412051ec
A[12, 0]:3eccccce,B[12, 23]:0,C[12, 23]:3f828f5d
A[12, 1]:3f4cccce,B[12, 23]:0,C[12, 23]:3f828f5d
A[12, 2]:3e4cccce,B[12, 23]:0,C[12, 23]:3f828f5d
A[12, 3]:3f19999a,B[12, 23]:0,C[12, 23]:3f828f5d
A[12, 4]:0,B[12, 23]:0,C[12, 23]:3f828f5d
A[12, 5]:3eccccce,B[12, 23]:0,C[12, 23]:3f828f5d
A[12, 6]:3f4cccce,B[12, 23]:0,C[12, 23]:3f828f5d
A[12, 7]:3e4cccce,B[12, 23]:0,C[12, 23]:3f828f5d
A[12, 8]:3f19999a,B[12, 23]:0,C[12, 23]:3f828f5d
A[12, 9]:0,B[12, 23]:0,C[12, 23]:3f828f5d
A[12, 10]:3eccccce,B[12, 23]:0,C[12, 23]:3f828f5d
A[12, 11]:3f4cccce,B[12, 23]:0,C[12, 23]:3f828f5d
A[12, 12]:3e4cccce,B[12, 23]:0,C[12, 23]:3f828f5d
A[12, 13]:3f19999a,B[12, 23]:0,C[12, 23]:3f828f5d
A[12, 14]:0,B[12, 23]:0,C[12, 23]:3f828f5d
A[12, 15]:3eccccce,B[12, 23]:0,C[12, 23]:3f828f5d
A[12, 16]:3f4cccce,B[12, 23]:0,C[12, 23]:3f828f5d
A[12, 17]:3e4cccce,B[12, 23]:0,C[12, 23]:3f828f5d
A[12, 18]:3f19999a,B[12, 23]:0,C[12, 23]:3f828f5d
A[12, 19]:0,B[12, 23]:0,C[12, 23]:3f828f5d
A[12, 20]:3eccccce,B[12, 23]:0,C[12, 23]:3f828f5d
A[12, 21]:3f4cccce,B[12, 23]:0,C[12, 23]:3f828f5d
A[12, 22]:3e4cccce,B[12, 23]:0,C[12, 23]:3f828f5d
A[12, 23]:3f19999a,B[12, 23]:0,C[12, 23]:3f828f5d
A[12, 24]:0,B[12, 23]:0,C[12, 23]:3f828f5d
A[12, 25]:3eccccce,B[12, 23]:0,C[12, 23]:3f828f5d
A[12, 26]:3f4cccce,B[12, 23]:0,C[12, 23]:3f828f5d
A[12, 27]:3e4cccce,B[12, 23]:0,C[12, 23]:3f828f5d
A[12, 28]:3f19999a,B[12, 23]:0,C[12, 23]:3f828f5d
A[12, 29]:0,B[12, 23]:0,C[12, 23]:3f828f5d
A[12, 0]:3eccccce,B[12, 24]:0,C[12, 24]:3f0a3d71
A[12, 1]:3f4cccce,B[12, 24]:3d23d70a,C[12, 24]:3f16872b
A[12, 2]:3e4cccce,B[12, 24]:3da3d70a,C[12, 24]:3f1cac08
A[12, 3]:3f19999a,B[12, 24]:3df5c28f,C[12, 24]:3f3851eb
A[12, 4]:0,B[12, 24]:3e23d70a,C[12, 24]:3f3851eb
A[12, 5]:3eccccce,B[12, 24]:3e4ccccc,C[12, 24]:3f570a3d
A[12, 6]:3f4cccce,B[12, 24]:3e75c28f,C[12, 24]:3f90624e
A[12, 7]:3e4cccce,B[12, 24]:3e8f5c29,C[12, 24]:3f9b22d1
A[12, 8]:3f19999a,B[12, 24]:3ea3d70a,C[12, 24]:3fc00000
A[12, 9]:0,B[12, 24]:3eb851eb,C[12, 24]:3fc00000
A[12, 10]:3eccccce,B[12, 24]:3ecccccc,C[12, 24]:3fdeb852
A[12, 11]:3f4cccce,B[12, 24]:3ee147ae,C[12, 24]:401126ea
A[12, 12]:3e4cccce,B[12, 24]:3ef5c28f,C[12, 24]:401a5e36
A[12, 13]:3f19999a,B[12, 24]:3f051eb8,C[12, 24]:403851ec
A[12, 14]:0,B[12, 24]:3f0f5c29,C[12, 24]:403851ec
A[12, 15]:3eccccce,B[12, 24]:3f199999,C[12, 24]:404f5c29
A[12, 16]:3f4cccce,B[12, 24]:3f23d70a,C[12, 24]:40804189
A[12, 17]:3e4cccce,B[12, 24]:3f2e147b,C[12, 24]:4086c8b4
A[12, 18]:3f19999a,B[12, 24]:3f3851eb,C[12, 24]:409b851e
A[12, 19]:0,B[12, 24]:3f428f5c,C[12, 24]:409b851e
A[12, 20]:3eccccce,B[12, 24]:3f4ccccc,C[12, 24]:40aae147
A[12, 21]:3f4cccce,B[12, 24]:3f570a3d,C[12, 24]:40cb22d0
A[12, 22]:3e4cccce,B[12, 24]:3f6147ae,C[12, 24]:40d39580
A[12, 23]:3f19999a,B[12, 24]:3f6b851e,C[12, 24]:40ee147a
A[12, 24]:0,B[12, 24]:3f75c28f,C[12, 24]:40ee147a
A[12, 25]:3eccccce,B[12, 24]:0,C[12, 24]:40ee147a
A[12, 26]:3f4cccce,B[12, 24]:3d23d70a,C[12, 24]:40ef9db1
A[12, 27]:3e4cccce,B[12, 24]:3da3d70a,C[12, 24]:40f0624d
A[12, 28]:3f19999a,B[12, 24]:3df5c28f,C[12, 24]:40f3d709
A[12, 29]:0,B[12, 24]:3e23d70a,C[12, 24]:40f3d709

done computing: 12, print C
C[12, 0]:40ea3d71,C[12, 1]:410d1eb9,C[12, 2]:410851eb,C[12, 3]:40cd70a2,C[12, 4]:410851ec,C[12, 5]:4103851f,C[12, 6]:411b851f,C[12, 7]:410851ea,C[12, 8]:40cd70a2,C[12, 9]:410851eb,C[12, 10]:41038520,C[12, 11]:4116b851,C[12, 12]:4111eb86,C[12, 13]:412051eb,C[12, 14]:4111eb85,C[12, 15]:40fd70a4,C[12, 16]:4116b852,C[12, 17]:4111eb84,C[12, 18]:412051eb,C[12, 19]:4111eb86,C[12, 20]:410d1eb9,C[12, 21]:41251eb8,C[12, 22]:412051ec,C[12, 23]:3f828f5d,C[12, 24]:40f3d709,

//========================

Init I: 13
C[13, 0]:3d4ccccd->3d75c290,C[13, 1]:3f333333->3f570a3e,C[13, 2]:3eb33333->3ed70a3e,C[13, 3]:0->0,C[13, 4]:3f266667->3f47ae16,C[13, 5]:3e99999a->3eb851ec,C[13, 6]:3f733333->3f91eb85,C[13, 7]:3f19999a->3f3851ec,C[13, 8]:3e800000->3e99999a,C[13, 9]:3f666667->3f8a3d71,C[13, 10]:3f0ccccd->3f28f5c3,C[13, 11]:3e4ccccd->3e75c290,C[13, 12]:3f59999a->3f828f5d,C[13, 13]:3f000000->3f19999a,C[13, 14]:3e19999a->3e3851ec,C[13, 15]:3f4ccccd->3f75c290,C[13, 16]:3ee66667->3f0a3d71,C[13, 17]:3dcccccd->3df5c290,C[13, 18]:3f400000->3f666667,C[13, 19]:3ecccccd->3ef5c290,C[13, 20]:3d4ccccd->3d75c290,C[13, 21]:3f333333->3f570a3e,C[13, 22]:3eb33333->3ed70a3e,C[13, 23]:0->0,C[13, 24]:3f266667->3f47ae16,
Start computing: 13
A[13, 0]:3edddddf,B[13, 0]:0,C[13, 0]:3d75c290
A[13, 1]:3f5ddddf,B[13, 0]:3da3d70a,C[13, 0]:3e27ef9e
A[13, 2]:3e99999a,B[13, 0]:3e23d70a,C[13, 0]:3e71a9fc
A[13, 3]:3f3bbbbc,B[13, 0]:3e75c28f,C[13, 0]:3f000000
A[13, 4]:3e2aaaab,B[13, 0]:3ea3d70a,C[13, 0]:3f147ae1
A[13, 5]:3f19999a,B[13, 0]:3ecccccc,C[13, 0]:3f70a3d6
A[13, 6]:3d088889,B[13, 0]:3ef5c28f,C[13, 0]:3f76c8b3
A[13, 7]:3eeeeef0,B[13, 0]:3f0f5c29,C[13, 0]:3fad9168
A[13, 8]:3f666667,B[13, 0]:3f23d70a,C[13, 0]:400e147b
A[13, 9]:3eaaaaab,B[13, 0]:3f3851eb,C[13, 0]:40251eb8
A[13, 10]:3f444445,B[13, 0]:3f4ccccc,C[13, 0]:40600000
A[13, 11]:3e4cccce,B[13, 0]:3f6147ae,C[13, 0]:4070e560
A[13, 12]:3f222223,B[13, 0]:3f75c28f,C[13, 0]:4095a1cb
A[13, 13]:3d888889,B[13, 0]:3d23d70a,C[13, 0]:4095c290
A[13, 14]:3f000000,B[13, 0]:3df5c28f,C[13, 0]:4098a3d8
A[13, 15]:3f6eeef0,B[13, 0]:3e4ccccc,C[13, 0]:40a1999b
A[13, 16]:3ebbbbbc,B[13, 0]:3e8f5c29,C[13, 0]:40a6872c
A[13, 17]:3f4cccce,B[13, 0]:3eb851eb,C[13, 0]:40b45a1e
A[13, 18]:3e6eeef0,B[13, 0]:3ee147ae,C[13, 0]:40b947af
A[13, 19]:3f2aaaab,B[13, 0]:3f051eb8,C[13, 0]:40c9eb86
A[13, 20]:3dccccce,B[13, 0]:3f199999,C[13, 0]:40ccccce
A[13, 21]:3f088889,B[13, 0]:3f2e147b,C[13, 0]:40de3541
A[13, 22]:3f777778,B[13, 0]:3f428f5c,C[13, 0]:4100bc6b
A[13, 23]:3eccccce,B[13, 0]:3f570a3d,C[13, 0]:4108cccd
A[13, 24]:3f555556,B[13, 0]:3f6b851e,C[13, 0]:411b3333
A[13, 25]:3e888889,B[13, 0]:0,C[13, 0]:411b3333
A[13, 26]:3f333334,B[13, 0]:3da3d70a,C[13, 0]:411c8b43
A[13, 27]:3e088889,B[13, 0]:3e23d70a,C[13, 0]:411d0e55
A[13, 28]:3f111112,B[13, 0]:3e75c28f,C[13, 0]:412051eb
A[13, 29]:0,B[13, 0]:3ea3d70a,C[13, 0]:412051eb
A[13, 0]:3edddddf,B[13, 1]:0,C[13, 1]:3f570a3e
A[13, 1]:3f5ddddf,B[13, 1]:3df5c28f,C[13, 1]:3f7ef9dc
A[13, 2]:3e99999a,B[13, 1]:3e75c28f,C[13, 1]:3f8d4fe0
A[13, 3]:3f3bbbbc,B[13, 1]:3eb851eb,C[13, 1]:3fc00001
A[13, 4]:3e2aaaab,B[13, 1]:3ef5c28f,C[13, 1]:3fcf5c2a
A[13, 5]:3f19999a,B[13, 1]:3f199999,C[13, 1]:400a3d71
A[13, 6]:3d088889,B[13, 1]:3f3851eb,C[13, 1]:400c8b44
A[13, 7]:3eeeeef0,B[13, 1]:3f570a3d,C[13, 1]:40322d0f
A[13, 8]:3f666667,B[13, 1]:3f75c28f,C[13, 1]:40828f5c
A[13, 9]:3eaaaaab,B[13, 1]:3da3d70a,C[13, 1]:4083d70a
A[13, 10]:3f444445,B[13, 1]:3e4ccccc,C[13, 1]:408b3333
A[13, 11]:3e4cccce,B[13, 1]:3ea3d70a,C[13, 1]:408e45a2
A[13, 12]:3f222223,B[13, 1]:3ee147ae,C[13, 1]:409ba5e4
A[13, 13]:3d888889,B[13, 1]:3f0f5c29,C[13, 1]:409d70a5
A[13, 14]:3f000000,B[13, 1]:3f2e147b,C[13, 1]:40adc290
A[13, 15]:3f6eeef0,B[13, 1]:3f4ccccc,C[13, 1]:40d1999a
A[13, 16]:3ebbbbbc,B[13, 1]:3f6b851e,C[13, 1]:40e1cac1
A[13, 17]:3f4cccce,B[13, 1]:3d23d70a,C[13, 1]:40e353f8
A[13, 18]:3e6eeef0,B[13, 1]:3e23d70a,C[13, 1]:40e51eb9
A[13, 19]:3f2aaaab,B[13, 1]:3e8f5c29,C[13, 1]:40ee147c
A[13, 20]:3dccccce,B[13, 1]:3ecccccc,C[13, 1]:40f00001
A[13, 21]:3f088889,B[13, 1]:3f051eb8,C[13, 1]:40fd4fe0
A[13, 22]:3f777778,B[13, 1]:3f23d70a,C[13, 1]:410d8107
A[13, 23]:3eccccce,B[13, 1]:3f428f5c,C[13, 1]:4114ccce
A[13, 24]:3f555556,B[13, 1]:3f6147ae,C[13, 1]:41266668
A[13, 25]:3e888889,B[13, 1]:0,C[13, 1]:41266668
A[13, 26]:3f333334,B[13, 1]:3df5c28f,C[13, 1]:41286a81
A[13, 27]:3e088889,B[13, 1]:3e75c28f,C[13, 1]:41292f1d
A[13, 28]:3f111112,B[13, 1]:3eb851eb,C[13, 1]:412e147d
A[13, 29]:0,B[13, 1]:3ef5c28f,C[13, 1]:412e147d
A[13, 0]:3edddddf,B[13, 2]:0,C[13, 2]:3ed70a3e
A[13, 1]:3f5ddddf,B[13, 2]:3e23d70a,C[13, 2]:3f20c49c
A[13, 2]:3e99999a,B[13, 2]:3ea3d70a,C[13, 2]:3f45a1cb
A[13, 3]:3f3bbbbc,B[13, 2]:3ef5c28f,C[13, 2]:3fa66666
A[13, 4]:3e2aaaab,B[13, 2]:3f23d70a,C[13, 2]:3fbae147
A[13, 5]:3f19999a,B[13, 2]:3f4ccccc,C[13, 2]:400b851e
A[13, 6]:3d088889,B[13, 2]:3f75c28f,C[13, 2]:400e978d
A[13, 7]:3eeeeef0,B[13, 2]:3df5c28f,C[13, 2]:4013f7cf
A[13, 8]:3f666667,B[13, 2]:3e8f5c29,C[13, 2]:402c28f6
A[13, 9]:3eaaaaab,B[13, 2]:3ee147ae,C[13, 2]:403a3d71
A[13, 10]:3f444445,B[13, 2]:3f199999,C[13, 2]:40666667
A[13, 11]:3e4cccce,B[13, 2]:3f428f5c,C[13, 2]:4074fdf4
A[13, 12]:3f222223,B[13, 2]:3f6b851e,C[13, 2]:409676c9
A[13, 13]:3d888889,B[13, 2]:3da3d70a,C[13, 2]:4096b852
A[13, 14]:3f000000,B[13, 2]:3e75c28f,C[13, 2]:409c7ae1
A[13, 15]:3f6eeef0,B[13, 2]:3ecccccc,C[13, 2]:40ae6666
A[13, 16]:3ebbbbbc,B[13, 2]:3f0f5c29,C[13, 2]:40b84189
A[13, 17]:3f4cccce,B[13, 2]:3f3851eb,C[13, 2]:40d3e76c
A[13, 18]:3e6eeef0,B[13, 2]:3f6147ae,C[13, 2]:40ddc28f
A[13, 19]:3f2aaaab,B[13, 2]:3d23d70a,C[13, 2]:40df0a3d
A[13, 20]:3dccccce,B[13, 2]:3e4ccccc,C[13, 2]:40e00000
A[13, 21]:3f088889,B[13, 2]:3eb851eb,C[13, 2]:40e9374c
A[13, 22]:3f777778,B[13, 2]:3f051eb8,C[13, 2]:4100ac08
A[13, 23]:3eccccce,B[13, 2]:3f2e147b,C[13, 2]:41073333
A[13, 24]:3f555556,B[13, 2]:3f570a3d,C[13, 2]:41180000
A[13, 25]:3e888889,B[13, 2]:0,C[13, 2]:41180000
A[13, 26]:3f333334,B[13, 2]:3e23d70a,C[13, 2]:411ab021
A[13, 27]:3e088889,B[13, 2]:3ea3d70a,C[13, 2]:411bb646
A[13, 28]:3f111112,B[13, 2]:3ef5c28f,C[13, 2]:41223d71
A[13, 29]:0,B[13, 2]:3f23d70a,C[13, 2]:41223d71
A[13, 0]:3edddddf,B[13, 3]:0,C[13, 3]:0
A[13, 1]:3f5ddddf,B[13, 3]:3e4ccccc,C[13, 3]:3e851eb8
A[13, 2]:3e99999a,B[13, 3]:3ecccccc,C[13, 3]:3ee147ae
A[13, 3]:3f3bbbbc,B[13, 3]:3f199999,C[13, 3]:3f8ccccc
A[13, 4]:3e2aaaab,B[13, 3]:3f4ccccc,C[13, 3]:3fa66666
A[13, 5]:3f19999a,B[13, 3]:0,C[13, 3]:3fa66666
A[13, 6]:3d088889,B[13, 3]:3e4ccccc,C[13, 3]:3fa7ae14
A[13, 7]:3eeeeef0,B[13, 3]:3ecccccc,C[13, 3]:3fcb851e
A[13, 8]:3f666667,B[13, 3]:3f199999,C[13, 3]:40199999
A[13, 9]:3eaaaaab,B[13, 3]:3f4ccccc,C[13, 3]:40333332
A[13, 10]:3f444445,B[13, 3]:0,C[13, 3]:40333332
A[13, 11]:3e4cccce,B[13, 3]:3e4ccccc,C[13, 3]:40370a3c
A[13, 12]:3f222223,B[13, 3]:3ecccccc,C[13, 3]:404f5c28
A[13, 13]:3d888889,B[13, 3]:3f199999,C[13, 3]:40533332
A[13, 14]:3f000000,B[13, 3]:3f4ccccc,C[13, 3]:40799998
A[13, 15]:3f6eeef0,B[13, 3]:0,C[13, 3]:40799998
A[13, 16]:3ebbbbbc,B[13, 3]:3e4ccccc,C[13, 3]:408051eb
A[13, 17]:3f4cccce,B[13, 3]:3ecccccc,C[13, 3]:408fae14
A[13, 18]:3e6eeef0,B[13, 3]:3f199999,C[13, 3]:40966666
A[13, 19]:3f2aaaab,B[13, 3]:3f4ccccc,C[13, 3]:40b00000
A[13, 20]:3dccccce,B[13, 3]:0,C[13, 3]:40b00000
A[13, 21]:3f088889,B[13, 3]:3e4ccccc,C[13, 3]:40b51eb8
A[13, 22]:3f777778,B[13, 3]:3ecccccc,C[13, 3]:40c7ae14
A[13, 23]:3eccccce,B[13, 3]:3f199999,C[13, 3]:40d33333
A[13, 24]:3f555556,B[13, 3]:3f4ccccc,C[13, 3]:40f33333
A[13, 25]:3e888889,B[13, 3]:0,C[13, 3]:40f33333
A[13, 26]:3f333334,B[13, 3]:3e4ccccc,C[13, 3]:40f9eb85
A[13, 27]:3e088889,B[13, 3]:3ecccccc,C[13, 3]:40fc7ae1
A[13, 28]:3f111112,B[13, 3]:3f199999,C[13, 3]:41066666
A[13, 29]:0,B[13, 3]:3f4ccccc,C[13, 3]:41066666
A[13, 0]:3edddddf,B[13, 4]:0,C[13, 4]:3f47ae16
A[13, 1]:3f5ddddf,B[13, 4]:3e75c28f,C[13, 4]:3f8bc6a9
A[13, 2]:3e99999a,B[13, 4]:3ef5c28f,C[13, 4]:3fa76c8c
A[13, 3]:3f3bbbbc,B[13, 4]:3f3851eb,C[13, 4]:40066667
A[13, 4]:3e2aaaab,B[13, 4]:3f75c28f,C[13, 4]:4015c290
A[13, 5]:3f19999a,B[13, 4]:3e4ccccc,C[13, 4]:402147af
A[13, 6]:3d088889,B[13, 4]:3ee147ae,C[13, 4]:4022b022
A[13, 7]:3eeeeef0,B[13, 4]:3f2e147b,C[13, 4]:404126eb
A[13, 8]:3f666667,B[13, 4]:3f6b851e,C[13, 4]:408851ec
A[13, 9]:3eaaaaab,B[13, 4]:3e23d70a,C[13, 4]:408ae148
A[13, 10]:3f444445,B[13, 4]:3ecccccc,C[13, 4]:4099999a
A[13, 11]:3e4cccce,B[13, 4]:3f23d70a,C[13, 4]:409fbe77
A[13, 12]:3f222223,B[13, 4]:3f6147ae,C[13, 4]:40ba7efa
A[13, 13]:3d888889,B[13, 4]:3df5c28f,C[13, 4]:40bae148
A[13, 14]:3f000000,B[13, 4]:3eb851eb,C[13, 4]:40c3851f
A[13, 15]:3f6eeef0,B[13, 4]:3f199999,C[13, 4]:40de6667
A[13, 16]:3ebbbbbc,B[13, 4]:3f570a3d,C[13, 4]:40ed2f1b
A[13, 17]:3f4cccce,B[13, 4]:3da3d70a,C[13, 4]:40f0418a
A[13, 18]:3e6eeef0,B[13, 4]:3ea3d70a,C[13, 4]:40f3d70b
A[13, 19]:3f2aaaab,B[13, 4]:3f0f5c29,C[13, 4]:4102e148
A[13, 20]:3dccccce,B[13, 4]:3f4ccccc,C[13, 4]:4104cccd
A[13, 21]:3f088889,B[13, 4]:3d23d70a,C[13, 4]:41054fdf
A[13, 22]:3f777778,B[13, 4]:3e8f5c29,C[13, 4]:410bced9
A[13, 23]:3eccccce,B[13, 4]:3f051eb8,C[13, 4]:4110cccd
A[13, 24]:3f555556,B[13, 4]:3f428f5c,C[13, 4]:41200000
A[13, 25]:3e888889,B[13, 4]:0,C[13, 4]:41200000
A[13, 26]:3f333334,B[13, 4]:3e75c28f,C[13, 4]:41240831
A[13, 27]:3e088889,B[13, 4]:3ef5c28f,C[13, 4]:41259168
A[13, 28]:3f111112,B[13, 4]:3f3851eb,C[13, 4]:412f5c29
A[13, 29]:0,B[13, 4]:3f75c28f,C[13, 4]:412f5c29
A[13, 0]:3edddddf,B[13, 5]:0,C[13, 5]:3eb851ec
A[13, 1]:3f5ddddf,B[13, 5]:3e8f5c29,C[13, 5]:3f395811
A[13, 2]:3e99999a,B[13, 5]:3f0f5c29,C[13, 5]:3f79db24
A[13, 3]:3f3bbbbc,B[13, 5]:3f570a3d,C[13, 5]:3ff33334
A[13, 4]:3e2aaaab,B[13, 5]:3df5c28f,C[13, 5]:3ff70a3e
A[13, 5]:3f19999a,B[13, 5]:3ecccccc,C[13, 5]:40128f5c
A[13, 6]:3d088889,B[13, 5]:3f2e147b,C[13, 5]:4014bc6a
A[13, 7]:3eeeeef0,B[13, 5]:3f75c28f,C[13, 5]:403fbe76
A[13, 8]:3f666667,B[13, 5]:3e75c28f,C[13, 5]:40547ae0
A[13, 9]:3eaaaaab,B[13, 5]:3f051eb8,C[13, 5]:40651eb7
A[13, 10]:3f444445,B[13, 5]:3f4ccccc,C[13, 5]:408fffff
A[13, 11]:3e4cccce,B[13, 5]:3da3d70a,C[13, 5]:4090c49b
A[13, 12]:3f222223,B[13, 5]:3eb851eb,C[13, 5]:409bb645
A[13, 13]:3d888889,B[13, 5]:3f23d70a,C[13, 5]:409dc28f
A[13, 14]:3f000000,B[13, 5]:3f6b851e,C[13, 5]:40b3d70a
A[13, 15]:3f6eeef0,B[13, 5]:3e4ccccc,C[13, 5]:40bccccd
A[13, 16]:3ebbbbbc,B[13, 5]:3ef5c28f,C[13, 5]:40c53f7d
A[13, 17]:3f4cccce,B[13, 5]:3f428f5c,C[13, 5]:40e26e98
A[13, 18]:3e6eeef0,B[13, 5]:3d23d70a,C[13, 5]:40e2e148
A[13, 19]:3f2aaaab,B[13, 5]:3ea3d70a,C[13, 5]:40ed1eb9
A[13, 20]:3dccccce,B[13, 5]:3f199999,C[13, 5]:40f00001
A[13, 21]:3f088889,B[13, 5]:3f6147ae,C[13, 5]:41034396
A[13, 22]:3f777778,B[13, 5]:3e23d70a,C[13, 5]:4106f9dc
A[13, 23]:3eccccce,B[13, 5]:3ee147ae,C[13, 5]:410b3334
A[13, 24]:3f555556,B[13, 5]:3f3851eb,C[13, 5]:4119999a
A[13, 25]:3e888889,B[13, 5]:0,C[13, 5]:4119999a
A[13, 26]:3f333334,B[13, 5]:3e8f5c29,C[13, 5]:411e4dd3
A[13, 27]:3e088889,B[13, 5]:3f0f5c29,C[13, 5]:41201894
A[13, 28]:3f111112,B[13, 5]:3f570a3d,C[13, 5]:412b851f
A[13, 29]:0,B[13, 5]:3df5c28f,C[13, 5]:412b851f
A[13, 0]:3edddddf,B[13, 6]:0,C[13, 6]:3f91eb85
A[13, 1]:3f5ddddf,B[13, 6]:3ea3d70a,C[13, 6]:3fc72b02
A[13, 2]:3e99999a,B[13, 6]:3f23d70a,C[13, 6]:3fec0831
A[13, 3]:3f3bbbbc,B[13, 6]:3f75c28f,C[13, 6]:4039999a
A[13, 4]:3e2aaaab,B[13, 6]:3e8f5c29,C[13, 6]:403e147b
A[13, 5]:3f19999a,B[13, 6]:3f199999,C[13, 6]:4060a3d7
A[13, 6]:3d088889,B[13, 6]:3f6b851e,C[13, 6]:40639581
A[13, 7]:3eeeeef0,B[13, 6]:3e75c28f,C[13, 6]:406e5604
A[13, 8]:3f666667,B[13, 6]:3f0f5c29,C[13, 6]:408f5c29
A[13, 9]:3eaaaaab,B[13, 6]:3f6147ae,C[13, 6]:409d70a4
A[13, 10]:3f444445,B[13, 6]:3e4ccccc,C[13, 6]:40a4cccd
A[13, 11]:3e4cccce,B[13, 6]:3f051eb8,C[13, 6]:40a9cac1
A[13, 12]:3f222223,B[13, 6]:3f570a3d,C[13, 6]:40c353f8
A[13, 13]:3d888889,B[13, 6]:3e23d70a,C[13, 6]:40c3d70a
A[13, 14]:3f000000,B[13, 6]:3ef5c28f,C[13, 6]:40cf5c29
A[13, 15]:3f6eeef0,B[13, 6]:3f4ccccc,C[13, 6]:40f33333
A[13, 16]:3ebbbbbc,B[13, 6]:3df5c28f,C[13, 6]:40f54fdf
A[13, 17]:3f4cccce,B[13, 6]:3ee147ae,C[13, 6]:41031aa0
A[13, 18]:3e6eeef0,B[13, 6]:3f428f5c,C[13, 6]:41075c29
A[13, 19]:3f2aaaab,B[13, 6]:3da3d70a,C[13, 6]:4108a3d7
A[13, 20]:3dccccce,B[13, 6]:3ecccccc,C[13, 6]:4109999a
A[13, 21]:3f088889,B[13, 6]:3f3851eb,C[13, 6]:4112d0e6
A[13, 22]:3f777778,B[13, 6]:3d23d70a,C[13, 6]:4113be77
A[13, 23]:3eccccce,B[13, 6]:3eb851eb,C[13, 6]:41173333
A[13, 24]:3f555556,B[13, 6]:3f2e147b,C[13, 6]:4124cccd
A[13, 25]:3e888889,B[13, 6]:0,C[13, 6]:4124cccd
A[13, 26]:3f333334,B[13, 6]:3ea3d70a,C[13, 6]:412a2d0f
A[13, 27]:3e088889,B[13, 6]:3f23d70a,C[13, 6]:412c3959
A[13, 28]:3f111112,B[13, 6]:3f75c28f,C[13, 6]:413947af
A[13, 29]:0,B[13, 6]:3e8f5c29,C[13, 6]:413947af
A[13, 0]:3edddddf,B[13, 7]:0,C[13, 7]:3f3851ec
A[13, 1]:3f5ddddf,B[13, 7]:3eb851eb,C[13, 7]:3f981062
A[13, 2]:3e99999a,B[13, 7]:3f3851eb,C[13, 7]:3fc18937
A[13, 3]:3f3bbbbc,B[13, 7]:3da3d70a,C[13, 7]:3fcccccc
A[13, 4]:3e2aaaab,B[13, 7]:3ee147ae,C[13, 7]:3fdae147
A[13, 5]:3f19999a,B[13, 7]:3f4ccccc,C[13, 7]:401b851e
A[13, 6]:3d088889,B[13, 7]:3e23d70a,C[13, 7]:401c0830
A[13, 7]:3eeeeef0,B[13, 7]:3f051eb8,C[13, 7]:403353f7
A[13, 8]:3f666667,B[13, 7]:3f6147ae,C[13, 7]:407f5c28
A[13, 9]:3eaaaaab,B[13, 7]:3e75c28f,C[13, 7]:4083851e
A[13, 10]:3f444445,B[13, 7]:3f199999,C[13, 7]:40999999
A[13, 11]:3e4cccce,B[13, 7]:3f75c28f,C[13, 7]:40a2d0e5
A[13, 12]:3f222223,B[13, 7]:3ea3d70a,C[13, 7]:40ac8b43
A[13, 13]:3d888889,B[13, 7]:3f2e147b,C[13, 7]:40aeb851
A[13, 14]:3f000000,B[13, 7]:3d23d70a,C[13, 7]:40afae14
A[13, 15]:3f6eeef0,B[13, 7]:3ecccccc,C[13, 7]:40c19999
A[13, 16]:3ebbbbbc,B[13, 7]:3f428f5c,C[13, 7]:40cef9db
A[13, 17]:3f4cccce,B[13, 7]:3df5c28f,C[13, 7]:40d39581
A[13, 18]:3e6eeef0,B[13, 7]:3ef5c28f,C[13, 7]:40d8f5c3
A[13, 19]:3f2aaaab,B[13, 7]:3f570a3d,C[13, 7]:40f3d70b
A[13, 20]:3dccccce,B[13, 7]:3e4ccccc,C[13, 7]:40f4ccce
A[13, 21]:3f088889,B[13, 7]:3f0f5c29,C[13, 7]:41019169
A[13, 22]:3f777778,B[13, 7]:3f6b851e,C[13, 7]:4116e979
A[13, 23]:3eccccce,B[13, 7]:3e8f5c29,C[13, 7]:4119999a
A[13, 24]:3f555556,B[13, 7]:3f23d70a,C[13, 7]:41266667
A[13, 25]:3e888889,B[13, 7]:0,C[13, 7]:41266667
A[13, 26]:3f333334,B[13, 7]:3eb851eb,C[13, 7]:412c72b1
A[13, 27]:3e088889,B[13, 7]:3f3851eb,C[13, 7]:412ec084
A[13, 28]:3f111112,B[13, 7]:3da3d70a,C[13, 7]:412fd70b
A[13, 29]:0,B[13, 7]:3ee147ae,C[13, 7]:412fd70b
A[13, 0]:3edddddf,B[13, 8]:0,C[13, 8]:3e99999a
A[13, 1]:3f5ddddf,B[13, 8]:3ecccccc,C[13, 8]:3f51eb85
A[13, 2]:3e99999a,B[13, 8]:3f4ccccc,C[13, 8]:3f970a3d
A[13, 3]:3f3bbbbc,B[13, 8]:3e4ccccc,C[13, 8]:3fb33333
A[13, 4]:3e2aaaab,B[13, 8]:3f199999,C[13, 8]:3fc66666
A[13, 5]:3f19999a,B[13, 8]:0,C[13, 8]:3fc66666
A[13, 6]:3d088889,B[13, 8]:3ecccccc,C[13, 8]:3fc8f5c2
A[13, 7]:3eeeeef0,B[13, 8]:3f4ccccc,C[13, 8]:400851eb
A[13, 8]:3f666667,B[13, 8]:3e4ccccc,C[13, 8]:40199999
A[13, 9]:3eaaaaab,B[13, 8]:3f199999,C[13, 8]:402ccccc
A[13, 10]:3f444445,B[13, 8]:0,C[13, 8]:402ccccc
A[13, 11]:3e4cccce,B[13, 8]:3ecccccc,C[13, 8]:40347ae0
A[13, 12]:3f222223,B[13, 8]:3f4ccccc,C[13, 8]:40651eb7
A[13, 13]:3d888889,B[13, 8]:3e4ccccc,C[13, 8]:40666665
A[13, 14]:3f000000,B[13, 8]:3f199999,C[13, 8]:40819999
A[13, 15]:3f6eeef0,B[13, 8]:0,C[13, 8]:40819999
A[13, 16]:3ebbbbbc,B[13, 8]:3ecccccc,C[13, 8]:4088a3d6
A[13, 17]:3f4cccce,B[13, 8]:3f4ccccc,C[13, 8]:40a75c28
A[13, 18]:3e6eeef0,B[13, 8]:3e4ccccc,C[13, 8]:40a99999
A[13, 19]:3f2aaaab,B[13, 8]:3f199999,C[13, 8]:40bccccc
A[13, 20]:3dccccce,B[13, 8]:0,C[13, 8]:40bccccc
A[13, 21]:3f088889,B[13, 8]:3ecccccc,C[13, 8]:40c70a3d
A[13, 22]:3f777778,B[13, 8]:3f4ccccc,C[13, 8]:40ec28f5
A[13, 23]:3eccccce,B[13, 8]:3e4ccccc,C[13, 8]:40efffff
A[13, 24]:3f555556,B[13, 8]:3f199999,C[13, 8]:4103ffff
A[13, 25]:3e888889,B[13, 8]:0,C[13, 8]:4103ffff
A[13, 26]:3f333334,B[13, 8]:3ecccccc,C[13, 8]:410ab851
A[13, 27]:3e088889,B[13, 8]:3f4ccccc,C[13, 8]:410d47ad
A[13, 28]:3f111112,B[13, 8]:3e4ccccc,C[13, 8]:410fffff
A[13, 29]:0,B[13, 8]:3f199999,C[13, 8]:410fffff
A[13, 0]:3edddddf,B[13, 9]:0,C[13, 9]:3f8a3d71
A[13, 1]:3f5ddddf,B[13, 9]:3ee147ae,C[13, 9]:3fd374bd
A[13, 2]:3e99999a,B[13, 9]:3f6147ae,C[13, 9]:4003126f
A[13, 3]:3f3bbbbc,B[13, 9]:3ea3d70a,C[13, 9]:4019999a
A[13, 4]:3e2aaaab,B[13, 9]:3f428f5c,C[13, 9]:4025c290
A[13, 5]:3f19999a,B[13, 9]:3e4ccccc,C[13, 9]:403147af
A[13, 6]:3d088889,B[13, 9]:3f23d70a,C[13, 9]:403353f9
A[13, 7]:3eeeeef0,B[13, 9]:3da3d70a,C[13, 9]:4036e97a
A[13, 8]:3f666667,B[13, 9]:3f051eb8,C[13, 9]:4063d70b
A[13, 9]:3eaaaaab,B[13, 9]:3f75c28f,C[13, 9]:408147ae
A[13, 10]:3f444445,B[13, 9]:3ecccccc,C[13, 9]:40900000
A[13, 11]:3e4cccce,B[13, 9]:3f570a3d,C[13, 9]:40981062
A[13, 12]:3f222223,B[13, 9]:3e8f5c29,C[13, 9]:40a09374
A[13, 13]:3d888889,B[13, 9]:3f3851eb,C[13, 9]:40a2e147
A[13, 14]:3f000000,B[13, 9]:3e23d70a,C[13, 9]:40a6b851
A[13, 15]:3f6eeef0,B[13, 9]:3f199999,C[13, 9]:40c19999
A[13, 16]:3ebbbbbc,B[13, 9]:3d23d70a,C[13, 9]:40c24dd2
A[13, 17]:3f4cccce,B[13, 9]:3ef5c28f,C[13, 9]:40d4bc6a
A[13, 18]:3e6eeef0,B[13, 9]:3f6b851e,C[13, 9]:40df0a3d
A[13, 19]:3f2aaaab,B[13, 9]:3eb851eb,C[13, 9]:40ea8f5c
A[13, 20]:3dccccce,B[13, 9]:3f4ccccc,C[13, 9]:40ee6666
A[13, 21]:3f088889,B[13, 9]:3e75c28f,C[13, 9]:40f48b43
A[13, 22]:3f777778,B[13, 9]:3f2e147b,C[13, 9]:410a0c4a
A[13, 23]:3eccccce,B[13, 9]:3df5c28f,C[13, 9]:410b3333
A[13, 24]:3f555556,B[13, 9]:3f0f5c29,C[13, 9]:41166666
A[13, 25]:3e888889,B[13, 9]:0,C[13, 9]:41166666
A[13, 26]:3f333334,B[13, 9]:3ee147ae,C[13, 9]:411dcac0
A[13, 27]:3e088889,B[13, 9]:3f6147ae,C[13, 9]:41209ba5
A[13, 28]:3f111112,B[13, 9]:3ea3d70a,C[13, 9]:4124f5c2
A[13, 29]:0,B[13, 9]:3f428f5c,C[13, 9]:4124f5c2
A[13, 0]:3edddddf,B[13, 10]:0,C[13, 10]:3f28f5c3
A[13, 1]:3f5ddddf,B[13, 10]:3ef5c28f,C[13, 10]:3fa45a1d
A[13, 2]:3e99999a,B[13, 10]:3f75c28f,C[13, 10]:3fdba5e4
A[13, 3]:3f3bbbbc,B[13, 10]:3ee147ae,C[13, 10]:400ccccd
A[13, 4]:3e2aaaab,B[13, 10]:3f6b851e,C[13, 10]:401b851f
A[13, 5]:3f19999a,B[13, 10]:3ecccccc,C[13, 10]:40328f5c
A[13, 6]:3d088889,B[13, 10]:3f6147ae,C[13, 10]:40356041
A[13, 7]:3eeeeef0,B[13, 10]:3eb851eb,C[13, 10]:40458106
A[13, 8]:3f666667,B[13, 10]:3f570a3d,C[13, 10]:40870a3d
A[13, 9]:3eaaaaab,B[13, 10]:3ea3d70a,C[13, 10]:408c28f5
A[13, 10]:3f444445,B[13, 10]:3f4ccccc,C[13, 10]:40a99999
A[13, 11]:3e4cccce,B[13, 10]:3e8f5c29,C[13, 10]:40ac49ba
A[13, 12]:3f222223,B[13, 10]:3f428f5c,C[13, 10]:40c3645a
A[13, 13]:3d888889,B[13, 10]:3e75c28f,C[13, 10]:40c428f6
A[13, 14]:3f000000,B[13, 10]:3f3851eb,C[13, 10]:40d570a4
A[13, 15]:3f6eeef0,B[13, 10]:3e4ccccc,C[13, 10]:40de6667
A[13, 16]:3ebbbbbc,B[13, 10]:3f2e147b,C[13, 10]:40ea5e36
A[13, 17]:3f4cccce,B[13, 10]:3e23d70a,C[13, 10]:40f08313
A[13, 18]:3e6eeef0,B[13, 10]:3f23d70a,C[13, 10]:40f7ae15
A[13, 19]:3f2aaaab,B[13, 10]:3df5c28f,C[13, 10]:40fb851f
A[13, 20]:3dccccce,B[13, 10]:3f199999,C[13, 10]:40fe6667
A[13, 21]:3f088889,B[13, 10]:3da3d70a,C[13, 10]:41003958
A[13, 22]:3f777778,B[13, 10]:3f0f5c29,C[13, 10]:410d374c
A[13, 23]:3eccccce,B[13, 10]:3d23d70a,C[13, 10]:410d999a
A[13, 24]:3f555556,B[13, 10]:3f051eb8,C[13, 10]:41180000
A[13, 25]:3e888889,B[13, 10]:0,C[13, 10]:41180000
A[13, 26]:3f333334,B[13, 10]:3ef5c28f,C[13, 10]:41201062
A[13, 27]:3e088889,B[13, 10]:3f75c28f,C[13, 10]:412322d1
A[13, 28]:3f111112,B[13, 10]:3ee147ae,C[13, 10]:41291eb8
A[13, 29]:0,B[13, 10]:3f6b851e,C[13, 10]:41291eb8
A[13, 0]:3edddddf,B[13, 11]:0,C[13, 11]:3e75c290
A[13, 1]:3f5ddddf,B[13, 11]:3f051eb8,C[13, 11]:3f6a7efa
A[13, 2]:3e99999a,B[13, 11]:3d23d70a,C[13, 11]:3f6f1aa0
A[13, 3]:3f3bbbbc,B[13, 11]:3f0f5c29,C[13, 11]:3fc66666
A[13, 4]:3e2aaaab,B[13, 11]:3da3d70a,C[13, 11]:3fc8f5c2
A[13, 5]:3f19999a,B[13, 11]:3f199999,C[13, 11]:40070a3d
A[13, 6]:3d088889,B[13, 11]:3df5c28f,C[13, 11]:40076c8b
A[13, 7]:3eeeeef0,B[13, 11]:3f23d70a,C[13, 11]:40241893
A[13, 8]:3f666667,B[13, 11]:3e23d70a,C[13, 11]:4031eb85
A[13, 9]:3eaaaaab,B[13, 11]:3f2e147b,C[13, 11]:4047ae14
A[13, 10]:3f444445,B[13, 11]:3e4ccccc,C[13, 11]:40566666
A[13, 11]:3e4cccce,B[13, 11]:3f3851eb,C[13, 11]:40643958
A[13, 12]:3f222223,B[13, 11]:3e75c28f,C[13, 11]:4072d0e5
A[13, 13]:3d888889,B[13, 11]:3f428f5c,C[13, 11]:4077ae14
A[13, 14]:3f000000,B[13, 11]:3e8f5c29,C[13, 11]:40828f5c
A[13, 15]:3f6eeef0,B[13, 11]:3f4ccccc,C[13, 11]:40a66666
A[13, 16]:3ebbbbbc,B[13, 11]:3ea3d70a,C[13, 11]:40ac0831
A[13, 17]:3f4cccce,B[13, 11]:3f570a3d,C[13, 11]:40cc49ba
A[13, 18]:3e6eeef0,B[13, 11]:3eb851eb,C[13, 11]:40d051eb
A[13, 19]:3f2aaaab,B[13, 11]:3f6147ae,C[13, 11]:40ec7ae1
A[13, 20]:3dccccce,B[13, 11]:3ecccccc,C[13, 11]:40ee6666
A[13, 21]:3f088889,B[13, 11]:3f6b851e,C[13, 11]:4102f9db
A[13, 22]:3f777778,B[13, 11]:3ee147ae,C[13, 11]:410d2f1a
A[13, 23]:3eccccce,B[13, 11]:3f75c28f,C[13, 11]:41166666
A[13, 24]:3f555556,B[13, 11]:3ef5c28f,C[13, 11]:41200000
A[13, 25]:3e888889,B[13, 11]:0,C[13, 11]:41200000
A[13, 26]:3f333334,B[13, 11]:3f051eb8,C[13, 11]:4128bc6a
A[13, 27]:3e088889,B[13, 11]:3d23d70a,C[13, 11]:4128dd2f
A[13, 28]:3f111112,B[13, 11]:3f0f5c29,C[13, 11]:41307ae1
A[13, 29]:0,B[13, 11]:3da3d70a,C[13, 11]:41307ae1
A[13, 0]:3edddddf,B[13, 12]:0,C[13, 12]:3f828f5d
A[13, 1]:3f5ddddf,B[13, 12]:3f0f5c29,C[13, 12]:3fdfbe78
A[13, 2]:3e99999a,B[13, 12]:3df5c28f,C[13, 12]:3fe6a7f1
A[13, 3]:3f3bbbbc,B[13, 12]:3f2e147b,C[13, 12]:40233334
A[13, 4]:3e2aaaab,B[13, 12]:3e75c28f,C[13, 12]:40270a3e
A[13, 5]:3f19999a,B[13, 12]:3f4ccccc,C[13, 12]:40551eb9
A[13, 6]:3d088889,B[13, 12]:3eb851eb,C[13, 12]:405645a2
A[13, 7]:3eeeeef0,B[13, 12]:3f6b851e,C[13, 12]:407f7cee
A[13, 8]:3f666667,B[13, 12]:3ef5c28f,C[13, 12]:40947ae2
A[13, 9]:3eaaaaab,B[13, 12]:3d23d70a,C[13, 12]:40951eb9
A[13, 10]:3f444445,B[13, 12]:3f199999,C[13, 12]:40ab3334
A[13, 11]:3e4cccce,B[13, 12]:3e23d70a,C[13, 12]:40acbc6b
A[13, 12]:3f222223,B[13, 12]:3f3851eb,C[13, 12]:40c29fbf
A[13, 13]:3d888889,B[13, 12]:3e8f5c29,C[13, 12]:40c3851f
A[13, 14]:3f000000,B[13, 12]:3f570a3d,C[13, 12]:40d7ae15
A[13, 15]:3f6eeef0,B[13, 12]:3ecccccc,C[13, 12]:40e9999a
A[13, 16]:3ebbbbbc,B[13, 12]:3f75c28f,C[13, 12]:40fa7efa
A[13, 17]:3f4cccce,B[13, 12]:3f051eb8,C[13, 12]:41073b64
A[13, 18]:3e6eeef0,B[13, 12]:3da3d70a,C[13, 12]:4107ae14
A[13, 19]:3f2aaaab,B[13, 12]:3f23d70a,C[13, 12]:4111eb85
A[13, 20]:3dccccce,B[13, 12]:3e4ccccc,C[13, 12]:41126666
A[13, 21]:3f088889,B[13, 12]:3f428f5c,C[13, 12]:411c20c4
A[13, 22]:3f777778,B[13, 12]:3ea3d70a,C[13, 12]:41238d4f
A[13, 23]:3eccccce,B[13, 12]:3f6147ae,C[13, 12]:412bffff
A[13, 24]:3f555556,B[13, 12]:3ee147ae,C[13, 12]:4134cccc
A[13, 25]:3e888889,B[13, 12]:0,C[13, 12]:4134cccc
A[13, 26]:3f333334,B[13, 12]:3f0f5c29,C[13, 12]:413e353f
A[13, 27]:3e088889,B[13, 12]:3df5c28f,C[13, 12]:413e978d
A[13, 28]:3f111112,B[13, 12]:3f2e147b,C[13, 12]:4147d70a
A[13, 29]:0,B[13, 12]:3e75c28f,C[13, 12]:4147d70a
A[13, 0]:3edddddf,B[13, 13]:0,C[13, 13]:3f19999a
A[13, 1]:3f5ddddf,B[13, 13]:3f199999,C[13, 13]:3fb0a3d7
A[13, 2]:3e99999a,B[13, 13]:3e4ccccc,C[13, 13]:3fbc28f6
A[13, 3]:3f3bbbbc,B[13, 13]:3f4ccccc,C[13, 13]:40166666
A[13, 4]:3e2aaaab,B[13, 13]:3ecccccc,C[13, 13]:401ccccc
A[13, 5]:3f19999a,B[13, 13]:0,C[13, 13]:401ccccc
A[13, 6]:3d088889,B[13, 13]:3f199999,C[13, 13]:401eb851
A[13, 7]:3eeeeef0,B[13, 13]:3e4ccccc,C[13, 13]:4027ae14
A[13, 8]:3f666667,B[13, 13]:3f4ccccc,C[13, 13]:406ccccc
A[13, 9]:3eaaaaab,B[13, 13]:3ecccccc,C[13, 13]:40799999
A[13, 10]:3f444445,B[13, 13]:0,C[13, 13]:40799999
A[13, 11]:3e4cccce,B[13, 13]:3f199999,C[13, 13]:40828f5c
A[13, 12]:3f222223,B[13, 13]:3e4ccccc,C[13, 13]:4088a3d7
A[13, 13]:3d888889,B[13, 13]:3f4ccccc,C[13, 13]:408b3333
A[13, 14]:3f000000,B[13, 13]:3ecccccc,C[13, 13]:4094cccd
A[13, 15]:3f6eeef0,B[13, 13]:0,C[13, 13]:4094cccd
A[13, 16]:3ebbbbbc,B[13, 13]:3f199999,C[13, 13]:409f5c29
A[13, 17]:3f4cccce,B[13, 13]:3e4ccccc,C[13, 13]:40a70a3d
A[13, 18]:3e6eeef0,B[13, 13]:3f4ccccc,C[13, 13]:40b00000
A[13, 19]:3f2aaaab,B[13, 13]:3ecccccc,C[13, 13]:40bccccd
A[13, 20]:3dccccce,B[13, 13]:0,C[13, 13]:40bccccd
A[13, 21]:3f088889,B[13, 13]:3f199999,C[13, 13]:40cc28f6
A[13, 22]:3f777778,B[13, 13]:3e4ccccc,C[13, 13]:40d570a4
A[13, 23]:3eccccce,B[13, 13]:3f4ccccc,C[13, 13]:40e4cccd
A[13, 24]:3f555556,B[13, 13]:3ecccccc,C[13, 13]:40f4cccd
A[13, 25]:3e888889,B[13, 13]:0,C[13, 13]:40f4cccd
A[13, 26]:3f333334,B[13, 13]:3f199999,C[13, 13]:41047ae1
A[13, 27]:3e088889,B[13, 13]:3e4ccccc,C[13, 13]:41051eb8
A[13, 28]:3f111112,B[13, 13]:3f4ccccc,C[13, 13]:41100000
A[13, 29]:0,B[13, 13]:3ecccccc,C[13, 13]:41100000
A[13, 0]:3edddddf,B[13, 14]:0,C[13, 14]:3e3851ec
A[13, 1]:3f5ddddf,B[13, 14]:3f23d70a,C[13, 14]:3f818938
A[13, 2]:3e99999a,B[13, 14]:3e8f5c29,C[13, 14]:3f91a9fd
A[13, 3]:3f3bbbbc,B[13, 14]:3f6b851e,C[13, 14]:4009999a
A[13, 4]:3e2aaaab,B[13, 14]:3f0f5c29,C[13, 14]:40128f5d
A[13, 5]:3f19999a,B[13, 14]:3e4ccccc,C[13, 14]:401e147c
A[13, 6]:3d088889,B[13, 14]:3f570a3d,C[13, 14]:4020c49d
A[13, 7]:3eeeeef0,B[13, 14]:3ef5c28f,C[13, 14]:403645a3
A[13, 8]:3f666667,B[13, 14]:3df5c28f,C[13, 14]:4040a3d8
A[13, 9]:3eaaaaab,B[13, 14]:3f428f5c,C[13, 14]:4058f5c4
A[13, 10]:3f444445,B[13, 14]:3ecccccc,C[13, 14]:40766668
A[13, 11]:3e4cccce,B[13, 14]:3d23d70a,C[13, 14]:40772b04
A[13, 12]:3f222223,B[13, 14]:3f2e147b,C[13, 14]:4090418a
A[13, 13]:3d888889,B[13, 14]:3ea3d70a,C[13, 14]:409147af
A[13, 14]:3f000000,B[13, 14]:3f75c28f,C[13, 14]:40a851ec
A[13, 15]:3f6eeef0,B[13, 14]:3f199999,C[13, 14]:40c33334
A[13, 16]:3ebbbbbc,B[13, 14]:3e75c28f,C[13, 14]:40c76c8c
A[13, 17]:3f4cccce,B[13, 14]:3f6147ae,C[13, 14]:40e9374c
A[13, 18]:3e6eeef0,B[13, 14]:3f051eb8,C[13, 14]:40ef0a3e
A[13, 19]:3f2aaaab,B[13, 14]:3e23d70a,C[13, 14]:40f428f6
A[13, 20]:3dccccce,B[13, 14]:3f4ccccc,C[13, 14]:40f80000
A[13, 21]:3f088889,B[13, 14]:3ee147ae,C[13, 14]:4101a1cb
A[13, 22]:3f777778,B[13, 14]:3da3d70a,C[13, 14]:41037cee
A[13, 23]:3eccccce,B[13, 14]:3f3851eb,C[13, 14]:410a6667
A[13, 24]:3f555556,B[13, 14]:3eb851eb,C[13, 14]:4111999a
A[13, 25]:3e888889,B[13, 14]:0,C[13, 14]:4111999a
A[13, 26]:3f333334,B[13, 14]:3f23d70a,C[13, 14]:411c5a1d
A[13, 27]:3e088889,B[13, 14]:3e8f5c29,C[13, 14]:411d3f7d
A[13, 28]:3f111112,B[13, 14]:3f6b851e,C[13, 14]:4129c290
A[13, 29]:0,B[13, 14]:3f0f5c29,C[13, 14]:4129c290
A[13, 0]:3edddddf,B[13, 15]:0,C[13, 15]:3f75c290
A[13, 1]:3f5ddddf,B[13, 15]:3f2e147b,C[13, 15]:3fec0832
A[13, 2]:3e99999a,B[13, 15]:3eb851eb,C[13, 15]:4000624e
A[13, 3]:3f3bbbbc,B[13, 15]:3d23d70a,C[13, 15]:40033333
A[13, 4]:3e2aaaab,B[13, 15]:3f3851eb,C[13, 15]:400eb852
A[13, 5]:3f19999a,B[13, 15]:3ecccccc,C[13, 15]:4025c28f
A[13, 6]:3d088889,B[13, 15]:3da3d70a,C[13, 15]:40260418
A[13, 7]:3eeeeef0,B[13, 15]:3f428f5c,C[13, 15]:40481062
A[13, 8]:3f666667,B[13, 15]:3ee147ae,C[13, 15]:406e147a
A[13, 9]:3eaaaaab,B[13, 15]:3df5c28f,C[13, 15]:4071eb84
A[13, 10]:3f444445,B[13, 15]:3f4ccccc,C[13, 15]:40966666
A[13, 11]:3e4cccce,B[13, 15]:3ef5c28f,C[13, 15]:409b020c
A[13, 12]:3f222223,B[13, 15]:3e23d70a,C[13, 15]:409fdf3b
A[13, 13]:3d888889,B[13, 15]:3f570a3d,C[13, 15]:40a28f5c
A[13, 14]:3f000000,B[13, 15]:3f051eb8,C[13, 15]:40af0a3d
A[13, 15]:3f6eeef0,B[13, 15]:3e4ccccc,C[13, 15]:40b80000
A[13, 16]:3ebbbbbc,B[13, 15]:3f6147ae,C[13, 15]:40c77cee
A[13, 17]:3f4cccce,B[13, 15]:3f0f5c29,C[13, 15]:40dcfdf4
A[13, 18]:3e6eeef0,B[13, 15]:3e75c28f,C[13, 15]:40dfae15
A[13, 19]:3f2aaaab,B[13, 15]:3f6b851e,C[13, 15]:40fd1eb9
A[13, 20]:3dccccce,B[13, 15]:3f199999,C[13, 15]:41000000
A[13, 21]:3f088889,B[13, 15]:3e8f5c29,C[13, 15]:41039581
A[13, 22]:3f777778,B[13, 15]:3f75c28f,C[13, 15]:4119db23
A[13, 23]:3eccccce,B[13, 15]:3f23d70a,C[13, 15]:41200000
A[13, 24]:3f555556,B[13, 15]:3ea3d70a,C[13, 15]:41266666
A[13, 25]:3e888889,B[13, 15]:0,C[13, 15]:41266666
A[13, 26]:3f333334,B[13, 15]:3f2e147b,C[13, 15]:4131d2f1
A[13, 27]:3e088889,B[13, 15]:3eb851eb,C[13, 15]:4132f9da
A[13, 28]:3f111112,B[13, 15]:3d23d70a,C[13, 15]:4133851e
A[13, 29]:0,B[13, 15]:3f3851eb,C[13, 15]:4133851e
A[13, 0]:3edddddf,B[13, 16]:0,C[13, 16]:3f0a3d71
A[13, 1]:3f5ddddf,B[13, 16]:3f3851eb,C[13, 16]:3fbced92
A[13, 2]:3e99999a,B[13, 16]:3ee147ae,C[13, 16]:3fd645a2
A[13, 3]:3f3bbbbc,B[13, 16]:3e23d70a,C[13, 16]:3feccccd
A[13, 4]:3e2aaaab,B[13, 16]:3f6147ae,C[13, 16]:40047ae1
A[13, 5]:3f19999a,B[13, 16]:3f199999,C[13, 16]:40270a3d
A[13, 6]:3d088889,B[13, 16]:3ea3d70a,C[13, 16]:40281062
A[13, 7]:3eeeeef0,B[13, 16]:3d23d70a,C[13, 16]:4029db23
A[13, 8]:3f666667,B[13, 16]:3f428f5c,C[13, 16]:406b851f
A[13, 9]:3eaaaaab,B[13, 16]:3ef5c28f,C[13, 16]:407ae148
A[13, 10]:3f444445,B[13, 16]:3e4ccccc,C[13, 16]:4084cccd
A[13, 11]:3e4cccce,B[13, 16]:3f6b851e,C[13, 16]:408da1cb
A[13, 12]:3f222223,B[13, 16]:3f23d70a,C[13, 16]:40a11688
A[13, 13]:3d888889,B[13, 16]:3eb851eb,C[13, 16]:40a23d71
A[13, 14]:3f000000,B[13, 16]:3da3d70a,C[13, 16]:40a428f6
A[13, 15]:3f6eeef0,B[13, 16]:3f4ccccc,C[13, 16]:40c80000
A[13, 16]:3ebbbbbc,B[13, 16]:3f051eb8,C[13, 16]:40d126e9
A[13, 17]:3f4cccce,B[13, 16]:3e75c28f,C[13, 16]:40da5e35
A[13, 18]:3e6eeef0,B[13, 16]:3f75c28f,C[13, 16]:40e51eb8
A[13, 19]:3f2aaaab,B[13, 16]:3f2e147b,C[13, 16]:40fae147
A[13, 20]:3dccccce,B[13, 16]:3ecccccc,C[13, 16]:40fccccc
A[13, 21]:3f088889,B[13, 16]:3df5c28f,C[13, 16]:40ffdf3b
A[13, 22]:3f777778,B[13, 16]:3f570a3d,C[13, 16]:41136c8b
A[13, 23]:3eccccce,B[13, 16]:3f0f5c29,C[13, 16]:4118cccd
A[13, 24]:3f555556,B[13, 16]:3e8f5c29,C[13, 16]:411e6667
A[13, 25]:3e888889,B[13, 16]:0,C[13, 16]:411e6667
A[13, 26]:3f333334,B[13, 16]:3f3851eb,C[13, 16]:412a7efa
A[13, 27]:3e088889,B[13, 16]:3ee147ae,C[13, 16]:412be76d
A[13, 28]:3f111112,B[13, 16]:3e23d70a,C[13, 16]:412e147b
A[13, 29]:0,B[13, 16]:3f6147ae,C[13, 16]:412e147b
A[13, 0]:3edddddf,B[13, 17]:0,C[13, 17]:3df5c290
A[13, 1]:3f5ddddf,B[13, 17]:3f428f5c,C[13, 17]:3f8dd2f2
A[13, 2]:3e99999a,B[13, 17]:3f051eb8,C[13, 17]:3fabc6a8
A[13, 3]:3f3bbbbc,B[13, 17]:3e8f5c29,C[13, 17]:3fd33333
A[13, 4]:3e2aaaab,B[13, 17]:3d23d70a,C[13, 17]:3fd47ae1
A[13, 5]:3f19999a,B[13, 17]:3f4ccccc,C[13, 17]:401851eb
A[13, 6]:3d088889,B[13, 17]:3f0f5c29,C[13, 17]:401a1cac
A[13, 7]:3eeeeef0,B[13, 17]:3ea3d70a,C[13, 17]:402872b0
A[13, 8]:3f666667,B[13, 17]:3da3d70a,C[13, 17]:402f5c29
A[13, 9]:3eaaaaab,B[13, 17]:3f570a3d,C[13, 17]:404a3d71
A[13, 10]:3f444445,B[13, 17]:3f199999,C[13, 17]:40766667
A[13, 11]:3e4cccce,B[13, 17]:3eb851eb,C[13, 17]:407d4fe0
A[13, 12]:3f222223,B[13, 17]:3df5c28f,C[13, 17]:40824dd3
A[13, 13]:3d888889,B[13, 17]:3f6147ae,C[13, 17]:40851eb8
A[13, 14]:3f000000,B[13, 17]:3f23d70a,C[13, 17]:40947ae1
A[13, 15]:3f6eeef0,B[13, 17]:3ecccccc,C[13, 17]:40a66666
A[13, 16]:3ebbbbbc,B[13, 17]:3e23d70a,C[13, 17]:40a9374b
A[13, 17]:3f4cccce,B[13, 17]:3f6b851e,C[13, 17]:40cc8b43
A[13, 18]:3e6eeef0,B[13, 17]:3f2e147b,C[13, 17]:40d428f5
A[13, 19]:3f2aaaab,B[13, 17]:3ee147ae,C[13, 17]:40e23d70
A[13, 20]:3dccccce,B[13, 17]:3e4ccccc,C[13, 17]:40e33333
A[13, 21]:3f088889,B[13, 17]:3f75c28f,C[13, 17]:40fbc6a8
A[13, 22]:3f777778,B[13, 17]:3f3851eb,C[13, 17]:410e978d
A[13, 23]:3eccccce,B[13, 17]:3ef5c28f,C[13, 17]:41133333
A[13, 24]:3f555556,B[13, 17]:3e75c28f,C[13, 17]:41180000
A[13, 25]:3e888889,B[13, 17]:0,C[13, 17]:41180000
A[13, 26]:3f333334,B[13, 17]:3f428f5c,C[13, 17]:4124c49c
A[13, 27]:3e088889,B[13, 17]:3f051eb8,C[13, 17]:41266e98
A[13, 28]:3f111112,B[13, 17]:3e8f5c29,C[13, 17]:412a3d71
A[13, 29]:0,B[13, 17]:3d23d70a,C[13, 17]:412a3d71
A[13, 0]:3edddddf,B[13, 18]:0,C[13, 18]:3f666667
A[13, 1]:3f5ddddf,B[13, 18]:3f4ccccc,C[13, 18]:3ff851ec
A[13, 2]:3e99999a,B[13, 18]:3f199999,C[13, 18]:400d70a4
A[13, 3]:3f3bbbbc,B[13, 18]:3ecccccc,C[13, 18]:4029999a
A[13, 4]:3e2aaaab,B[13, 18]:3e4ccccc,C[13, 18]:402ccccd
A[13, 5]:3f19999a,B[13, 18]:0,C[13, 18]:402ccccd
A[13, 6]:3d088889,B[13, 18]:3f4ccccc,C[13, 18]:402f5c29
A[13, 7]:3eeeeef0,B[13, 18]:3f199999,C[13, 18]:404a3d71
A[13, 8]:3f666667,B[13, 18]:3ecccccc,C[13, 18]:406ccccd
A[13, 9]:3eaaaaab,B[13, 18]:3e4ccccc,C[13, 18]:40733333
A[13, 10]:3f444445,B[13, 18]:0,C[13, 18]:40733333
A[13, 11]:3e4cccce,B[13, 18]:3f4ccccc,C[13, 18]:408147ae
A[13, 12]:3f222223,B[13, 18]:3f199999,C[13, 18]:4093851f
A[13, 13]:3d888889,B[13, 18]:3ecccccc,C[13, 18]:4094cccd
A[13, 14]:3f000000,B[13, 18]:3e4ccccc,C[13, 18]:4099999a
A[13, 15]:3f6eeef0,B[13, 18]:0,C[13, 18]:4099999a
A[13, 16]:3ebbbbbc,B[13, 18]:3f4ccccc,C[13, 18]:40a7ae15
A[13, 17]:3f4cccce,B[13, 18]:3f199999,C[13, 18]:40beb852
A[13, 18]:3e6eeef0,B[13, 18]:3ecccccc,C[13, 18]:40c33333
A[13, 19]:3f2aaaab,B[13, 18]:3e4ccccc,C[13, 18]:40c99999
A[13, 20]:3dccccce,B[13, 18]:0,C[13, 18]:40c99999
A[13, 21]:3f088889,B[13, 18]:3f4ccccc,C[13, 18]:40de147a
A[13, 22]:3f777778,B[13, 18]:3f199999,C[13, 18]:40f9eb84
A[13, 23]:3eccccce,B[13, 18]:3ecccccc,C[13, 18]:4100cccc
A[13, 24]:3f555556,B[13, 18]:3e4ccccc,C[13, 18]:4104cccc
A[13, 25]:3e888889,B[13, 18]:0,C[13, 18]:4104cccc
A[13, 26]:3f333334,B[13, 18]:3f4ccccc,C[13, 18]:41123d70
A[13, 27]:3e088889,B[13, 18]:3f199999,C[13, 18]:411428f5
A[13, 28]:3f111112,B[13, 18]:3ecccccc,C[13, 18]:41199999
A[13, 29]:0,B[13, 18]:3e4ccccc,C[13, 18]:41199999
A[13, 0]:3edddddf,B[13, 19]:0,C[13, 19]:3ef5c290
A[13, 1]:3f5ddddf,B[13, 19]:3f570a3d,C[13, 19]:3fc9374c
A[13, 2]:3e99999a,B[13, 19]:3f2e147b,C[13, 19]:3ff0624e
A[13, 3]:3f3bbbbc,B[13, 19]:3f051eb8,C[13, 19]:401ccccd
A[13, 4]:3e2aaaab,B[13, 19]:3eb851eb,C[13, 19]:40228f5c
A[13, 5]:3f19999a,B[13, 19]:3e4ccccc,C[13, 19]:402e147b
A[13, 6]:3d088889,B[13, 19]:3d23d70a,C[13, 19]:402e3540
A[13, 7]:3eeeeef0,B[13, 19]:3f6147ae,C[13, 19]:4055a1cc
A[13, 8]:3f666667,B[13, 19]:3f3851eb,C[13, 19]:4089eb86
A[13, 9]:3eaaaaab,B[13, 19]:3f0f5c29,C[13, 19]:4092e149
A[13, 10]:3f444445,B[13, 19]:3ecccccc,C[13, 19]:40a1999b
A[13, 11]:3e4cccce,B[13, 19]:3e75c28f,C[13, 19]:40a3e76e
A[13, 12]:3f222223,B[13, 19]:3da3d70a,C[13, 19]:40a65606
A[13, 13]:3d888889,B[13, 19]:3f6b851e,C[13, 19]:40a947b0
A[13, 14]:3f000000,B[13, 19]:3f428f5c,C[13, 19]:40bb8521
A[13, 15]:3f6eeef0,B[13, 19]:3f199999,C[13, 19]:40d66669
A[13, 16]:3ebbbbbc,B[13, 19]:3ee147ae,C[13, 19]:40de24e0
A[13, 17]:3f4cccce,B[13, 19]:3e8f5c29,C[13, 19]:40e8e563
A[13, 18]:3e6eeef0,B[13, 19]:3df5c28f,C[13, 19]:40ea3d73
A[13, 19]:3f2aaaab,B[13, 19]:3f75c28f,C[13, 19]:41047ae2
A[13, 20]:3dccccce,B[13, 19]:3f4ccccc,C[13, 19]:41066667
A[13, 21]:3f088889,B[13, 19]:3f23d70a,C[13, 19]:410e978e
A[13, 22]:3f777778,B[13, 19]:3ef5c28f,C[13, 19]:4119ba5f
A[13, 23]:3eccccce,B[13, 19]:3ea3d70a,C[13, 19]:411cccce
A[13, 24]:3f555556,B[13, 19]:3e23d70a,C[13, 19]:41200001
A[13, 25]:3e888889,B[13, 19]:0,C[13, 19]:41200001
A[13, 26]:3f333334,B[13, 19]:3f570a3d,C[13, 19]:412e1cad
A[13, 27]:3e088889,B[13, 19]:3f2e147b,C[13, 19]:413049bb
A[13, 28]:3f111112,B[13, 19]:3f051eb8,C[13, 19]:41375c2a
A[13, 29]:0,B[13, 19]:3eb851eb,C[13, 19]:41375c2a
A[13, 0]:3edddddf,B[13, 20]:0,C[13, 20]:3d75c290
A[13, 1]:3f5ddddf,B[13, 20]:3f6147ae,C[13, 20]:3f9a1cac
A[13, 2]:3e99999a,B[13, 20]:3f428f5c,C[13, 20]:3fc5e354
A[13, 3]:3f3bbbbc,B[13, 20]:3f23d70a,C[13, 20]:40100000
A[13, 4]:3e2aaaab,B[13, 20]:3f051eb8,C[13, 20]:401851ec
A[13, 5]:3f19999a,B[13, 20]:3ecccccc,C[13, 20]:402f5c29
A[13, 6]:3d088889,B[13, 20]:3e8f5c29,C[13, 20]:40304189
A[13, 7]:3eeeeef0,B[13, 20]:3e23d70a,C[13, 20]:40376c8b
A[13, 8]:3f666667,B[13, 20]:3d23d70a,C[13, 20]:403ae147
A[13, 9]:3eaaaaab,B[13, 20]:3f6b851e,C[13, 20]:405851eb
A[13, 10]:3f444445,B[13, 20]:3f4ccccc,C[13, 20]:40899999
A[13, 11]:3e4cccce,B[13, 20]:3f2e147b,C[13, 20]:409020c4
A[13, 12]:3f222223,B[13, 20]:3f0f5c29,C[13, 20]:40a126e9
A[13, 13]:3d888889,B[13, 20]:3ee147ae,C[13, 20]:40a28f5c
A[13, 14]:3f000000,B[13, 20]:3ea3d70a,C[13, 20]:40aa3d70
A[13, 15]:3f6eeef0,B[13, 20]:3e4ccccc,C[13, 20]:40b33333
A[13, 16]:3ebbbbbc,B[13, 20]:3da3d70a,C[13, 20]:40b49ba6
A[13, 17]:3f4cccce,B[13, 20]:3f75c28f,C[13, 20]:40d978d5
A[13, 18]:3e6eeef0,B[13, 20]:3f570a3d,C[13, 20]:40e2e148
A[13, 19]:3f2aaaab,B[13, 20]:3f3851eb,C[13, 20]:40f9eb85
A[13, 20]:3dccccce,B[13, 20]:3f199999,C[13, 20]:40fccccd
A[13, 21]:3f088889,B[13, 20]:3ef5c28f,C[13, 20]:41048b44
A[13, 22]:3f777778,B[13, 20]:3eb851eb,C[13, 20]:410ce561
A[13, 23]:3eccccce,B[13, 20]:3e75c28f,C[13, 20]:410f3334
A[13, 24]:3f555556,B[13, 20]:3df5c28f,C[13, 20]:4111999a
A[13, 25]:3e888889,B[13, 20]:0,C[13, 20]:4111999a
A[13, 26]:3f333334,B[13, 20]:3f6147ae,C[13, 20]:4120624e
A[13, 27]:3e088889,B[13, 20]:3f428f5c,C[13, 20]:4122d0e6
A[13, 28]:3f111112,B[13, 20]:3f23d70a,C[13, 20]:412b851f
A[13, 29]:0,B[13, 20]:3f051eb8,C[13, 20]:412b851f
A[13, 0]:3edddddf,B[13, 21]:0,C[13, 21]:3f570a3e
A[13, 1]:3f5ddddf,B[13, 21]:3f6b851e,C[13, 21]:40024dd3
A[13, 2]:3e99999a,B[13, 21]:3f570a3d,C[13, 21]:401a7efa
A[13, 3]:3f3bbbbc,B[13, 21]:3f428f5c,C[13, 21]:40500000
A[13, 4]:3e2aaaab,B[13, 21]:3f2e147b,C[13, 21]:405ae148
A[13, 5]:3f19999a,B[13, 21]:3f199999,C[13, 21]:407d70a4
A[13, 6]:3d088889,B[13, 21]:3f051eb8,C[13, 21]:407f1aa0
A[13, 7]:3eeeeef0,B[13, 21]:3ee147ae,C[13, 21]:40896873
A[13, 8]:3f666667,B[13, 21]:3eb851eb,C[13, 21]:4098f5c3
A[13, 9]:3eaaaaab,B[13, 21]:3e8f5c29,C[13, 21]:409d70a4
A[13, 10]:3f444445,B[13, 21]:3e4ccccc,C[13, 21]:40a4cccd
A[13, 11]:3e4cccce,B[13, 21]:3df5c28f,C[13, 21]:40a5f3b6
A[13, 12]:3f222223,B[13, 21]:3d23d70a,C[13, 21]:40a72b02
A[13, 13]:3d888889,B[13, 21]:3f75c28f,C[13, 21]:40aa3d71
A[13, 14]:3f000000,B[13, 21]:3f6147ae,C[13, 21]:40bf5c29
A[13, 15]:3f6eeef0,B[13, 21]:3f4ccccc,C[13, 21]:40e33333
A[13, 16]:3ebbbbbc,B[13, 21]:3f3851eb,C[13, 21]:40efdf3b
A[13, 17]:3f4cccce,B[13, 21]:3f23d70a,C[13, 21]:41043958
A[13, 18]:3e6eeef0,B[13, 21]:3f0f5c29,C[13, 21]:41075c29
A[13, 19]:3f2aaaab,B[13, 21]:3ef5c28f,C[13, 21]:410f0a3d
A[13, 20]:3dccccce,B[13, 21]:3ecccccc,C[13, 21]:41100000
A[13, 21]:3f088889,B[13, 21]:3ea3d70a,C[13, 21]:41141893
A[13, 22]:3f777778,B[13, 21]:3e75c28f,C[13, 21]:4119a9fb
A[13, 23]:3eccccce,B[13, 21]:3e23d70a,C[13, 21]:411b3332
A[13, 24]:3f555556,B[13, 21]:3da3d70a,C[13, 21]:411ccccc
A[13, 25]:3e888889,B[13, 21]:0,C[13, 21]:411ccccc
A[13, 26]:3f333334,B[13, 21]:3f6b851e,C[13, 21]:412c4188
A[13, 27]:3e088889,B[13, 21]:3f570a3d,C[13, 21]:412ef1a9
A[13, 28]:3f111112,B[13, 21]:3f428f5c,C[13, 21]:413947ad
A[13, 29]:0,B[13, 21]:3f2e147b,C[13, 21]:413947ad
A[13, 0]:3edddddf,B[13, 22]:0,C[13, 22]:3ed70a3e
A[13, 1]:3f5ddddf,B[13, 22]:3f75c28f,C[13, 22]:3fd58106
A[13, 2]:3e99999a,B[13, 22]:3f6b851e,C[13, 22]:40053f7d
A[13, 3]:3f3bbbbc,B[13, 22]:3f6147ae,C[13, 22]:40433333
A[13, 4]:3e2aaaab,B[13, 22]:3f570a3d,C[13, 22]:4050a3d7
A[13, 5]:3f19999a,B[13, 22]:3f4ccccc,C[13, 22]:407eb852
A[13, 6]:3d088889,B[13, 22]:3f428f5c,C[13, 22]:40809375
A[13, 7]:3eeeeef0,B[13, 22]:3f3851eb,C[13, 22]:4090b43a
A[13, 8]:3f666667,B[13, 22]:3f2e147b,C[13, 22]:40ae147c
A[13, 9]:3eaaaaab,B[13, 22]:3f23d70a,C[13, 22]:40b851ed
A[13, 10]:3f444445,B[13, 22]:3f199999,C[13, 22]:40ce6668
A[13, 11]:3e4cccce,B[13, 22]:3f0f5c29,C[13, 22]:40d3c6aa
A[13, 12]:3f222223,B[13, 22]:3f051eb8,C[13, 22]:40e39583
A[13, 13]:3d888889,B[13, 22]:3ef5c28f,C[13, 22]:40e51eba
A[13, 14]:3f000000,B[13, 22]:3ee147ae,C[13, 22]:40efae16
A[13, 15]:3f6eeef0,B[13, 22]:3ecccccc,C[13, 22]:4100ccce
A[13, 16]:3ebbbbbc,B[13, 22]:3eb851eb,C[13, 22]:4103f7d0
A[13, 17]:3f4cccce,B[13, 22]:3ea3d70a,C[13, 22]:410a1cad
A[13, 18]:3e6eeef0,B[13, 22]:3e8f5c29,C[13, 22]:410bae15
A[13, 19]:3f2aaaab,B[13, 22]:3e75c28f,C[13, 22]:410f851f
A[13, 20]:3dccccce,B[13, 22]:3e4ccccc,C[13, 22]:41100000
A[13, 21]:3f088889,B[13, 22]:3e23d70a,C[13, 22]:41120c4a
A[13, 22]:3f777778,B[13, 22]:3df5c28f,C[13, 22]:4114d4fe
A[13, 23]:3eccccce,B[13, 22]:3da3d70a,C[13, 22]:4115999a
A[13, 24]:3f555556,B[13, 22]:3d23d70a,C[13, 22]:41166667
A[13, 25]:3e888889,B[13, 22]:0,C[13, 22]:41166667
A[13, 26]:3f333334,B[13, 22]:3f75c28f,C[13, 22]:4126872c
A[13, 27]:3e088889,B[13, 22]:3f6b851e,C[13, 22]:412978d6
A[13, 28]:3f111112,B[13, 22]:3f6147ae,C[13, 22]:413570a5
A[13, 29]:0,B[13, 22]:3f570a3d,C[13, 22]:413570a5
A[13, 0]:3edddddf,B[13, 23]:0,C[13, 23]:0
A[13, 1]:3f5ddddf,B[13, 23]:0,C[13, 23]:0
A[13, 2]:3e99999a,B[13, 23]:0,C[13, 23]:0
A[13, 3]:3f3bbbbc,B[13, 23]:0,C[13, 23]:0
A[13, 4]:3e2aaaab,B[13, 23]:0,C[13, 23]:0
A[13, 5]:3f19999a,B[13, 23]:0,C[13, 23]:0
A[13, 6]:3d088889,B[13, 23]:0,C[13, 23]:0
A[13, 7]:3eeeeef0,B[13, 23]:0,C[13, 23]:0
A[13, 8]:3f666667,B[13, 23]:0,C[13, 23]:0
A[13, 9]:3eaaaaab,B[13, 23]:0,C[13, 23]:0
A[13, 10]:3f444445,B[13, 23]:0,C[13, 23]:0
A[13, 11]:3e4cccce,B[13, 23]:0,C[13, 23]:0
A[13, 12]:3f222223,B[13, 23]:0,C[13, 23]:0
A[13, 13]:3d888889,B[13, 23]:0,C[13, 23]:0
A[13, 14]:3f000000,B[13, 23]:0,C[13, 23]:0
A[13, 15]:3f6eeef0,B[13, 23]:0,C[13, 23]:0
A[13, 16]:3ebbbbbc,B[13, 23]:0,C[13, 23]:0
A[13, 17]:3f4cccce,B[13, 23]:0,C[13, 23]:0
A[13, 18]:3e6eeef0,B[13, 23]:0,C[13, 23]:0
A[13, 19]:3f2aaaab,B[13, 23]:0,C[13, 23]:0
A[13, 20]:3dccccce,B[13, 23]:0,C[13, 23]:0
A[13, 21]:3f088889,B[13, 23]:0,C[13, 23]:0
A[13, 22]:3f777778,B[13, 23]:0,C[13, 23]:0
A[13, 23]:3eccccce,B[13, 23]:0,C[13, 23]:0
A[13, 24]:3f555556,B[13, 23]:0,C[13, 23]:0
A[13, 25]:3e888889,B[13, 23]:0,C[13, 23]:0
A[13, 26]:3f333334,B[13, 23]:0,C[13, 23]:0
A[13, 27]:3e088889,B[13, 23]:0,C[13, 23]:0
A[13, 28]:3f111112,B[13, 23]:0,C[13, 23]:0
A[13, 29]:0,B[13, 23]:0,C[13, 23]:0
A[13, 0]:3edddddf,B[13, 24]:0,C[13, 24]:3f47ae16
A[13, 1]:3f5ddddf,B[13, 24]:3d23d70a,C[13, 24]:3f54fdf5
A[13, 2]:3e99999a,B[13, 24]:3da3d70a,C[13, 24]:3f5e3541
A[13, 3]:3f3bbbbc,B[13, 24]:3df5c28f,C[13, 24]:3f800001
A[13, 4]:3e2aaaab,B[13, 24]:3e23d70a,C[13, 24]:3f851eb9
A[13, 5]:3f19999a,B[13, 24]:3e4ccccc,C[13, 24]:3f9c28f6
A[13, 6]:3d088889,B[13, 24]:3e75c28f,C[13, 24]:3f9db22d
A[13, 7]:3eeeeef0,B[13, 24]:3e8f5c29,C[13, 24]:3fb6c8b4
A[13, 8]:3f666667,B[13, 24]:3ea3d70a,C[13, 24]:3fee147b
A[13, 9]:3eaaaaab,B[13, 24]:3eb851eb,C[13, 24]:40028f5c
A[13, 10]:3f444445,B[13, 24]:3ecccccc,C[13, 24]:40200000
A[13, 11]:3e4cccce,B[13, 24]:3ee147ae,C[13, 24]:402872b0
A[13, 12]:3f222223,B[13, 24]:3ef5c28f,C[13, 24]:4045a1cb
A[13, 13]:3d888889,B[13, 24]:3f051eb8,C[13, 24]:4048f5c3
A[13, 14]:3f000000,B[13, 24]:3f0f5c29,C[13, 24]:4063d70b
A[13, 15]:3f6eeef0,B[13, 24]:3f199999,C[13, 24]:408ccccd
A[13, 16]:3ebbbbbc,B[13, 24]:3f23d70a,C[13, 24]:40981062
A[13, 17]:3f4cccce,B[13, 24]:3f2e147b,C[13, 24]:40b22d0e
A[13, 18]:3e6eeef0,B[13, 24]:3f3851eb,C[13, 24]:40ba3d70
A[13, 19]:3f2aaaab,B[13, 24]:3f428f5c,C[13, 24]:40d28f5c
A[13, 20]:3dccccce,B[13, 24]:3f4ccccc,C[13, 24]:40d66666
A[13, 21]:3f088889,B[13, 24]:3f570a3d,C[13, 24]:40ebe76c
A[13, 22]:3f777778,B[13, 24]:3f6147ae,C[13, 24]:410a5e35
A[13, 23]:3eccccce,B[13, 24]:3f6b851e,C[13, 24]:41133333
A[13, 24]:3f555556,B[13, 24]:3f75c28f,C[13, 24]:41266666
A[13, 25]:3e888889,B[13, 24]:0,C[13, 24]:41266666
A[13, 26]:3f333334,B[13, 24]:3d23d70a,C[13, 24]:4127126e
A[13, 27]:3e088889,B[13, 24]:3da3d70a,C[13, 24]:412753f7
A[13, 28]:3f111112,B[13, 24]:3df5c28f,C[13, 24]:4128f5c2
A[13, 29]:0,B[13, 24]:3e23d70a,C[13, 24]:4128f5c2

done computing: 13, print C
C[13, 0]:412051eb,C[13, 1]:412e147d,C[13, 2]:41223d71,C[13, 3]:41066666,C[13, 4]:412f5c29,C[13, 5]:412b851f,C[13, 6]:413947af,C[13, 7]:412fd70b,C[13, 8]:410fffff,C[13, 9]:4124f5c2,C[13, 10]:41291eb8,C[13, 11]:41307ae1,C[13, 12]:4147d70a,C[13, 13]:41100000,C[13, 14]:4129c290,C[13, 15]:4133851e,C[13, 16]:412e147b,C[13, 17]:412a3d71,C[13, 18]:41199999,C[13, 19]:41375c2a,C[13, 20]:412b851f,C[13, 21]:413947ad,C[13, 22]:413570a5,C[13, 23]:0,C[13, 24]:4128f5c2,

//========================

Init I: 14
C[14, 0]:3d4ccccd->3d75c290,C[14, 1]:3f400000->3f666667,C[14, 2]:3ee66667->3f0a3d71,C[14, 3]:3e19999a->3e3851ec,C[14, 4]:3f59999a->3f828f5d,C[14, 5]:3f0ccccd->3f28f5c3,C[14, 6]:3e800000->3e99999a,C[14, 7]:3f733333->3f91eb85,C[14, 8]:3f266667->3f47ae16,C[14, 9]:3eb33333->3ed70a3e,C[14, 10]:3d4ccccd->3d75c290,C[14, 11]:3f400000->3f666667,C[14, 12]:3ee66667->3f0a3d71,C[14, 13]:3e19999a->3e3851ec,C[14, 14]:3f59999a->3f828f5d,C[14, 15]:3f0ccccd->3f28f5c3,C[14, 16]:3e800000->3e99999a,C[14, 17]:3f733333->3f91eb85,C[14, 18]:3f266667->3f47ae16,C[14, 19]:3eb33333->3ed70a3e,C[14, 20]:3d4ccccd->3d75c290,C[14, 21]:3f400000->3f666667,C[14, 22]:3ee66667->3f0a3d71,C[14, 23]:3e19999a->3e3851ec,C[14, 24]:3f59999a->3f828f5d,
Start computing: 14
A[14, 0]:3eeeeef0,B[14, 0]:0,C[14, 0]:3d75c290
A[14, 1]:3f6eeef0,B[14, 0]:3da3d70a,C[14, 0]:3e3020c5
A[14, 2]:3eccccce,B[14, 0]:3e23d70a,C[14, 0]:3e89374c
A[14, 3]:3f5ddddf,B[14, 0]:3e75c28f,C[14, 0]:3f147ae2
A[14, 4]:3eaaaaab,B[14, 0]:3ea3d70a,C[14, 0]:3f3d70a4
A[14, 5]:3f4cccce,B[14, 0]:3ecccccc,C[14, 0]:3f9c28f6
A[14, 6]:3e888889,B[14, 0]:3ef5c28f,C[14, 0]:3fb4bc6b
A[14, 7]:3f3bbbbc,B[14, 0]:3f0f5c29,C[14, 0]:4001cac1
A[14, 8]:3e4cccce,B[14, 0]:3f23d70a,C[14, 0]:400e147b
A[14, 9]:3f2aaaab,B[14, 0]:3f3851eb,C[14, 0]:403c28f6
A[14, 10]:3e088889,B[14, 0]:3f4ccccc,C[14, 0]:40466667
A[14, 11]:3f19999a,B[14, 0]:3f6147ae,C[14, 0]:40791688
A[14, 12]:3d888889,B[14, 0]:3f75c28f,C[14, 0]:407f3b65
A[14, 13]:3f088889,B[14, 0]:3d23d70a,C[14, 0]:4080a3d7
A[14, 14]:0,B[14, 0]:3df5c28f,C[14, 0]:4080a3d7
A[14, 15]:3eeeeef0,B[14, 0]:3e4ccccc,C[14, 0]:40851eb8
A[14, 16]:3f6eeef0,B[14, 0]:3e8f5c29,C[14, 0]:4091a9fc
A[14, 17]:3eccccce,B[14, 0]:3eb851eb,C[14, 0]:40989375
A[14, 18]:3f5ddddf,B[14, 0]:3ee147ae,C[14, 0]:40aae148
A[14, 19]:3eaaaaab,B[14, 0]:3f051eb8,C[14, 0]:40b33334
A[14, 20]:3f4cccce,B[14, 0]:3f199999,C[14, 0]:40ca3d71
A[14, 21]:3e888889,B[14, 0]:3f2e147b,C[14, 0]:40d2f1aa
A[14, 22]:3f3bbbbc,B[14, 0]:3f428f5c,C[14, 0]:40edb22d
A[14, 23]:3e4cccce,B[14, 0]:3f570a3d,C[14, 0]:40f5c28f
A[14, 24]:3f2aaaab,B[14, 0]:3f6b851e,C[14, 0]:41099999
A[14, 25]:3e088889,B[14, 0]:0,C[14, 0]:41099999
A[14, 26]:3f19999a,B[14, 0]:3da3d70a,C[14, 0]:410ac082
A[14, 27]:3d888889,B[14, 0]:3e23d70a,C[14, 0]:410b020b
A[14, 28]:3f088889,B[14, 0]:3e75c28f,C[14, 0]:410e147a
A[14, 29]:0,B[14, 0]:3ea3d70a,C[14, 0]:410e147a
A[14, 0]:3eeeeef0,B[14, 1]:0,C[14, 1]:3f666667
A[14, 1]:3f6eeef0,B[14, 1]:3df5c28f,C[14, 1]:3f88b43a
A[14, 2]:3eccccce,B[14, 1]:3e75c28f,C[14, 1]:3f9b22d2
A[14, 3]:3f5ddddf,B[14, 1]:3eb851eb,C[14, 1]:3fd70a3e
A[14, 4]:3eaaaaab,B[14, 1]:3ef5c28f,C[14, 1]:3ff5c290
A[14, 5]:3f4cccce,B[14, 1]:3f199999,C[14, 1]:4028f5c3
A[14, 6]:3e888889,B[14, 1]:3f3851eb,C[14, 1]:403b645b
A[14, 7]:3f3bbbbc,B[14, 1]:3f570a3d,C[14, 1]:4076872c
A[14, 8]:3e4cccce,B[14, 1]:3f75c28f,C[14, 1]:40847ae2
A[14, 9]:3f2aaaab,B[14, 1]:3da3d70a,C[14, 1]:40870a3e
A[14, 10]:3e088889,B[14, 1]:3e4ccccc,C[14, 1]:408851ec
A[14, 11]:3f19999a,B[14, 1]:3ea3d70a,C[14, 1]:40918938
A[14, 12]:3d888889,B[14, 1]:3ee147ae,C[14, 1]:4092f1ab
A[14, 13]:3f088889,B[14, 1]:3f0f5c29,C[14, 1]:40a147af
A[14, 14]:0,B[14, 1]:3f2e147b,C[14, 1]:40a147af
A[14, 15]:3eeeeef0,B[14, 1]:3f4ccccc,C[14, 1]:40b33334
A[14, 16]:3f6eeef0,B[14, 1]:3f6b851e,C[14, 1]:40dc6a80
A[14, 17]:3eccccce,B[14, 1]:3d23d70a,C[14, 1]:40dd2f1c
A[14, 18]:3f5ddddf,B[14, 1]:3e23d70a,C[14, 1]:40e3d70c
A[14, 19]:3eaaaaab,B[14, 1]:3e8f5c29,C[14, 1]:40e851ed
A[14, 20]:3f4cccce,B[14, 1]:3ecccccc,C[14, 1]:40f7ae16
A[14, 21]:3e888889,B[14, 1]:3f051eb8,C[14, 1]:40fe5606
A[14, 22]:3f3bbbbc,B[14, 1]:3f23d70a,C[14, 1]:410a6e98
A[14, 23]:3e4cccce,B[14, 1]:3f428f5c,C[14, 1]:410e147b
A[14, 24]:3f2aaaab,B[14, 1]:3f6147ae,C[14, 1]:411c28f6
A[14, 25]:3e088889,B[14, 1]:0,C[14, 1]:411c28f6
A[14, 26]:3f19999a,B[14, 1]:3df5c28f,C[14, 1]:411de354
A[14, 27]:3d888889,B[14, 1]:3e75c28f,C[14, 1]:411e45a2
A[14, 28]:3f088889,B[14, 1]:3eb851eb,C[14, 1]:4122e148
A[14, 29]:0,B[14, 1]:3ef5c28f,C[14, 1]:4122e148
A[14, 0]:3eeeeef0,B[14, 2]:0,C[14, 2]:3f0a3d71
A[14, 1]:3f6eeef0,B[14, 2]:3e23d70a,C[14, 2]:3f439582
A[14, 2]:3eccccce,B[14, 2]:3ea3d70a,C[14, 2]:3f74bc6c
A[14, 3]:3f5ddddf,B[14, 2]:3ef5c28f,C[14, 2]:3fca3d72
A[14, 4]:3eaaaaab,B[14, 2]:3f23d70a,C[14, 2]:3ff33334
A[14, 5]:3f4cccce,B[14, 2]:3f4ccccc,C[14, 2]:40370a3e
A[14, 6]:3e888889,B[14, 2]:3f75c28f,C[14, 2]:404f9db3
A[14, 7]:3f3bbbbc,B[14, 2]:3df5c28f,C[14, 2]:40581063
A[14, 8]:3e4cccce,B[14, 2]:3e8f5c29,C[14, 2]:405d70a5
A[14, 9]:3f2aaaab,B[14, 2]:3ee147ae,C[14, 2]:4079999b
A[14, 10]:3e088889,B[14, 2]:3f199999,C[14, 2]:4080a3d8
A[14, 11]:3f19999a,B[14, 2]:3f428f5c,C[14, 2]:4096872c
A[14, 12]:3d888889,B[14, 2]:3f6b851e,C[14, 2]:409978d6
A[14, 13]:3f088889,B[14, 2]:3da3d70a,C[14, 2]:409b8520
A[14, 14]:0,B[14, 2]:3e75c28f,C[14, 2]:409b8520
A[14, 15]:3eeeeef0,B[14, 2]:3ecccccc,C[14, 2]:40a47ae3
A[14, 16]:3f6eeef0,B[14, 2]:3f0f5c29,C[14, 2]:40bd916a
A[14, 17]:3eccccce,B[14, 2]:3f3851eb,C[14, 2]:40cb645c
A[14, 18]:3f5ddddf,B[14, 2]:3f6147ae,C[14, 2]:40f00002
A[14, 19]:3eaaaaab,B[14, 2]:3d23d70a,C[14, 2]:40f0a3d9
A[14, 20]:3f4cccce,B[14, 2]:3e4ccccc,C[14, 2]:40f851ed
A[14, 21]:3e888889,B[14, 2]:3eb851eb,C[14, 2]:40fced93
A[14, 22]:3f3bbbbc,B[14, 2]:3f051eb8,C[14, 2]:41079db3
A[14, 23]:3e4cccce,B[14, 2]:3f2e147b,C[14, 2]:410ae149
A[14, 24]:3f2aaaab,B[14, 2]:3f570a3d,C[14, 2]:411851ed
A[14, 25]:3e088889,B[14, 2]:0,C[14, 2]:411851ed
A[14, 26]:3f19999a,B[14, 2]:3e23d70a,C[14, 2]:411a9fc0
A[14, 27]:3d888889,B[14, 2]:3ea3d70a,C[14, 2]:411b22d2
A[14, 28]:3f088889,B[14, 2]:3ef5c28f,C[14, 2]:412147af
A[14, 29]:0,B[14, 2]:3f23d70a,C[14, 2]:412147af
A[14, 0]:3eeeeef0,B[14, 3]:0,C[14, 3]:3e3851ec
A[14, 1]:3f6eeef0,B[14, 3]:3e4ccccc,C[14, 3]:3eeb851f
A[14, 2]:3eccccce,B[14, 3]:3ecccccc,C[14, 3]:3f333333
A[14, 3]:3f5ddddf,B[14, 3]:3f199999,C[14, 3]:3fbd70a4
A[14, 4]:3eaaaaab,B[14, 3]:3f4ccccc,C[14, 3]:3ff0a3d7
A[14, 5]:3f4cccce,B[14, 3]:0,C[14, 3]:3ff0a3d7
A[14, 6]:3e888889,B[14, 3]:3e4ccccc,C[14, 3]:3ffae148
A[14, 7]:3f3bbbbc,B[14, 3]:3ecccccc,C[14, 3]:4019999a
A[14, 8]:3e4cccce,B[14, 3]:3f199999,C[14, 3]:40251eb9
A[14, 9]:3f2aaaab,B[14, 3]:3f4ccccc,C[14, 3]:405851ec
A[14, 10]:3e088889,B[14, 3]:0,C[14, 3]:405851ec
A[14, 11]:3f19999a,B[14, 3]:3e4ccccc,C[14, 3]:4063d70b
A[14, 12]:3d888889,B[14, 3]:3ecccccc,C[14, 3]:40666667
A[14, 13]:3f088889,B[14, 3]:3f199999,C[14, 3]:40828f5c
A[14, 14]:0,B[14, 3]:3f4ccccc,C[14, 3]:40828f5c
A[14, 15]:3eeeeef0,B[14, 3]:0,C[14, 3]:40828f5c
A[14, 16]:3f6eeef0,B[14, 3]:3e4ccccc,C[14, 3]:408b851f
A[14, 17]:3eccccce,B[14, 3]:3ecccccc,C[14, 3]:40933333
A[14, 18]:3f5ddddf,B[14, 3]:3f199999,C[14, 3]:40ac28f6
A[14, 19]:3eaaaaab,B[14, 3]:3f4ccccc,C[14, 3]:40b8f5c3
A[14, 20]:3f4cccce,B[14, 3]:0,C[14, 3]:40b8f5c3
A[14, 21]:3e888889,B[14, 3]:3e4ccccc,C[14, 3]:40bb851f
A[14, 22]:3f3bbbbc,B[14, 3]:3ecccccc,C[14, 3]:40c9999a
A[14, 23]:3e4cccce,B[14, 3]:3f199999,C[14, 3]:40cf5c29
A[14, 24]:3f2aaaab,B[14, 3]:3f4ccccc,C[14, 3]:40e8f5c2
A[14, 25]:3e088889,B[14, 3]:0,C[14, 3]:40e8f5c2
A[14, 26]:3f19999a,B[14, 3]:3e4ccccc,C[14, 3]:40eeb851
A[14, 27]:3d888889,B[14, 3]:3ecccccc,C[14, 3]:40efffff
A[14, 28]:3f088889,B[14, 3]:3f199999,C[14, 3]:40ff5c28
A[14, 29]:0,B[14, 3]:3f4ccccc,C[14, 3]:40ff5c28
A[14, 0]:3eeeeef0,B[14, 4]:0,C[14, 4]:3f828f5d
A[14, 1]:3f6eeef0,B[14, 4]:3e75c28f,C[14, 4]:3fad916a
A[14, 2]:3eccccce,B[14, 4]:3ef5c28f,C[14, 4]:3fd26e99
A[14, 3]:3f5ddddf,B[14, 4]:3f3851eb,C[14, 4]:40251eb9
A[14, 4]:3eaaaaab,B[14, 4]:3f75c28f,C[14, 4]:4043d70b
A[14, 5]:3f4cccce,B[14, 4]:3e4ccccc,C[14, 4]:40533334
A[14, 6]:3e888889,B[14, 4]:3ee147ae,C[14, 4]:405e76ca
A[14, 7]:3f3bbbbc,B[14, 4]:3f2e147b,C[14, 4]:40872b03
A[14, 8]:3e4cccce,B[14, 4]:3f6b851e,C[14, 4]:40900001
A[14, 9]:3f2aaaab,B[14, 4]:3e23d70a,C[14, 4]:40951eb9
A[14, 10]:3e088889,B[14, 4]:3ecccccc,C[14, 4]:4097ae15
A[14, 11]:3f19999a,B[14, 4]:3f23d70a,C[14, 4]:40aa1cad
A[14, 12]:3d888889,B[14, 4]:3f6147ae,C[14, 4]:40aced92
A[14, 13]:3f088889,B[14, 4]:3df5c28f,C[14, 4]:40b00001
A[14, 14]:0,B[14, 4]:3eb851eb,C[14, 4]:40b00001
A[14, 15]:3eeeeef0,B[14, 4]:3f199999,C[14, 4]:40bd70a5
A[14, 16]:3f6eeef0,B[14, 4]:3f570a3d,C[14, 4]:40e31270
A[14, 17]:3eccccce,B[14, 4]:3da3d70a,C[14, 4]:40e49ba7
A[14, 18]:3f5ddddf,B[14, 4]:3ea3d70a,C[14, 4]:40f1eb86
A[14, 19]:3eaaaaab,B[14, 4]:3f0f5c29,C[14, 4]:40fae149
A[14, 20]:3f4cccce,B[14, 4]:3f4ccccc,C[14, 4]:410ccccd
A[14, 21]:3e888889,B[14, 4]:3d23d70a,C[14, 4]:410d0e56
A[14, 22]:3f3bbbbc,B[14, 4]:3e8f5c29,C[14, 4]:4111fbe7
A[14, 23]:3e4cccce,B[14, 4]:3f051eb8,C[14, 4]:41147ae1
A[14, 24]:3f2aaaab,B[14, 4]:3f428f5c,C[14, 4]:4120a3d7
A[14, 25]:3e088889,B[14, 4]:0,C[14, 4]:4120a3d7
A[14, 26]:3f19999a,B[14, 4]:3e75c28f,C[14, 4]:41241893
A[14, 27]:3d888889,B[14, 4]:3ef5c28f,C[14, 4]:4124dd2f
A[14, 28]:3f088889,B[14, 4]:3f3851eb,C[14, 4]:412e147b
A[14, 29]:0,B[14, 4]:3f75c28f,C[14, 4]:412e147b
A[14, 0]:3eeeeef0,B[14, 5]:0,C[14, 5]:3f28f5c3
A[14, 1]:3f6eeef0,B[14, 5]:3e8f5c29,C[14, 5]:3f86a7f0
A[14, 2]:3eccccce,B[14, 5]:3f0f5c29,C[14, 5]:3fb1a9fc
A[14, 3]:3f5ddddf,B[14, 5]:3f570a3d,C[14, 5]:401eb852
A[14, 4]:3eaaaaab,B[14, 5]:3df5c28f,C[14, 5]:40228f5c
A[14, 5]:3f4cccce,B[14, 5]:3ecccccc,C[14, 5]:404147ae
A[14, 6]:3e888889,B[14, 5]:3f2e147b,C[14, 5]:4052b021
A[14, 7]:3f3bbbbc,B[14, 5]:3f75c28f,C[14, 5]:408b22d1
A[14, 8]:3e4cccce,B[14, 5]:3e75c28f,C[14, 5]:408d70a4
A[14, 9]:3f2aaaab,B[14, 5]:3f051eb8,C[14, 5]:409e147b
A[14, 10]:3e088889,B[14, 5]:3f4ccccc,C[14, 5]:40a33333
A[14, 11]:3f19999a,B[14, 5]:3da3d70a,C[14, 5]:40a58106
A[14, 12]:3d888889,B[14, 5]:3eb851eb,C[14, 5]:40a6a7ef
A[14, 13]:3f088889,B[14, 5]:3f23d70a,C[14, 5]:40b70a3d
A[14, 14]:0,B[14, 5]:3f6b851e,C[14, 5]:40b70a3d
A[14, 15]:3eeeeef0,B[14, 5]:3e4ccccc,C[14, 5]:40bb851e
A[14, 16]:3f6eeef0,B[14, 5]:3ef5c28f,C[14, 5]:40d10624
A[14, 17]:3eccccce,B[14, 5]:3f428f5c,C[14, 5]:40df9db1
A[14, 18]:3f5ddddf,B[14, 5]:3d23d70a,C[14, 5]:40e147ad
A[14, 19]:3eaaaaab,B[14, 5]:3ea3d70a,C[14, 5]:40e66665
A[14, 20]:3f4cccce,B[14, 5]:3f199999,C[14, 5]:40fd70a2
A[14, 21]:3e888889,B[14, 5]:3f6147ae,C[14, 5]:41045a1c
A[14, 22]:3f3bbbbc,B[14, 5]:3e23d70a,C[14, 5]:41072b01
A[14, 23]:3e4cccce,B[14, 5]:3ee147ae,C[14, 5]:410947ad
A[14, 24]:3f2aaaab,B[14, 5]:3f3851eb,C[14, 5]:4114cccc
A[14, 25]:3e088889,B[14, 5]:0,C[14, 5]:4114cccc
A[14, 26]:3f19999a,B[14, 5]:3e8f5c29,C[14, 5]:4118d4fd
A[14, 27]:3d888889,B[14, 5]:3f0f5c29,C[14, 5]:4119ba5d
A[14, 28]:3f088889,B[14, 5]:3f570a3d,C[14, 5]:41247ae0
A[14, 29]:0,B[14, 5]:3df5c28f,C[14, 5]:41247ae0
A[14, 0]:3eeeeef0,B[14, 6]:0,C[14, 6]:3e99999a
A[14, 1]:3f6eeef0,B[14, 6]:3ea3d70a,C[14, 6]:3f3f7cee
A[14, 2]:3eccccce,B[14, 6]:3f23d70a,C[14, 6]:3f90e560
A[14, 3]:3f5ddddf,B[14, 6]:3f75c28f,C[14, 6]:401851ec
A[14, 4]:3eaaaaab,B[14, 6]:3e8f5c29,C[14, 6]:402147af
A[14, 5]:3f4cccce,B[14, 6]:3f199999,C[14, 6]:404f5c2a
A[14, 6]:3e888889,B[14, 6]:3f6b851e,C[14, 6]:4066e97a
A[14, 7]:3f3bbbbc,B[14, 6]:3e75c28f,C[14, 6]:4077ceda
A[14, 8]:3e4cccce,B[14, 6]:3f0f5c29,C[14, 6]:408147af
A[14, 9]:3f2aaaab,B[14, 6]:3f6147ae,C[14, 6]:409d70a5
A[14, 10]:3e088889,B[14, 6]:3e4ccccc,C[14, 6]:409eb853
A[14, 11]:3f19999a,B[14, 6]:3f051eb8,C[14, 6]:40adb22e
A[14, 12]:3d888889,B[14, 6]:3f570a3d,C[14, 6]:40b0624f
A[14, 13]:3f088889,B[14, 6]:3e23d70a,C[14, 6]:40b47ae2
A[14, 14]:0,B[14, 6]:3ef5c28f,C[14, 6]:40b47ae2
A[14, 15]:3eeeeef0,B[14, 6]:3f4ccccc,C[14, 6]:40c66667
A[14, 16]:3f6eeef0,B[14, 6]:3df5c28f,C[14, 6]:40cbc6a9
A[14, 17]:3eccccce,B[14, 6]:3ee147ae,C[14, 6]:40d43959
A[14, 18]:3f5ddddf,B[14, 6]:3f428f5c,C[14, 6]:40f3d70b
A[14, 19]:3eaaaaab,B[14, 6]:3da3d70a,C[14, 6]:40f51eb9
A[14, 20]:3f4cccce,B[14, 6]:3ecccccc,C[14, 6]:41023d71
A[14, 21]:3e888889,B[14, 6]:3f3851eb,C[14, 6]:4106d917
A[14, 22]:3f3bbbbc,B[14, 6]:3d23d70a,C[14, 6]:41078d50
A[14, 23]:3e4cccce,B[14, 6]:3eb851eb,C[14, 6]:410947ae
A[14, 24]:3f2aaaab,B[14, 6]:3f2e147b,C[14, 6]:411428f6
A[14, 25]:3e088889,B[14, 6]:0,C[14, 6]:411428f6
A[14, 26]:3f19999a,B[14, 6]:3ea3d70a,C[14, 6]:4118c49c
A[14, 27]:3d888889,B[14, 6]:3f23d70a,C[14, 6]:4119cac1
A[14, 28]:3f088889,B[14, 6]:3f75c28f,C[14, 6]:4126147b
A[14, 29]:0,B[14, 6]:3e8f5c29,C[14, 6]:4126147b
A[14, 0]:3eeeeef0,B[14, 7]:0,C[14, 7]:3f91eb85
A[14, 1]:3f6eeef0,B[14, 7]:3eb851eb,C[14, 7]:3fd26e98
A[14, 2]:3eccccce,B[14, 7]:3f3851eb,C[14, 7]:4004dd2f
A[14, 3]:3f5ddddf,B[14, 7]:3da3d70a,C[14, 7]:400b851f
A[14, 4]:3eaaaaab,B[14, 7]:3ee147ae,C[14, 7]:4019999a
A[14, 5]:3f4cccce,B[14, 7]:3f4ccccc,C[14, 7]:40570a3e
A[14, 6]:3e888889,B[14, 7]:3e23d70a,C[14, 7]:405b22d1
A[14, 7]:3f3bbbbc,B[14, 7]:3f051eb8,C[14, 7]:407fbe77
A[14, 8]:3e4cccce,B[14, 7]:3f6147ae,C[14, 7]:408851ec
A[14, 9]:3f2aaaab,B[14, 7]:3e75c28f,C[14, 7]:40900000
A[14, 10]:3e088889,B[14, 7]:3f199999,C[14, 7]:4093d70a
A[14, 11]:3f19999a,B[14, 7]:3f75c28f,C[14, 7]:40af7ced
A[14, 12]:3d888889,B[14, 7]:3ea3d70a,C[14, 7]:40b08312
A[14, 13]:3f088889,B[14, 7]:3f2e147b,C[14, 7]:40c1eb85
A[14, 14]:0,B[14, 7]:3d23d70a,C[14, 7]:40c1eb85
A[14, 15]:3eeeeef0,B[14, 7]:3ecccccc,C[14, 7]:40cae148
A[14, 16]:3f6eeef0,B[14, 7]:3f428f5c,C[14, 7]:40eced92
A[14, 17]:3eccccce,B[14, 7]:3df5c28f,C[14, 7]:40ef3b65
A[14, 18]:3f5ddddf,B[14, 7]:3ef5c28f,C[14, 7]:4101999a
A[14, 19]:3eaaaaab,B[14, 7]:3f570a3d,C[14, 7]:410851ec
A[14, 20]:3f4cccce,B[14, 7]:3e4ccccc,C[14, 7]:410c28f6
A[14, 21]:3e888889,B[14, 7]:3f0f5c29,C[14, 7]:410fbe77
A[14, 22]:3f3bbbbc,B[14, 7]:3f6b851e,C[14, 7]:411fef9e
A[14, 23]:3e4cccce,B[14, 7]:3e8f5c29,C[14, 7]:412147ae
A[14, 24]:3f2aaaab,B[14, 7]:3f23d70a,C[14, 7]:412b851f
A[14, 25]:3e088889,B[14, 7]:0,C[14, 7]:412b851f
A[14, 26]:3f19999a,B[14, 7]:3eb851eb,C[14, 7]:4130b43a
A[14, 27]:3d888889,B[14, 7]:3f3851eb,C[14, 7]:4131db23
A[14, 28]:3f088889,B[14, 7]:3da3d70a,C[14, 7]:4132e148
A[14, 29]:0,B[14, 7]:3ee147ae,C[14, 7]:4132e148
A[14, 0]:3eeeeef0,B[14, 8]:0,C[14, 8]:3f47ae16
A[14, 1]:3f6eeef0,B[14, 8]:3ecccccc,C[14, 8]:3fab8520
A[14, 2]:3eccccce,B[14, 8]:3f4ccccc,C[14, 8]:3fe8f5c4
A[14, 3]:3f5ddddf,B[14, 8]:3e4ccccc,C[14, 8]:40051eb9
A[14, 4]:3eaaaaab,B[14, 8]:3f199999,C[14, 8]:401851ec
A[14, 5]:3f4cccce,B[14, 8]:0,C[14, 8]:401851ec
A[14, 6]:3e888889,B[14, 8]:3ecccccc,C[14, 8]:40228f5d
A[14, 7]:3f3bbbbc,B[14, 8]:3f4ccccc,C[14, 8]:405ae148
A[14, 8]:3e4cccce,B[14, 8]:3e4ccccc,C[14, 8]:405eb852
A[14, 9]:3f2aaaab,B[14, 8]:3f199999,C[14, 8]:40828f5c
A[14, 10]:3e088889,B[14, 8]:0,C[14, 8]:40828f5c
A[14, 11]:3f19999a,B[14, 8]:3ecccccc,C[14, 8]:408e147b
A[14, 12]:3d888889,B[14, 8]:3f4ccccc,C[14, 8]:4090a3d7
A[14, 13]:3f088889,B[14, 8]:3e4ccccc,C[14, 8]:4095c28f
A[14, 14]:0,B[14, 8]:3f199999,C[14, 8]:4095c28f
A[14, 15]:3eeeeef0,B[14, 8]:0,C[14, 8]:4095c28f
A[14, 16]:3f6eeef0,B[14, 8]:3ecccccc,C[14, 8]:40a7ae14
A[14, 17]:3eccccce,B[14, 8]:3f4ccccc,C[14, 8]:40b70a3d
A[14, 18]:3f5ddddf,B[14, 8]:3e4ccccc,C[14, 8]:40bf5c28
A[14, 19]:3eaaaaab,B[14, 8]:3f199999,C[14, 8]:40c8f5c2
A[14, 20]:3f4cccce,B[14, 8]:0,C[14, 8]:40c8f5c2
A[14, 21]:3e888889,B[14, 8]:3ecccccc,C[14, 8]:40ce147a
A[14, 22]:3f3bbbbc,B[14, 8]:3f4ccccc,C[14, 8]:40ea3d70
A[14, 23]:3e4cccce,B[14, 8]:3e4ccccc,C[14, 8]:40ec28f5
A[14, 24]:3f2aaaab,B[14, 8]:3f199999,C[14, 8]:40ff5c28
A[14, 25]:3e088889,B[14, 8]:0,C[14, 8]:40ff5c28
A[14, 26]:3f19999a,B[14, 8]:3ecccccc,C[14, 8]:410570a3
A[14, 27]:3d888889,B[14, 8]:3f4ccccc,C[14, 8]:4106b851
A[14, 28]:3f088889,B[14, 8]:3e4ccccc,C[14, 8]:410947ad
A[14, 29]:0,B[14, 8]:3f199999,C[14, 8]:410947ad
A[14, 0]:3eeeeef0,B[14, 9]:0,C[14, 9]:3ed70a3e
A[14, 1]:3f6eeef0,B[14, 9]:3ee147ae,C[14, 9]:3f849ba6
A[14, 2]:3eccccce,B[14, 9]:3f6147ae,C[14, 9]:3fc83127
A[14, 3]:3f5ddddf,B[14, 9]:3ea3d70a,C[14, 9]:3ffd70a4
A[14, 4]:3eaaaaab,B[14, 9]:3f428f5c,C[14, 9]:40170a3e
A[14, 5]:3f4cccce,B[14, 9]:3e4ccccc,C[14, 9]:40266667
A[14, 6]:3e888889,B[14, 9]:3f23d70a,C[14, 9]:4036c8b5
A[14, 7]:3f3bbbbc,B[14, 9]:3da3d70a,C[14, 9]:403c6a80
A[14, 8]:3e4cccce,B[14, 9]:3f051eb8,C[14, 9]:40466667
A[14, 9]:3f2aaaab,B[14, 9]:3f75c28f,C[14, 9]:4081eb85
A[14, 10]:3e088889,B[14, 9]:3ecccccc,C[14, 9]:40847ae1
A[14, 11]:3f19999a,B[14, 9]:3f570a3d,C[14, 9]:409cac08
A[14, 12]:3d888889,B[14, 9]:3e8f5c29,C[14, 9]:409d9168
A[14, 13]:3f088889,B[14, 9]:3f3851eb,C[14, 9]:40b00000
A[14, 14]:0,B[14, 9]:3e23d70a,C[14, 9]:40b00000
A[14, 15]:3eeeeef0,B[14, 9]:3f199999,C[14, 9]:40bd70a4
A[14, 16]:3f6eeef0,B[14, 9]:3d23d70a,C[14, 9]:40bf3b65
A[14, 17]:3eccccce,B[14, 9]:3ef5c28f,C[14, 9]:40c872b1
A[14, 18]:3f5ddddf,B[14, 9]:3f6b851e,C[14, 9]:40eeb853
A[14, 19]:3eaaaaab,B[14, 9]:3eb851eb,C[14, 9]:40f47ae2
A[14, 20]:3f4cccce,B[14, 9]:3f4ccccc,C[14, 9]:4109999a
A[14, 21]:3e888889,B[14, 9]:3e75c28f,C[14, 9]:410b22d1
A[14, 22]:3f3bbbbc,B[14, 9]:3f2e147b,C[14, 9]:41171aa0
A[14, 23]:3e4cccce,B[14, 9]:3df5c28f,C[14, 9]:4117ae15
A[14, 24]:3f2aaaab,B[14, 9]:3f0f5c29,C[14, 9]:4120a3d8
A[14, 25]:3e088889,B[14, 9]:0,C[14, 9]:4120a3d8
A[14, 26]:3f19999a,B[14, 9]:3ee147ae,C[14, 9]:4126f9dc
A[14, 27]:3d888889,B[14, 9]:3f6147ae,C[14, 9]:4128624f
A[14, 28]:3f088889,B[14, 9]:3ea3d70a,C[14, 9]:412c7ae2
A[14, 29]:0,B[14, 9]:3f428f5c,C[14, 9]:412c7ae2
A[14, 0]:3eeeeef0,B[14, 10]:0,C[14, 10]:3d75c290
A[14, 1]:3f6eeef0,B[14, 10]:3ef5c28f,C[14, 10]:3f3b645b
A[14, 2]:3eccccce,B[14, 10]:3f75c28f,C[14, 10]:3fa76c8c
A[14, 3]:3f5ddddf,B[14, 10]:3ee147ae,C[14, 10]:3ff0a3d8
A[14, 4]:3eaaaaab,B[14, 10]:3f6b851e,C[14, 10]:4015c290
A[14, 5]:3f4cccce,B[14, 10]:3ecccccc,C[14, 10]:40347ae2
A[14, 6]:3e888889,B[14, 10]:3f6147ae,C[14, 10]:404b020d
A[14, 7]:3f3bbbbc,B[14, 10]:3eb851eb,C[14, 10]:40645a1d
A[14, 8]:3e4cccce,B[14, 10]:3f570a3d,C[14, 10]:40747ae2
A[14, 9]:3f2aaaab,B[14, 10]:3ea3d70a,C[14, 10]:40847ae2
A[14, 10]:3e088889,B[14, 10]:3f4ccccc,C[14, 10]:4089999a
A[14, 11]:3f19999a,B[14, 10]:3e8f5c29,C[14, 10]:4091a9fc
A[14, 12]:3d888889,B[14, 10]:3f428f5c,C[14, 10]:40941894
A[14, 13]:3f088889,B[14, 10]:3e75c28f,C[14, 10]:409a3d71
A[14, 14]:0,B[14, 10]:3f3851eb,C[14, 10]:409a3d71
A[14, 15]:3eeeeef0,B[14, 10]:3e4ccccc,C[14, 10]:409eb852
A[14, 16]:3f6eeef0,B[14, 10]:3f2e147b,C[14, 10]:40bd2f1b
A[14, 17]:3eccccce,B[14, 10]:3e23d70a,C[14, 10]:40c0418a
A[14, 18]:3f5ddddf,B[14, 10]:3f23d70a,C[14, 10]:40dae148
A[14, 19]:3eaaaaab,B[14, 10]:3df5c28f,C[14, 10]:40dccccd
A[14, 20]:3f4cccce,B[14, 10]:3f199999,C[14, 10]:40f3d70a
A[14, 21]:3e888889,B[14, 10]:3da3d70a,C[14, 10]:40f4dd2f
A[14, 22]:3f3bbbbc,B[14, 10]:3f0f5c29,C[14, 10]:410449ba
A[14, 23]:3e4cccce,B[14, 10]:3d23d70a,C[14, 10]:41047ae1
A[14, 24]:3f2aaaab,B[14, 10]:3f051eb8,C[14, 10]:410ccccc
A[14, 25]:3e088889,B[14, 10]:0,C[14, 10]:410ccccc
A[14, 26]:3f19999a,B[14, 10]:3ef5c28f,C[14, 10]:4113b645
A[14, 27]:3d888889,B[14, 10]:3f75c28f,C[14, 10]:41153f7c
A[14, 28]:3f088889,B[14, 10]:3ee147ae,C[14, 10]:411ae147
A[14, 29]:0,B[14, 10]:3f6b851e,C[14, 10]:411ae147
A[14, 0]:3eeeeef0,B[14, 11]:0,C[14, 11]:3f666667
A[14, 1]:3f6eeef0,B[14, 11]:3f051eb8,C[14, 11]:3fd0624e
A[14, 2]:3eccccce,B[14, 11]:3d23d70a,C[14, 11]:3fd374bd
A[14, 3]:3f5ddddf,B[14, 11]:3f0f5c29,C[14, 11]:401851ec
A[14, 4]:3eaaaaab,B[14, 11]:3da3d70a,C[14, 11]:401ae148
A[14, 5]:3f4cccce,B[14, 11]:3f199999,C[14, 11]:4048f5c3
A[14, 6]:3e888889,B[14, 11]:3df5c28f,C[14, 11]:404c0832
A[14, 7]:3f3bbbbc,B[14, 11]:3f23d70a,C[14, 11]:40791688
A[14, 8]:3e4cccce,B[14, 11]:3e23d70a,C[14, 11]:407c28f7
A[14, 9]:3f2aaaab,B[14, 11]:3f2e147b,C[14, 11]:4093d70b
A[14, 10]:3e088889,B[14, 11]:3e4ccccc,C[14, 11]:40951eb9
A[14, 11]:3f19999a,B[14, 11]:3f3851eb,C[14, 11]:40a9db24
A[14, 12]:3d888889,B[14, 11]:3e75c28f,C[14, 11]:40aa9fc0
A[14, 13]:3f088889,B[14, 11]:3f428f5c,C[14, 11]:40be147c
A[14, 14]:0,B[14, 11]:3e8f5c29,C[14, 11]:40be147c
A[14, 15]:3eeeeef0,B[14, 11]:3f4ccccc,C[14, 11]:40d00001
A[14, 16]:3f6eeef0,B[14, 11]:3ea3d70a,C[14, 11]:40de5605
A[14, 17]:3eccccce,B[14, 11]:3f570a3d,C[14, 11]:40ee76ca
A[14, 18]:3f5ddddf,B[14, 11]:3eb851eb,C[14, 11]:40fd70a5
A[14, 19]:3eaaaaab,B[14, 11]:3f6147ae,C[14, 11]:4105c290
A[14, 20]:3f4cccce,B[14, 11]:3ecccccc,C[14, 11]:410d70a4
A[14, 21]:3e888889,B[14, 11]:3f6b851e,C[14, 11]:411353f8
A[14, 22]:3f3bbbbc,B[14, 11]:3ee147ae,C[14, 11]:411b126f
A[14, 23]:3e4cccce,B[14, 11]:3f75c28f,C[14, 11]:411fae15
A[14, 24]:3f2aaaab,B[14, 11]:3ef5c28f,C[14, 11]:41275c29
A[14, 25]:3e088889,B[14, 11]:0,C[14, 11]:41275c29
A[14, 26]:3f19999a,B[14, 11]:3f051eb8,C[14, 11]:412ed917
A[14, 27]:3d888889,B[14, 11]:3d23d70a,C[14, 11]:412ee979
A[14, 28]:3f088889,B[14, 11]:3f0f5c29,C[14, 11]:4136147b
A[14, 29]:0,B[14, 11]:3da3d70a,C[14, 11]:4136147b
A[14, 0]:3eeeeef0,B[14, 12]:0,C[14, 12]:3f0a3d71
A[14, 1]:3f6eeef0,B[14, 12]:3f0f5c29,C[14, 12]:3fa978d6
A[14, 2]:3eccccce,B[14, 12]:3df5c28f,C[14, 12]:3fb2b022
A[14, 3]:3f5ddddf,B[14, 12]:3f2e147b,C[14, 12]:4011eb86
A[14, 4]:3eaaaaab,B[14, 12]:3e75c28f,C[14, 12]:4019999a
A[14, 5]:3f4cccce,B[14, 12]:3f4ccccc,C[14, 12]:40570a3e
A[14, 6]:3e888889,B[14, 12]:3eb851eb,C[14, 12]:4060418a
A[14, 7]:3f3bbbbc,B[14, 12]:3f6b851e,C[14, 12]:40908313
A[14, 8]:3e4cccce,B[14, 12]:3ef5c28f,C[14, 12]:40951eb9
A[14, 9]:3f2aaaab,B[14, 12]:3d23d70a,C[14, 12]:40966667
A[14, 10]:3e088889,B[14, 12]:3f199999,C[14, 12]:409a3d71
A[14, 11]:3f19999a,B[14, 12]:3e23d70a,C[14, 12]:409ed917
A[14, 12]:3d888889,B[14, 12]:3f3851eb,C[14, 12]:40a126ea
A[14, 13]:3f088889,B[14, 12]:3e8f5c29,C[14, 12]:40a851ec
A[14, 14]:0,B[14, 12]:3f570a3d,C[14, 12]:40a851ec
A[14, 15]:3eeeeef0,B[14, 12]:3ecccccc,C[14, 12]:40b147af
A[14, 16]:3f6eeef0,B[14, 12]:3f75c28f,C[14, 12]:40dc49bc
A[14, 17]:3eccccce,B[14, 12]:3f051eb8,C[14, 12]:40e645a3
A[14, 18]:3f5ddddf,B[14, 12]:3da3d70a,C[14, 12]:40e9999b
A[14, 19]:3eaaaaab,B[14, 12]:3f23d70a,C[14, 12]:40f3d70c
A[14, 20]:3f4cccce,B[14, 12]:3e4ccccc,C[14, 12]:40fb8520
A[14, 21]:3e888889,B[14, 12]:3f428f5c,C[14, 12]:41029fbf
A[14, 22]:3f3bbbbc,B[14, 12]:3ea3d70a,C[14, 12]:4108418a
A[14, 23]:3e4cccce,B[14, 12]:3f6147ae,C[14, 12]:410c7ae2
A[14, 24]:3f2aaaab,B[14, 12]:3ee147ae,C[14, 12]:4113851f
A[14, 25]:3e088889,B[14, 12]:0,C[14, 12]:4113851f
A[14, 26]:3f19999a,B[14, 12]:3f0f5c29,C[14, 12]:411b9581
A[14, 27]:3d888889,B[14, 12]:3df5c28f,C[14, 12]:411bc6a8
A[14, 28]:3f088889,B[14, 12]:3f2e147b,C[14, 12]:41247ae1
A[14, 29]:0,B[14, 12]:3e75c28f,C[14, 12]:41247ae1
A[14, 0]:3eeeeef0,B[14, 13]:0,C[14, 13]:3e3851ec
A[14, 1]:3f6eeef0,B[14, 13]:3f199999,C[14, 13]:3f828f5c
A[14, 2]:3eccccce,B[14, 13]:3e4ccccc,C[14, 13]:3f91eb85
A[14, 3]:3f5ddddf,B[14, 13]:3f4ccccc,C[14, 13]:400b851e
A[14, 4]:3eaaaaab,B[14, 13]:3ecccccc,C[14, 13]:401851eb
A[14, 5]:3f4cccce,B[14, 13]:0,C[14, 13]:401851eb
A[14, 6]:3e888889,B[14, 13]:3f199999,C[14, 13]:4027ae14
A[14, 7]:3f3bbbbc,B[14, 13]:3e4ccccc,C[14, 13]:4035c28f
A[14, 8]:3e4cccce,B[14, 13]:3f4ccccc,C[14, 13]:40451eb8
A[14, 9]:3f2aaaab,B[14, 13]:3ecccccc,C[14, 13]:405eb852
A[14, 10]:3e088889,B[14, 13]:0,C[14, 13]:405eb852
A[14, 11]:3f19999a,B[14, 13]:3f199999,C[14, 13]:4080a3d7
A[14, 12]:3d888889,B[14, 13]:3e4ccccc,C[14, 13]:408147ae
A[14, 13]:3f088889,B[14, 13]:3f4ccccc,C[14, 13]:4095c28f
A[14, 14]:0,B[14, 13]:3ecccccc,C[14, 13]:4095c28f
A[14, 15]:3eeeeef0,B[14, 13]:0,C[14, 13]:4095c28f
A[14, 16]:3f6eeef0,B[14, 13]:3f199999,C[14, 13]:40b0a3d7
A[14, 17]:3eccccce,B[14, 13]:3e4ccccc,C[14, 13]:40b47ae1
A[14, 18]:3f5ddddf,B[14, 13]:3f4ccccc,C[14, 13]:40d5c28f
A[14, 19]:3eaaaaab,B[14, 13]:3ecccccc,C[14, 13]:40dc28f5
A[14, 20]:3f4cccce,B[14, 13]:0,C[14, 13]:40dc28f5
A[14, 21]:3e888889,B[14, 13]:3f199999,C[14, 13]:40e3d70a
A[14, 22]:3f3bbbbc,B[14, 13]:3e4ccccc,C[14, 13]:40eae147
A[14, 23]:3e4cccce,B[14, 13]:3f4ccccc,C[14, 13]:40f28f5b
A[14, 24]:3f2aaaab,B[14, 13]:3ecccccc,C[14, 13]:40ff5c28
A[14, 25]:3e088889,B[14, 13]:0,C[14, 13]:40ff5c28
A[14, 26]:3f19999a,B[14, 13]:3f199999,C[14, 13]:410851eb
A[14, 27]:3d888889,B[14, 13]:3e4ccccc,C[14, 13]:4108a3d7
A[14, 28]:3f088889,B[14, 13]:3f4ccccc,C[14, 13]:4112e148
A[14, 29]:0,B[14, 13]:3ecccccc,C[14, 13]:4112e148
A[14, 0]:3eeeeef0,B[14, 14]:0,C[14, 14]:3f828f5d
A[14, 1]:3f6eeef0,B[14, 14]:3f23d70a,C[14, 14]:3ff53f7e
A[14, 2]:3eccccce,B[14, 14]:3e8f5c29,C[14, 14]:40056042
A[14, 3]:3f5ddddf,B[14, 14]:3f6b851e,C[14, 14]:4051eb86
A[14, 4]:3eaaaaab,B[14, 14]:3f0f5c29,C[14, 14]:4063d70b
A[14, 5]:3f4cccce,B[14, 14]:3e4ccccc,C[14, 14]:40733334
A[14, 6]:3e888889,B[14, 14]:3f570a3d,C[14, 14]:40845a1d
A[14, 7]:3f3bbbbc,B[14, 14]:3ef5c28f,C[14, 14]:40953f7d
A[14, 8]:3e4cccce,B[14, 14]:3df5c28f,C[14, 14]:40966666
A[14, 9]:3f2aaaab,B[14, 14]:3f428f5c,C[14, 14]:40aeb852
A[14, 10]:3e088889,B[14, 14]:3ecccccc,C[14, 14]:40b147ae
A[14, 11]:3f19999a,B[14, 14]:3d23d70a,C[14, 14]:40b26e97
A[14, 12]:3d888889,B[14, 14]:3f2e147b,C[14, 14]:40b49ba5
A[14, 13]:3f088889,B[14, 14]:3ea3d70a,C[14, 14]:40bccccc
A[14, 14]:0,B[14, 14]:3f75c28f,C[14, 14]:40bccccc
A[14, 15]:3eeeeef0,B[14, 14]:3f199999,C[14, 14]:40ca3d70
A[14, 16]:3f6eeef0,B[14, 14]:3e75c28f,C[14, 14]:40d4fdf3
A[14, 17]:3eccccce,B[14, 14]:3f6147ae,C[14, 14]:40e5e353
A[14, 18]:3f5ddddf,B[14, 14]:3f051eb8,C[14, 14]:40fb851e
A[14, 19]:3eaaaaab,B[14, 14]:3e23d70a,C[14, 14]:40fe147a
A[14, 20]:3f4cccce,B[14, 14]:3f4ccccc,C[14, 14]:410e6666
A[14, 21]:3e888889,B[14, 14]:3ee147ae,C[14, 14]:4111374b
A[14, 22]:3f3bbbbc,B[14, 14]:3da3d70a,C[14, 14]:41129fbe
A[14, 23]:3e4cccce,B[14, 14]:3f3851eb,C[14, 14]:4116147a
A[14, 24]:3f2aaaab,B[14, 14]:3eb851eb,C[14, 14]:411bd709
A[14, 25]:3e088889,B[14, 14]:0,C[14, 14]:411bd709
A[14, 26]:3f19999a,B[14, 14]:3f23d70a,C[14, 14]:41250e55
A[14, 27]:3d888889,B[14, 14]:3e8f5c29,C[14, 14]:41258105
A[14, 28]:3f088889,B[14, 14]:3f6b851e,C[14, 14]:413147ad
A[14, 29]:0,B[14, 14]:3f0f5c29,C[14, 14]:413147ad
A[14, 0]:3eeeeef0,B[14, 15]:0,C[14, 15]:3f28f5c3
A[14, 1]:3f6eeef0,B[14, 15]:3f2e147b,C[14, 15]:3fce5605
A[14, 2]:3eccccce,B[14, 15]:3eb851eb,C[14, 15]:3fe9fbe8
A[14, 3]:3f5ddddf,B[14, 15]:3d23d70a,C[14, 15]:3ff0a3d8
A[14, 4]:3eaaaaab,B[14, 15]:3f3851eb,C[14, 15]:400f5c29
A[14, 5]:3f4cccce,B[14, 15]:3ecccccc,C[14, 15]:402e147b
A[14, 6]:3e888889,B[14, 15]:3da3d70a,C[14, 15]:403020c5
A[14, 7]:3f3bbbbc,B[14, 15]:3f428f5c,C[14, 15]:4065a1cb
A[14, 8]:3e4cccce,B[14, 15]:3ee147ae,C[14, 15]:406e147b
A[14, 9]:3f2aaaab,B[14, 15]:3df5c28f,C[14, 15]:4075c28f
A[14, 10]:3e088889,B[14, 15]:3f4ccccc,C[14, 15]:40800000
A[14, 11]:3f19999a,B[14, 15]:3ef5c28f,C[14, 15]:408dd2f2
A[14, 12]:3d888889,B[14, 15]:3e23d70a,C[14, 15]:408e5604
A[14, 13]:3f088889,B[14, 15]:3f570a3d,C[14, 15]:40a3d70a
A[14, 14]:0,B[14, 15]:3f051eb8,C[14, 15]:40a3d70a
A[14, 15]:3eeeeef0,B[14, 15]:3e4ccccc,C[14, 15]:40a851eb
A[14, 16]:3f6eeef0,B[14, 15]:3f6147ae,C[14, 15]:40cfbe76
A[14, 17]:3eccccce,B[14, 15]:3f0f5c29,C[14, 15]:40da7ef9
A[14, 18]:3f5ddddf,B[14, 15]:3e75c28f,C[14, 15]:40e47ae0
A[14, 19]:3eaaaaab,B[14, 15]:3f6b851e,C[14, 15]:40f33332
A[14, 20]:3f4cccce,B[14, 15]:3f199999,C[14, 15]:41051eb8
A[14, 21]:3e888889,B[14, 15]:3e8f5c29,C[14, 15]:4106e979
A[14, 22]:3f3bbbbc,B[14, 15]:3f75c28f,C[14, 15]:4117ced9
A[14, 23]:3e4cccce,B[14, 15]:3f23d70a,C[14, 15]:411ae148
A[14, 24]:3f2aaaab,B[14, 15]:3ea3d70a,C[14, 15]:41200000
A[14, 25]:3e088889,B[14, 15]:0,C[14, 15]:41200000
A[14, 26]:3f19999a,B[14, 15]:3f2e147b,C[14, 15]:4129cac1
A[14, 27]:3d888889,B[14, 15]:3eb851eb,C[14, 15]:412a5e36
A[14, 28]:3f088889,B[14, 15]:3d23d70a,C[14, 15]:412ae148
A[14, 29]:0,B[14, 15]:3f3851eb,C[14, 15]:412ae148
A[14, 0]:3eeeeef0,B[14, 16]:0,C[14, 16]:3e99999a
A[14, 1]:3f6eeef0,B[14, 16]:3f3851eb,C[14, 16]:3fa76c8c
A[14, 2]:3eccccce,B[14, 16]:3ee147ae,C[14, 16]:3fc9374c
A[14, 3]:3f5ddddf,B[14, 16]:3e23d70a,C[14, 16]:3fe3d70a
A[14, 4]:3eaaaaab,B[14, 16]:3f6147ae,C[14, 16]:400e147b
A[14, 5]:3f4cccce,B[14, 16]:3f199999,C[14, 16]:403c28f6
A[14, 6]:3e888889,B[14, 16]:3ea3d70a,C[14, 16]:40445a1d
A[14, 7]:3f3bbbbc,B[14, 16]:3d23d70a,C[14, 16]:40472b02
A[14, 8]:3e4cccce,B[14, 16]:3f428f5c,C[14, 16]:4055c28f
A[14, 9]:3f2aaaab,B[14, 16]:3ef5c28f,C[14, 16]:40747ae1
A[14, 10]:3e088889,B[14, 16]:3e4ccccc,C[14, 16]:40770a3d
A[14, 11]:3f19999a,B[14, 16]:3f6b851e,C[14, 16]:40960418
A[14, 12]:3d888889,B[14, 16]:3f23d70a,C[14, 16]:40981062
A[14, 13]:3f088889,B[14, 16]:3eb851eb,C[14, 16]:40a147ae
A[14, 14]:0,B[14, 16]:3da3d70a,C[14, 16]:40a147ae
A[14, 15]:3eeeeef0,B[14, 16]:3f4ccccc,C[14, 16]:40b33333
A[14, 16]:3f6eeef0,B[14, 16]:3f051eb8,C[14, 16]:40ca7efa
A[14, 17]:3eccccce,B[14, 16]:3e75c28f,C[14, 16]:40cf1aa0
A[14, 18]:3f5ddddf,B[14, 16]:3f75c28f,C[14, 16]:40f70a3e
A[14, 19]:3eaaaaab,B[14, 16]:3f2e147b,C[14, 16]:4100f5c3
A[14, 20]:3f4cccce,B[14, 16]:3ecccccc,C[14, 16]:4108a3d7
A[14, 21]:3e888889,B[14, 16]:3df5c28f,C[14, 16]:41096873
A[14, 22]:3f3bbbbc,B[14, 16]:3f570a3d,C[14, 16]:41183127
A[14, 23]:3e4cccce,B[14, 16]:3f0f5c29,C[14, 16]:411ae148
A[14, 24]:3f2aaaab,B[14, 16]:3e8f5c29,C[14, 16]:411f5c29
A[14, 25]:3e088889,B[14, 16]:0,C[14, 16]:411f5c29
A[14, 26]:3f19999a,B[14, 16]:3f3851eb,C[14, 16]:4129ba5e
A[14, 27]:3d888889,B[14, 16]:3ee147ae,C[14, 16]:412a6e97
A[14, 28]:3f088889,B[14, 16]:3e23d70a,C[14, 16]:412c7ae1
A[14, 29]:0,B[14, 16]:3f6147ae,C[14, 16]:412c7ae1
A[14, 0]:3eeeeef0,B[14, 17]:0,C[14, 17]:3f91eb85
A[14, 1]:3f6eeef0,B[14, 17]:3f428f5c,C[14, 17]:400d0e56
A[14, 2]:3eccccce,B[14, 17]:3f051eb8,C[14, 17]:40210625
A[14, 3]:3f5ddddf,B[14, 17]:3e8f5c29,C[14, 17]:403851ec
A[14, 4]:3eaaaaab,B[14, 17]:3d23d70a,C[14, 17]:4039999a
A[14, 5]:3f4cccce,B[14, 17]:3f4ccccc,C[14, 17]:40770a3e
A[14, 6]:3e888889,B[14, 17]:3f0f5c29,C[14, 17]:4082b021
A[14, 7]:3f3bbbbc,B[14, 17]:3ea3d70a,C[14, 17]:408df3b6
A[14, 8]:3e4cccce,B[14, 17]:3da3d70a,C[14, 17]:408eb852
A[14, 9]:3f2aaaab,B[14, 17]:3f570a3d,C[14, 17]:40a9999a
A[14, 10]:3e088889,B[14, 17]:3f199999,C[14, 17]:40ad70a4
A[14, 11]:3f19999a,B[14, 17]:3eb851eb,C[14, 17]:40b7ced9
A[14, 12]:3d888889,B[14, 17]:3df5c28f,C[14, 17]:40b83127
A[14, 13]:3f088889,B[14, 17]:3f6147ae,C[14, 17]:40ceb852
A[14, 14]:0,B[14, 17]:3f23d70a,C[14, 17]:40ceb852
A[14, 15]:3eeeeef0,B[14, 17]:3ecccccc,C[14, 17]:40d7ae15
A[14, 16]:3f6eeef0,B[14, 17]:3e23d70a,C[14, 17]:40ded917
A[14, 17]:3eccccce,B[14, 17]:3f6b851e,C[14, 17]:40f08313
A[14, 18]:3f5ddddf,B[14, 17]:3f2e147b,C[14, 17]:41066667
A[14, 19]:3eaaaaab,B[14, 17]:3ee147ae,C[14, 17]:4109eb86
A[14, 20]:3f4cccce,B[14, 17]:3e4ccccc,C[14, 17]:410dc290
A[14, 21]:3e888889,B[14, 17]:3f75c28f,C[14, 17]:4113e76d
A[14, 22]:3f3bbbbc,B[14, 17]:3f3851eb,C[14, 17]:41209375
A[14, 23]:3e4cccce,B[14, 17]:3ef5c28f,C[14, 17]:4122e148
A[14, 24]:3f2aaaab,B[14, 17]:3e75c28f,C[14, 17]:4126b852
A[14, 25]:3e088889,B[14, 17]:0,C[14, 17]:4126b852
A[14, 26]:3f19999a,B[14, 17]:3f428f5c,C[14, 17]:4131a9fc
A[14, 27]:3d888889,B[14, 17]:3f051eb8,C[14, 17]:41327efa
A[14, 28]:3f088889,B[14, 17]:3e8f5c29,C[14, 17]:4136147b
A[14, 29]:0,B[14, 17]:3d23d70a,C[14, 17]:4136147b
A[14, 0]:3eeeeef0,B[14, 18]:0,C[14, 18]:3f47ae16
A[14, 1]:3f6eeef0,B[14, 18]:3f4ccccc,C[14, 18]:3ff33334
A[14, 2]:3eccccce,B[14, 18]:3f199999,C[14, 18]:4010a3d7
A[14, 3]:3f5ddddf,B[14, 18]:3ecccccc,C[14, 18]:4031eb85
A[14, 4]:3eaaaaab,B[14, 18]:3e4ccccc,C[14, 18]:403851eb
A[14, 5]:3f4cccce,B[14, 18]:0,C[14, 18]:403851eb
A[14, 6]:3e888889,B[14, 18]:3f4ccccc,C[14, 18]:404ccccc
A[14, 7]:3f3bbbbc,B[14, 18]:3f199999,C[14, 18]:40770a3c
A[14, 8]:3e4cccce,B[14, 18]:3ecccccc,C[14, 18]:407eb850
A[14, 9]:3f2aaaab,B[14, 18]:3e4ccccc,C[14, 18]:4085c28e
A[14, 10]:3e088889,B[14, 18]:0,C[14, 18]:4085c28e
A[14, 11]:3f19999a,B[14, 18]:3f4ccccc,C[14, 18]:409ccccb
A[14, 12]:3d888889,B[14, 18]:3f199999,C[14, 18]:409eb850
A[14, 13]:3f088889,B[14, 18]:3ecccccc,C[14, 18]:40a8f5c1
A[14, 14]:0,B[14, 18]:3e4ccccc,C[14, 18]:40a8f5c1
A[14, 15]:3eeeeef0,B[14, 18]:0,C[14, 18]:40a8f5c1
A[14, 16]:3f6eeef0,B[14, 18]:3f4ccccc,C[14, 18]:40cccccb
A[14, 17]:3eccccce,B[14, 18]:3f199999,C[14, 18]:40d851ea
A[14, 18]:3f5ddddf,B[14, 18]:3ecccccc,C[14, 18]:40e8f5c1
A[14, 19]:3eaaaaab,B[14, 18]:3e4ccccc,C[14, 18]:40ec28f4
A[14, 20]:3f4cccce,B[14, 18]:0,C[14, 18]:40ec28f4
A[14, 21]:3e888889,B[14, 18]:3f4ccccc,C[14, 18]:40f66665
A[14, 22]:3f3bbbbc,B[14, 18]:3f199999,C[14, 18]:4105c28f
A[14, 23]:3e4cccce,B[14, 18]:3ecccccc,C[14, 18]:4107ae14
A[14, 24]:3f2aaaab,B[14, 18]:3e4ccccc,C[14, 18]:410ae147
A[14, 25]:3e088889,B[14, 18]:0,C[14, 18]:410ae147
A[14, 26]:3f19999a,B[14, 18]:3f4ccccc,C[14, 18]:41166666
A[14, 27]:3d888889,B[14, 18]:3f199999,C[14, 18]:41175c29
A[14, 28]:3f088889,B[14, 18]:3ecccccc,C[14, 18]:411c7ae1
A[14, 29]:0,B[14, 18]:3e4ccccc,C[14, 18]:411c7ae1
A[14, 0]:3eeeeef0,B[14, 19]:0,C[14, 19]:3ed70a3e
A[14, 1]:3f6eeef0,B[14, 19]:3f570a3d,C[14, 19]:3fcc49ba
A[14, 2]:3eccccce,B[14, 19]:3f2e147b,C[14, 19]:40004189
A[14, 3]:3f5ddddf,B[14, 19]:3f051eb8,C[14, 19]:402b851e
A[14, 4]:3eaaaaab,B[14, 19]:3eb851eb,C[14, 19]:40370a3d
A[14, 5]:3f4cccce,B[14, 19]:3e4ccccc,C[14, 19]:40466666
A[14, 6]:3e888889,B[14, 19]:3d23d70a,C[14, 19]:40476c8b
A[14, 7]:3f3bbbbc,B[14, 19]:3f6147ae,C[14, 19]:4082b021
A[14, 8]:3e4cccce,B[14, 19]:3f3851eb,C[14, 19]:4089999a
A[14, 9]:3f2aaaab,B[14, 19]:3f0f5c29,C[14, 19]:409b851f
A[14, 10]:3e088889,B[14, 19]:3ecccccc,C[14, 19]:409e147b
A[14, 11]:3f19999a,B[14, 19]:3e75c28f,C[14, 19]:40a4fdf4
A[14, 12]:3d888889,B[14, 19]:3da3d70a,C[14, 19]:40a53f7d
A[14, 13]:3f088889,B[14, 19]:3f6b851e,C[14, 19]:40bccccd
A[14, 14]:0,B[14, 19]:3f428f5c,C[14, 19]:40bccccd
A[14, 15]:3eeeeef0,B[14, 19]:3f199999,C[14, 19]:40ca3d71
A[14, 16]:3f6eeef0,B[14, 19]:3ee147ae,C[14, 19]:40ddf3b7
A[14, 17]:3eccccce,B[14, 19]:3e8f5c29,C[14, 19]:40e353f9
A[14, 18]:3f5ddddf,B[14, 19]:3df5c28f,C[14, 19]:40e851ed
A[14, 19]:3eaaaaab,B[14, 19]:3f75c28f,C[14, 19]:40f7ae16
A[14, 20]:3f4cccce,B[14, 19]:3f4ccccc,C[14, 19]:410b3334
A[14, 21]:3e888889,B[14, 19]:3f23d70a,C[14, 19]:410f4bc7
A[14, 22]:3f3bbbbc,B[14, 19]:3ef5c28f,C[14, 19]:4117be77
A[14, 23]:3e4cccce,B[14, 19]:3ea3d70a,C[14, 19]:411947ae
A[14, 24]:3f2aaaab,B[14, 19]:3e23d70a,C[14, 19]:411bd70a
A[14, 25]:3e088889,B[14, 19]:0,C[14, 19]:411bd70a
A[14, 26]:3f19999a,B[14, 19]:3f570a3d,C[14, 19]:4127ef9d
A[14, 27]:3d888889,B[14, 19]:3f2e147b,C[14, 19]:41290624
A[14, 28]:3f088889,B[14, 19]:3f051eb8,C[14, 19]:412fae14
A[14, 29]:0,B[14, 19]:3eb851eb,C[14, 19]:412fae14
A[14, 0]:3eeeeef0,B[14, 20]:0,C[14, 20]:3d75c290
A[14, 1]:3f6eeef0,B[14, 20]:3f6147ae,C[14, 20]:3fa56042
A[14, 2]:3eccccce,B[14, 20]:3f428f5c,C[14, 20]:3fdfbe77
A[14, 3]:3f5ddddf,B[14, 20]:3f23d70a,C[14, 20]:40251eb8
A[14, 4]:3eaaaaab,B[14, 20]:3f051eb8,C[14, 20]:4035c28f
A[14, 5]:3f4cccce,B[14, 20]:3ecccccc,C[14, 20]:40547ae1
A[14, 6]:3e888889,B[14, 20]:3e8f5c29,C[14, 20]:405ba5e3
A[14, 7]:3f3bbbbc,B[14, 20]:3e23d70a,C[14, 20]:4066e978
A[14, 8]:3e4cccce,B[14, 20]:3d23d70a,C[14, 20]:4067ae14
A[14, 9]:3f2aaaab,B[14, 20]:3f6b851e,C[14, 20]:409147ae
A[14, 10]:3e088889,B[14, 20]:3f4ccccc,C[14, 20]:40966666
A[14, 11]:3f19999a,B[14, 20]:3f2e147b,C[14, 20]:40a9fbe7
A[14, 12]:3d888889,B[14, 20]:3f0f5c29,C[14, 20]:40abc6a8
A[14, 13]:3f088889,B[14, 20]:3ee147ae,C[14, 20]:40b70a3e
A[14, 14]:0,B[14, 20]:3ea3d70a,C[14, 20]:40b70a3e
A[14, 15]:3eeeeef0,B[14, 20]:3e4ccccc,C[14, 20]:40bb851f
A[14, 16]:3f6eeef0,B[14, 20]:3da3d70a,C[14, 20]:40bf1aa0
A[14, 17]:3eccccce,B[14, 20]:3f75c28f,C[14, 20]:40d18938
A[14, 18]:3f5ddddf,B[14, 20]:3f570a3d,C[14, 20]:40f47ae2
A[14, 19]:3eaaaaab,B[14, 20]:3f3851eb,C[14, 20]:41000000
A[14, 20]:3f4cccce,B[14, 20]:3f199999,C[14, 20]:410b851f
A[14, 21]:3e888889,B[14, 20]:3ef5c28f,C[14, 20]:410e978e
A[14, 22]:3f3bbbbc,B[14, 20]:3eb851eb,C[14, 20]:4114ed92
A[14, 23]:3e4cccce,B[14, 20]:3e75c28f,C[14, 20]:4116147b
A[14, 24]:3f2aaaab,B[14, 20]:3df5c28f,C[14, 20]:41180000
A[14, 25]:3e088889,B[14, 20]:0,C[14, 20]:41180000
A[14, 26]:3f19999a,B[14, 20]:3f6147ae,C[14, 20]:4124ac08
A[14, 27]:3d888889,B[14, 20]:3f428f5c,C[14, 20]:4125e354
A[14, 28]:3f088889,B[14, 20]:3f23d70a,C[14, 20]:412e147b
A[14, 29]:0,B[14, 20]:3f051eb8,C[14, 20]:412e147b
A[14, 0]:3eeeeef0,B[14, 21]:0,C[14, 21]:3f666667
A[14, 1]:3f6eeef0,B[14, 21]:3f6b851e,C[14, 21]:400c0831
A[14, 2]:3eccccce,B[14, 21]:3f570a3d,C[14, 21]:402c49ba
A[14, 3]:3f5ddddf,B[14, 21]:3f428f5c,C[14, 21]:406b851e
A[14, 4]:3eaaaaab,B[14, 21]:3f2e147b,C[14, 21]:4080a3d7
A[14, 5]:3f4cccce,B[14, 21]:3f199999,C[14, 21]:4097ae14
A[14, 6]:3e888889,B[14, 21]:3f051eb8,C[14, 21]:409e5604
A[14, 7]:3f3bbbbc,B[14, 21]:3ee147ae,C[14, 21]:40add2f2
A[14, 8]:3e4cccce,B[14, 21]:3eb851eb,C[14, 21]:40b147ae
A[14, 9]:3f2aaaab,B[14, 21]:3e8f5c29,C[14, 21]:40ba3d71
A[14, 10]:3e088889,B[14, 21]:3e4ccccc,C[14, 21]:40bb851f
A[14, 11]:3f19999a,B[14, 21]:3df5c28f,C[14, 21]:40bef9db
A[14, 12]:3d888889,B[14, 21]:3d23d70a,C[14, 21]:40bf1aa0
A[14, 13]:3f088889,B[14, 21]:3f75c28f,C[14, 21]:40d7ae15
A[14, 14]:0,B[14, 21]:3f6147ae,C[14, 21]:40d7ae15
A[14, 15]:3eeeeef0,B[14, 21]:3f4ccccc,C[14, 21]:40e9999a
A[14, 16]:3f6eeef0,B[14, 21]:3f3851eb,C[14, 21]:4104ed92
A[14, 17]:3eccccce,B[14, 21]:3f23d70a,C[14, 21]:410b126f
A[14, 18]:3f5ddddf,B[14, 21]:3f0f5c29,C[14, 21]:4116b852
A[14, 19]:3eaaaaab,B[14, 21]:3ef5c28f,C[14, 21]:411a8f5c
A[14, 20]:3f4cccce,B[14, 21]:3ecccccc,C[14, 21]:41223d70
A[14, 21]:3e888889,B[14, 21]:3ea3d70a,C[14, 21]:412449ba
A[14, 22]:3f3bbbbc,B[14, 21]:3e75c28f,C[14, 21]:41288312
A[14, 23]:3e4cccce,B[14, 21]:3e23d70a,C[14, 21]:412947ae
A[14, 24]:3f2aaaab,B[14, 21]:3da3d70a,C[14, 21]:412a8f5c
A[14, 25]:3e088889,B[14, 21]:0,C[14, 21]:412a8f5c
A[14, 26]:3f19999a,B[14, 21]:3f6b851e,C[14, 21]:4137ced9
A[14, 27]:3d888889,B[14, 21]:3f570a3d,C[14, 21]:413926e9
A[14, 28]:3f088889,B[14, 21]:3f428f5c,C[14, 21]:4142e147
A[14, 29]:0,B[14, 21]:3f2e147b,C[14, 21]:4142e147
A[14, 0]:3eeeeef0,B[14, 22]:0,C[14, 22]:3f0a3d71
A[14, 1]:3f6eeef0,B[14, 22]:3f75c28f,C[14, 22]:3ff126ea
A[14, 2]:3eccccce,B[14, 22]:3f6b851e,C[14, 22]:401be76d
A[14, 3]:3f5ddddf,B[14, 22]:3f6147ae,C[14, 22]:40651eb9
A[14, 4]:3eaaaaab,B[14, 22]:3f570a3d,C[14, 22]:40800000
A[14, 5]:3f4cccce,B[14, 22]:3f4ccccc,C[14, 22]:409eb852
A[14, 6]:3e888889,B[14, 22]:3f428f5c,C[14, 22]:40a872b0
A[14, 7]:3f3bbbbc,B[14, 22]:3f3851eb,C[14, 22]:40c1cac0
A[14, 8]:3e4cccce,B[14, 22]:3f2e147b,C[14, 22]:40c851eb
A[14, 9]:3f2aaaab,B[14, 22]:3f23d70a,C[14, 22]:40dccccc
A[14, 10]:3e088889,B[14, 22]:3f199999,C[14, 22]:40e0a3d6
A[14, 11]:3f19999a,B[14, 22]:3f0f5c29,C[14, 22]:40f0c49b
A[14, 12]:3d888889,B[14, 22]:3f051eb8,C[14, 22]:40f26e97
A[14, 13]:3f088889,B[14, 22]:3ef5c28f,C[14, 22]:40feb851
A[14, 14]:0,B[14, 22]:3ee147ae,C[14, 22]:40feb851
A[14, 15]:3eeeeef0,B[14, 22]:3ecccccc,C[14, 22]:4103d70a
A[14, 16]:3f6eeef0,B[14, 22]:3eb851eb,C[14, 22]:410be76c
A[14, 17]:3eccccce,B[14, 22]:3ea3d70a,C[14, 22]:410ef9db
A[14, 18]:3f5ddddf,B[14, 22]:3e8f5c29,C[14, 22]:4114cccd
A[14, 19]:3eaaaaab,B[14, 22]:3e75c28f,C[14, 22]:4116b852
A[14, 20]:3f4cccce,B[14, 22]:3e4ccccc,C[14, 22]:411a8f5c
A[14, 21]:3e888889,B[14, 22]:3e23d70a,C[14, 22]:411b9581
A[14, 22]:3f3bbbbc,B[14, 22]:3df5c28f,C[14, 22]:411db22d
A[14, 23]:3e4cccce,B[14, 22]:3da3d70a,C[14, 22]:411e147b
A[14, 24]:3f2aaaab,B[14, 22]:3d23d70a,C[14, 22]:411eb852
A[14, 25]:3e088889,B[14, 22]:0,C[14, 22]:411eb852
A[14, 26]:3f19999a,B[14, 22]:3f75c28f,C[14, 22]:412c8b44
A[14, 27]:3d888889,B[14, 22]:3f6b851e,C[14, 22]:412e0419
A[14, 28]:3f088889,B[14, 22]:3f6147ae,C[14, 22]:413947af
A[14, 29]:0,B[14, 22]:3f570a3d,C[14, 22]:413947af
A[14, 0]:3eeeeef0,B[14, 23]:0,C[14, 23]:3e3851ec
A[14, 1]:3f6eeef0,B[14, 23]:0,C[14, 23]:3e3851ec
A[14, 2]:3eccccce,B[14, 23]:0,C[14, 23]:3e3851ec
A[14, 3]:3f5ddddf,B[14, 23]:0,C[14, 23]:3e3851ec
A[14, 4]:3eaaaaab,B[14, 23]:0,C[14, 23]:3e3851ec
A[14, 5]:3f4cccce,B[14, 23]:0,C[14, 23]:3e3851ec
A[14, 6]:3e888889,B[14, 23]:0,C[14, 23]:3e3851ec
A[14, 7]:3f3bbbbc,B[14, 23]:0,C[14, 23]:3e3851ec
A[14, 8]:3e4cccce,B[14, 23]:0,C[14, 23]:3e3851ec
A[14, 9]:3f2aaaab,B[14, 23]:0,C[14, 23]:3e3851ec
A[14, 10]:3e088889,B[14, 23]:0,C[14, 23]:3e3851ec
A[14, 11]:3f19999a,B[14, 23]:0,C[14, 23]:3e3851ec
A[14, 12]:3d888889,B[14, 23]:0,C[14, 23]:3e3851ec
A[14, 13]:3f088889,B[14, 23]:0,C[14, 23]:3e3851ec
A[14, 14]:0,B[14, 23]:0,C[14, 23]:3e3851ec
A[14, 15]:3eeeeef0,B[14, 23]:0,C[14, 23]:3e3851ec
A[14, 16]:3f6eeef0,B[14, 23]:0,C[14, 23]:3e3851ec
A[14, 17]:3eccccce,B[14, 23]:0,C[14, 23]:3e3851ec
A[14, 18]:3f5ddddf,B[14, 23]:0,C[14, 23]:3e3851ec
A[14, 19]:3eaaaaab,B[14, 23]:0,C[14, 23]:3e3851ec
A[14, 20]:3f4cccce,B[14, 23]:0,C[14, 23]:3e3851ec
A[14, 21]:3e888889,B[14, 23]:0,C[14, 23]:3e3851ec
A[14, 22]:3f3bbbbc,B[14, 23]:0,C[14, 23]:3e3851ec
A[14, 23]:3e4cccce,B[14, 23]:0,C[14, 23]:3e3851ec
A[14, 24]:3f2aaaab,B[14, 23]:0,C[14, 23]:3e3851ec
A[14, 25]:3e088889,B[14, 23]:0,C[14, 23]:3e3851ec
A[14, 26]:3f19999a,B[14, 23]:0,C[14, 23]:3e3851ec
A[14, 27]:3d888889,B[14, 23]:0,C[14, 23]:3e3851ec
A[14, 28]:3f088889,B[14, 23]:0,C[14, 23]:3e3851ec
A[14, 29]:0,B[14, 23]:0,C[14, 23]:3e3851ec
A[14, 0]:3eeeeef0,B[14, 24]:0,C[14, 24]:3f828f5d
A[14, 1]:3f6eeef0,B[14, 24]:3d23d70a,C[14, 24]:3f89ba5f
A[14, 2]:3eccccce,B[14, 24]:3da3d70a,C[14, 24]:3f8fdf3c
A[14, 3]:3f5ddddf,B[14, 24]:3df5c28f,C[14, 24]:3fa3d70b
A[14, 4]:3eaaaaab,B[14, 24]:3e23d70a,C[14, 24]:3fae147c
A[14, 5]:3f4cccce,B[14, 24]:3e4ccccc,C[14, 24]:3fccccce
A[14, 6]:3e888889,B[14, 24]:3e75c28f,C[14, 24]:3fd91688
A[14, 7]:3f3bbbbc,B[14, 24]:3e8f5c29,C[14, 24]:4000418a
A[14, 8]:3e4cccce,B[14, 24]:3ea3d70a,C[14, 24]:40066667
A[14, 9]:3f2aaaab,B[14, 24]:3eb851eb,C[14, 24]:401d70a4
A[14, 10]:3e088889,B[14, 24]:3ecccccc,C[14, 24]:40228f5c
A[14, 11]:3f19999a,B[14, 24]:3ee147ae,C[14, 24]:403be76c
A[14, 12]:3d888889,B[14, 24]:3ef5c28f,C[14, 24]:403ef9db
A[14, 13]:3f088889,B[14, 24]:3f051eb8,C[14, 24]:4059999a
A[14, 14]:0,B[14, 24]:3f0f5c29,C[14, 24]:4059999a
A[14, 15]:3eeeeef0,B[14, 24]:3f199999,C[14, 24]:40747ae2
A[14, 16]:3f6eeef0,B[14, 24]:3f23d70a,C[14, 24]:4096e979
A[14, 17]:3eccccce,B[14, 24]:3f2e147b,C[14, 24]:40a3f7cf
A[14, 18]:3f5ddddf,B[14, 24]:3f3851eb,C[14, 24]:40c1eb85
A[14, 19]:3eaaaaab,B[14, 24]:3f428f5c,C[14, 24]:40ce147b
A[14, 20]:3f4cccce,B[14, 24]:3f4ccccc,C[14, 24]:40eccccd
A[14, 21]:3e888889,B[14, 24]:3f570a3d,C[14, 24]:40f78d50
A[14, 22]:3f3bbbbc,B[14, 24]:3f6147ae,C[14, 24]:410b4396
A[14, 23]:3e4cccce,B[14, 24]:3f6b851e,C[14, 24]:410fae15
A[14, 24]:3f2aaaab,B[14, 24]:3f75c28f,C[14, 24]:411f0a3e
A[14, 25]:3e088889,B[14, 24]:0,C[14, 24]:411f0a3e
A[14, 26]:3f19999a,B[14, 24]:3d23d70a,C[14, 24]:411f9db3
A[14, 27]:3d888889,B[14, 24]:3da3d70a,C[14, 24]:411fbe78
A[14, 28]:3f088889,B[14, 24]:3df5c28f,C[14, 24]:412147af
A[14, 29]:0,B[14, 24]:3e23d70a,C[14, 24]:412147af

done computing: 14, print C
C[14, 0]:410e147a,C[14, 1]:4122e148,C[14, 2]:412147af,C[14, 3]:40ff5c28,C[14, 4]:412e147b,C[14, 5]:41247ae0,C[14, 6]:4126147b,C[14, 7]:4132e148,C[14, 8]:410947ad,C[14, 9]:412c7ae2,C[14, 10]:411ae147,C[14, 11]:4136147b,C[14, 12]:41247ae1,C[14, 13]:4112e148,C[14, 14]:413147ad,C[14, 15]:412ae148,C[14, 16]:412c7ae1,C[14, 17]:4136147b,C[14, 18]:411c7ae1,C[14, 19]:412fae14,C[14, 20]:412e147b,C[14, 21]:4142e147,C[14, 22]:413947af,C[14, 23]:3e3851ec,C[14, 24]:412147af,

//========================

Init I: 15
C[15, 0]:3d4ccccd->3d75c290,C[15, 1]:3f4ccccd->3f75c290,C[15, 2]:3f0ccccd->3f28f5c3,C[15, 3]:3e99999a->3eb851ec,C[15, 4]:3d4ccccd->3d75c290,C[15, 5]:3f4ccccd->3f75c290,C[15, 6]:3f0ccccd->3f28f5c3,C[15, 7]:3e99999a->3eb851ec,C[15, 8]:3d4ccccd->3d75c290,C[15, 9]:3f4ccccd->3f75c290,C[15, 10]:3f0ccccd->3f28f5c3,C[15, 11]:3e99999a->3eb851ec,C[15, 12]:3d4ccccd->3d75c290,C[15, 13]:3f4ccccd->3f75c290,C[15, 14]:3f0ccccd->3f28f5c3,C[15, 15]:3e99999a->3eb851ec,C[15, 16]:3d4ccccd->3d75c290,C[15, 17]:3f4ccccd->3f75c290,C[15, 18]:3f0ccccd->3f28f5c3,C[15, 19]:3e99999a->3eb851ec,C[15, 20]:3d4ccccd->3d75c290,C[15, 21]:3f4ccccd->3f75c290,C[15, 22]:3f0ccccd->3f28f5c3,C[15, 23]:3e99999a->3eb851ec,C[15, 24]:3d4ccccd->3d75c290,
Start computing: 15
A[15, 0]:3f000000,B[15, 0]:0,C[15, 0]:3d75c290
A[15, 1]:0,B[15, 0]:3da3d70a,C[15, 0]:3d75c290
A[15, 2]:3f000000,B[15, 0]:3e23d70a,C[15, 0]:3e3851ec
A[15, 3]:0,B[15, 0]:3e75c28f,C[15, 0]:3e3851ec
A[15, 4]:3f000000,B[15, 0]:3ea3d70a,C[15, 0]:3ed70a3e
A[15, 5]:0,B[15, 0]:3ecccccc,C[15, 0]:3ed70a3e
A[15, 6]:3f000000,B[15, 0]:3ef5c28f,C[15, 0]:3f47ae14
A[15, 7]:0,B[15, 0]:3f0f5c29,C[15, 0]:3f47ae14
A[15, 8]:3f000000,B[15, 0]:3f23d70a,C[15, 0]:3fa147ae
A[15, 9]:0,B[15, 0]:3f3851eb,C[15, 0]:3fa147ae
A[15, 10]:3f000000,B[15, 0]:3f4ccccc,C[15, 0]:3fee147a
A[15, 11]:0,B[15, 0]:3f6147ae,C[15, 0]:3fee147a
A[15, 12]:3f000000,B[15, 0]:3f75c28f,C[15, 0]:40251eb8
A[15, 13]:0,B[15, 0]:3d23d70a,C[15, 0]:40251eb8
A[15, 14]:3f000000,B[15, 0]:3df5c28f,C[15, 0]:402ae147
A[15, 15]:0,B[15, 0]:3e4ccccc,C[15, 0]:402ae147
A[15, 16]:3f000000,B[15, 0]:3e8f5c29,C[15, 0]:403851eb
A[15, 17]:0,B[15, 0]:3eb851eb,C[15, 0]:403851eb
A[15, 18]:3f000000,B[15, 0]:3ee147ae,C[15, 0]:404d70a3
A[15, 19]:0,B[15, 0]:3f051eb8,C[15, 0]:404d70a3
A[15, 20]:3f000000,B[15, 0]:3f199999,C[15, 0]:406a3d70
A[15, 21]:0,B[15, 0]:3f2e147b,C[15, 0]:406a3d70
A[15, 22]:3f000000,B[15, 0]:3f428f5c,C[15, 0]:40875c29
A[15, 23]:0,B[15, 0]:3f570a3d,C[15, 0]:40875c29
A[15, 24]:3f000000,B[15, 0]:3f6b851e,C[15, 0]:409d70a4
A[15, 25]:0,B[15, 0]:0,C[15, 0]:409d70a4
A[15, 26]:3f000000,B[15, 0]:3da3d70a,C[15, 0]:409f5c29
A[15, 27]:0,B[15, 0]:3e23d70a,C[15, 0]:409f5c29
A[15, 28]:3f000000,B[15, 0]:3e75c28f,C[15, 0]:40a51eb8
A[15, 29]:0,B[15, 0]:3ea3d70a,C[15, 0]:40a51eb8
A[15, 0]:3f000000,B[15, 1]:0,C[15, 1]:3f75c290
A[15, 1]:0,B[15, 1]:3df5c28f,C[15, 1]:3f75c290
A[15, 2]:3f000000,B[15, 1]:3e75c28f,C[15, 1]:3f91eb85
A[15, 3]:0,B[15, 1]:3eb851eb,C[15, 1]:3f91eb85
A[15, 4]:3f000000,B[15, 1]:3ef5c28f,C[15, 1]:3fc00000
A[15, 5]:0,B[15, 1]:3f199999,C[15, 1]:3fc00000
A[15, 6]:3f000000,B[15, 1]:3f3851eb,C[15, 1]:40028f5c
A[15, 7]:0,B[15, 1]:3f570a3d,C[15, 1]:40028f5c
A[15, 8]:3f000000,B[15, 1]:3f75c28f,C[15, 1]:4030a3d7
A[15, 9]:0,B[15, 1]:3da3d70a,C[15, 1]:4030a3d7
A[15, 10]:3f000000,B[15, 1]:3e4ccccc,C[15, 1]:403a3d71
A[15, 11]:0,B[15, 1]:3ea3d70a,C[15, 1]:403a3d71
A[15, 12]:3f000000,B[15, 1]:3ee147ae,C[15, 1]:404f5c29
A[15, 13]:0,B[15, 1]:3f0f5c29,C[15, 1]:404f5c29
A[15, 14]:3f000000,B[15, 1]:3f2e147b,C[15, 1]:40700000
A[15, 15]:0,B[15, 1]:3f4ccccc,C[15, 1]:40700000
A[15, 16]:3f000000,B[15, 1]:3f6b851e,C[15, 1]:408e147b
A[15, 17]:0,B[15, 1]:3d23d70a,C[15, 1]:408e147b
A[15, 18]:3f000000,B[15, 1]:3e23d70a,C[15, 1]:4091eb85
A[15, 19]:0,B[15, 1]:3e8f5c29,C[15, 1]:4091eb85
A[15, 20]:3f000000,B[15, 1]:3ecccccc,C[15, 1]:409b851f
A[15, 21]:0,B[15, 1]:3f051eb8,C[15, 1]:409b851f
A[15, 22]:3f000000,B[15, 1]:3f23d70a,C[15, 1]:40aae148
A[15, 23]:0,B[15, 1]:3f428f5c,C[15, 1]:40aae148
A[15, 24]:3f000000,B[15, 1]:3f6147ae,C[15, 1]:40c00000
A[15, 25]:0,B[15, 1]:0,C[15, 1]:40c00000
A[15, 26]:3f000000,B[15, 1]:3df5c28f,C[15, 1]:40c2e148
A[15, 27]:0,B[15, 1]:3e75c28f,C[15, 1]:40c2e148
A[15, 28]:3f000000,B[15, 1]:3eb851eb,C[15, 1]:40cb851f
A[15, 29]:0,B[15, 1]:3ef5c28f,C[15, 1]:40cb851f
A[15, 0]:3f000000,B[15, 2]:0,C[15, 2]:3f28f5c3
A[15, 1]:0,B[15, 2]:3e23d70a,C[15, 2]:3f28f5c3
A[15, 2]:3f000000,B[15, 2]:3ea3d70a,C[15, 2]:3f666667
A[15, 3]:0,B[15, 2]:3ef5c28f,C[15, 2]:3f666667
A[15, 4]:3f000000,B[15, 2]:3f23d70a,C[15, 2]:3fb0a3d7
A[15, 5]:0,B[15, 2]:3f4ccccc,C[15, 2]:3fb0a3d7
A[15, 6]:3f000000,B[15, 2]:3f75c28f,C[15, 2]:40066666
A[15, 7]:0,B[15, 2]:3df5c28f,C[15, 2]:40066666
A[15, 8]:3f000000,B[15, 2]:3e8f5c29,C[15, 2]:4013d70a
A[15, 9]:0,B[15, 2]:3ee147ae,C[15, 2]:4013d70a
A[15, 10]:3f000000,B[15, 2]:3f199999,C[15, 2]:4030a3d7
A[15, 11]:0,B[15, 2]:3f428f5c,C[15, 2]:4030a3d7
A[15, 12]:3f000000,B[15, 2]:3f6b851e,C[15, 2]:405ccccc
A[15, 13]:0,B[15, 2]:3da3d70a,C[15, 2]:405ccccc
A[15, 14]:3f000000,B[15, 2]:3e75c28f,C[15, 2]:406851eb
A[15, 15]:0,B[15, 2]:3ecccccc,C[15, 2]:406851eb
A[15, 16]:3f000000,B[15, 2]:3f0f5c29,C[15, 2]:40819999
A[15, 17]:0,B[15, 2]:3f3851eb,C[15, 2]:40819999
A[15, 18]:3f000000,B[15, 2]:3f6147ae,C[15, 2]:4096b851
A[15, 19]:0,B[15, 2]:3d23d70a,C[15, 2]:4096b851
A[15, 20]:3f000000,B[15, 2]:3e4ccccc,C[15, 2]:409b851e
A[15, 21]:0,B[15, 2]:3eb851eb,C[15, 2]:409b851e
A[15, 22]:3f000000,B[15, 2]:3f051eb8,C[15, 2]:40a7ffff
A[15, 23]:0,B[15, 2]:3f2e147b,C[15, 2]:40a7ffff
A[15, 24]:3f000000,B[15, 2]:3f570a3d,C[15, 2]:40bc28f5
A[15, 25]:0,B[15, 2]:0,C[15, 2]:40bc28f5
A[15, 26]:3f000000,B[15, 2]:3e23d70a,C[15, 2]:40bfffff
A[15, 27]:0,B[15, 2]:3ea3d70a,C[15, 2]:40bfffff
A[15, 28]:3f000000,B[15, 2]:3ef5c28f,C[15, 2]:40cb851e
A[15, 29]:0,B[15, 2]:3f23d70a,C[15, 2]:40cb851e
A[15, 0]:3f000000,B[15, 3]:0,C[15, 3]:3eb851ec
A[15, 1]:0,B[15, 3]:3e4ccccc,C[15, 3]:3eb851ec
A[15, 2]:3f000000,B[15, 3]:3ecccccc,C[15, 3]:3f28f5c2
A[15, 3]:0,B[15, 3]:3f199999,C[15, 3]:3f28f5c2
A[15, 4]:3f000000,B[15, 3]:3f4ccccc,C[15, 3]:3fa147ae
A[15, 5]:0,B[15, 3]:0,C[15, 3]:3fa147ae
A[15, 6]:3f000000,B[15, 3]:3e4ccccc,C[15, 3]:3fb47ae1
A[15, 7]:0,B[15, 3]:3ecccccc,C[15, 3]:3fb47ae1
A[15, 8]:3f000000,B[15, 3]:3f199999,C[15, 3]:3fee147a
A[15, 9]:0,B[15, 3]:3f4ccccc,C[15, 3]:3fee147a
A[15, 10]:3f000000,B[15, 3]:0,C[15, 3]:3fee147a
A[15, 11]:0,B[15, 3]:3e4ccccc,C[15, 3]:3fee147a
A[15, 12]:3f000000,B[15, 3]:3ecccccc,C[15, 3]:400a3d70
A[15, 13]:0,B[15, 3]:3f199999,C[15, 3]:400a3d70
A[15, 14]:3f000000,B[15, 3]:3f4ccccc,C[15, 3]:4030a3d6
A[15, 15]:0,B[15, 3]:0,C[15, 3]:4030a3d6
A[15, 16]:3f000000,B[15, 3]:3e4ccccc,C[15, 3]:403a3d70
A[15, 17]:0,B[15, 3]:3ecccccc,C[15, 3]:403a3d70
A[15, 18]:3f000000,B[15, 3]:3f199999,C[15, 3]:40570a3d
A[15, 19]:0,B[15, 3]:3f4ccccc,C[15, 3]:40570a3d
A[15, 20]:3f000000,B[15, 3]:0,C[15, 3]:40570a3d
A[15, 21]:0,B[15, 3]:3e4ccccc,C[15, 3]:40570a3d
A[15, 22]:3f000000,B[15, 3]:3ecccccc,C[15, 3]:406a3d70
A[15, 23]:0,B[15, 3]:3f199999,C[15, 3]:406a3d70
A[15, 24]:3f000000,B[15, 3]:3f4ccccc,C[15, 3]:408851eb
A[15, 25]:0,B[15, 3]:0,C[15, 3]:408851eb
A[15, 26]:3f000000,B[15, 3]:3e4ccccc,C[15, 3]:408d1eb8
A[15, 27]:0,B[15, 3]:3ecccccc,C[15, 3]:408d1eb8
A[15, 28]:3f000000,B[15, 3]:3f199999,C[15, 3]:409b851e
A[15, 29]:0,B[15, 3]:3f4ccccc,C[15, 3]:409b851e
A[15, 0]:3f000000,B[15, 4]:0,C[15, 4]:3d75c290
A[15, 1]:0,B[15, 4]:3e75c28f,C[15, 4]:3d75c290
A[15, 2]:3f000000,B[15, 4]:3ef5c28f,C[15, 4]:3ed70a3d
A[15, 3]:0,B[15, 4]:3f3851eb,C[15, 4]:3ed70a3d
A[15, 4]:3f000000,B[15, 4]:3f75c28f,C[15, 4]:3f91eb85
A[15, 5]:0,B[15, 4]:3e4ccccc,C[15, 4]:3f91eb85
A[15, 6]:3f000000,B[15, 4]:3ee147ae,C[15, 4]:3fbc28f6
A[15, 7]:0,B[15, 4]:3f2e147b,C[15, 4]:3fbc28f6
A[15, 8]:3f000000,B[15, 4]:3f6b851e,C[15, 4]:400a3d70
A[15, 9]:0,B[15, 4]:3e23d70a,C[15, 4]:400a3d70
A[15, 10]:3f000000,B[15, 4]:3ecccccc,C[15, 4]:401d70a3
A[15, 11]:0,B[15, 4]:3f23d70a,C[15, 4]:401d70a3
A[15, 12]:3f000000,B[15, 4]:3f6147ae,C[15, 4]:4047ae14
A[15, 13]:0,B[15, 4]:3df5c28f,C[15, 4]:4047ae14
A[15, 14]:3f000000,B[15, 4]:3eb851eb,C[15, 4]:4058f5c2
A[15, 15]:0,B[15, 4]:3f199999,C[15, 4]:4058f5c2
A[15, 16]:3f000000,B[15, 4]:3f570a3d,C[15, 4]:4080a3d7
A[15, 17]:0,B[15, 4]:3da3d70a,C[15, 4]:4080a3d7
A[15, 18]:3f000000,B[15, 4]:3ea3d70a,C[15, 4]:408851eb
A[15, 19]:0,B[15, 4]:3f0f5c29,C[15, 4]:408851eb
A[15, 20]:3f000000,B[15, 4]:3f4ccccc,C[15, 4]:409b851e
A[15, 21]:0,B[15, 4]:3d23d70a,C[15, 4]:409b851e
A[15, 22]:3f000000,B[15, 4]:3e8f5c29,C[15, 4]:40a23d70
A[15, 23]:0,B[15, 4]:3f051eb8,C[15, 4]:40a23d70
A[15, 24]:3f000000,B[15, 4]:3f428f5c,C[15, 4]:40b47ae1
A[15, 25]:0,B[15, 4]:0,C[15, 4]:40b47ae1
A[15, 26]:3f000000,B[15, 4]:3e75c28f,C[15, 4]:40ba3d70
A[15, 27]:0,B[15, 4]:3ef5c28f,C[15, 4]:40ba3d70
A[15, 28]:3f000000,B[15, 4]:3f3851eb,C[15, 4]:40cb851e
A[15, 29]:0,B[15, 4]:3f75c28f,C[15, 4]:40cb851e
A[15, 0]:3f000000,B[15, 5]:0,C[15, 5]:3f75c290
A[15, 1]:0,B[15, 5]:3e8f5c29,C[15, 5]:3f75c290
A[15, 2]:3f000000,B[15, 5]:3f0f5c29,C[15, 5]:3fb0a3d8
A[15, 3]:0,B[15, 5]:3f570a3d,C[15, 5]:3fb0a3d8
A[15, 4]:3f000000,B[15, 5]:3df5c28f,C[15, 5]:3fbc28f7
A[15, 5]:0,B[15, 5]:3ecccccc,C[15, 5]:3fbc28f7
A[15, 6]:3f000000,B[15, 5]:3f2e147b,C[15, 5]:3ffd70a5
A[15, 7]:0,B[15, 5]:3f75c28f,C[15, 5]:3ffd70a5
A[15, 8]:3f000000,B[15, 5]:3e75c28f,C[15, 5]:400a3d71
A[15, 9]:0,B[15, 5]:3f051eb8,C[15, 5]:400a3d71
A[15, 10]:3f000000,B[15, 5]:3f4ccccc,C[15, 5]:4030a3d7
A[15, 11]:0,B[15, 5]:3da3d70a,C[15, 5]:4030a3d7
A[15, 12]:3f000000,B[15, 5]:3eb851eb,C[15, 5]:4041eb85
A[15, 13]:0,B[15, 5]:3f23d70a,C[15, 5]:4041eb85
A[15, 14]:3f000000,B[15, 5]:3f6b851e,C[15, 5]:406e147a
A[15, 15]:0,B[15, 5]:3e4ccccc,C[15, 5]:406e147a
A[15, 16]:3f000000,B[15, 5]:3ef5c28f,C[15, 5]:40828f5c
A[15, 17]:0,B[15, 5]:3f428f5c,C[15, 5]:40828f5c
A[15, 18]:3f000000,B[15, 5]:3d23d70a,C[15, 5]:4083851f
A[15, 19]:0,B[15, 5]:3ea3d70a,C[15, 5]:4083851f
A[15, 20]:3f000000,B[15, 5]:3f199999,C[15, 5]:4091eb85
A[15, 21]:0,B[15, 5]:3f6147ae,C[15, 5]:4091eb85
A[15, 22]:3f000000,B[15, 5]:3e23d70a,C[15, 5]:4095c28f
A[15, 23]:0,B[15, 5]:3ee147ae,C[15, 5]:4095c28f
A[15, 24]:3f000000,B[15, 5]:3f3851eb,C[15, 5]:40a70a3d
A[15, 25]:0,B[15, 5]:0,C[15, 5]:40a70a3d
A[15, 26]:3f000000,B[15, 5]:3e8f5c29,C[15, 5]:40adc28f
A[15, 27]:0,B[15, 5]:3f0f5c29,C[15, 5]:40adc28f
A[15, 28]:3f000000,B[15, 5]:3f570a3d,C[15, 5]:40c1eb85
A[15, 29]:0,B[15, 5]:3df5c28f,C[15, 5]:40c1eb85
A[15, 0]:3f000000,B[15, 6]:0,C[15, 6]:3f28f5c3
A[15, 1]:0,B[15, 6]:3ea3d70a,C[15, 6]:3f28f5c3
A[15, 2]:3f000000,B[15, 6]:3f23d70a,C[15, 6]:3f91eb85
A[15, 3]:0,B[15, 6]:3f75c28f,C[15, 6]:3f91eb85
A[15, 4]:3f000000,B[15, 6]:3e8f5c29,C[15, 6]:3faccccd
A[15, 5]:0,B[15, 6]:3f199999,C[15, 6]:3faccccd
A[15, 6]:3f000000,B[15, 6]:3f6b851e,C[15, 6]:40028f5c
A[15, 7]:0,B[15, 6]:3e75c28f,C[15, 6]:40028f5c
A[15, 8]:3f000000,B[15, 6]:3f0f5c29,C[15, 6]:401d70a4
A[15, 9]:0,B[15, 6]:3f6147ae,C[15, 6]:401d70a4
A[15, 10]:3f000000,B[15, 6]:3e4ccccc,C[15, 6]:40270a3e
A[15, 11]:0,B[15, 6]:3f051eb8,C[15, 6]:40270a3e
A[15, 12]:3f000000,B[15, 6]:3f570a3d,C[15, 6]:404f5c2a
A[15, 13]:0,B[15, 6]:3e23d70a,C[15, 6]:404f5c2a
A[15, 14]:3f000000,B[15, 6]:3ef5c28f,C[15, 6]:40666667
A[15, 15]:0,B[15, 6]:3f4ccccc,C[15, 6]:40666667
A[15, 16]:3f000000,B[15, 6]:3df5c28f,C[15, 6]:406c28f6
A[15, 17]:0,B[15, 6]:3ee147ae,C[15, 6]:406c28f6
A[15, 18]:3f000000,B[15, 6]:3f428f5c,C[15, 6]:408851ec
A[15, 19]:0,B[15, 6]:3da3d70a,C[15, 6]:408851ec
A[15, 20]:3f000000,B[15, 6]:3ecccccc,C[15, 6]:4091eb86
A[15, 21]:0,B[15, 6]:3f3851eb,C[15, 6]:4091eb86
A[15, 22]:3f000000,B[15, 6]:3d23d70a,C[15, 6]:4092e149
A[15, 23]:0,B[15, 6]:3eb851eb,C[15, 6]:4092e149
A[15, 24]:3f000000,B[15, 6]:3f2e147b,C[15, 6]:40a33334
A[15, 25]:0,B[15, 6]:0,C[15, 6]:40a33334
A[15, 26]:3f000000,B[15, 6]:3ea3d70a,C[15, 6]:40aae148
A[15, 27]:0,B[15, 6]:3f23d70a,C[15, 6]:40aae148
A[15, 28]:3f000000,B[15, 6]:3f75c28f,C[15, 6]:40c1eb85
A[15, 29]:0,B[15, 6]:3e8f5c29,C[15, 6]:40c1eb85
A[15, 0]:3f000000,B[15, 7]:0,C[15, 7]:3eb851ec
A[15, 1]:0,B[15, 7]:3eb851eb,C[15, 7]:3eb851ec
A[15, 2]:3f000000,B[15, 7]:3f3851eb,C[15, 7]:3f666666
A[15, 3]:0,B[15, 7]:3da3d70a,C[15, 7]:3f666666
A[15, 4]:3f000000,B[15, 7]:3ee147ae,C[15, 7]:3f9d70a4
A[15, 5]:0,B[15, 7]:3f4ccccc,C[15, 7]:3f9d70a4
A[15, 6]:3f000000,B[15, 7]:3e23d70a,C[15, 7]:3faccccd
A[15, 7]:0,B[15, 7]:3f051eb8,C[15, 7]:3faccccd
A[15, 8]:3f000000,B[15, 7]:3f6147ae,C[15, 7]:4000a3d7
A[15, 9]:0,B[15, 7]:3e75c28f,C[15, 7]:4000a3d7
A[15, 10]:3f000000,B[15, 7]:3f199999,C[15, 7]:401d70a4
A[15, 11]:0,B[15, 7]:3f75c28f,C[15, 7]:401d70a4
A[15, 12]:3f000000,B[15, 7]:3ea3d70a,C[15, 7]:402ccccd
A[15, 13]:0,B[15, 7]:3f2e147b,C[15, 7]:402ccccd
A[15, 14]:3f000000,B[15, 7]:3d23d70a,C[15, 7]:402eb852
A[15, 15]:0,B[15, 7]:3ecccccc,C[15, 7]:402eb852
A[15, 16]:3f000000,B[15, 7]:3f428f5c,C[15, 7]:40533333
A[15, 17]:0,B[15, 7]:3df5c28f,C[15, 7]:40533333
A[15, 18]:3f000000,B[15, 7]:3ef5c28f,C[15, 7]:406a3d70
A[15, 19]:0,B[15, 7]:3f570a3d,C[15, 7]:406a3d70
A[15, 20]:3f000000,B[15, 7]:3e4ccccc,C[15, 7]:4073d70a
A[15, 21]:0,B[15, 7]:3f0f5c29,C[15, 7]:4073d70a
A[15, 22]:3f000000,B[15, 7]:3f6b851e,C[15, 7]:40900000
A[15, 23]:0,B[15, 7]:3e8f5c29,C[15, 7]:40900000
A[15, 24]:3f000000,B[15, 7]:3f23d70a,C[15, 7]:409f5c29
A[15, 25]:0,B[15, 7]:0,C[15, 7]:409f5c29
A[15, 26]:3f000000,B[15, 7]:3eb851eb,C[15, 7]:40a80000
A[15, 27]:0,B[15, 7]:3f3851eb,C[15, 7]:40a80000
A[15, 28]:3f000000,B[15, 7]:3da3d70a,C[15, 7]:40a9eb85
A[15, 29]:0,B[15, 7]:3ee147ae,C[15, 7]:40a9eb85
A[15, 0]:3f000000,B[15, 8]:0,C[15, 8]:3d75c290
A[15, 1]:0,B[15, 8]:3ecccccc,C[15, 8]:3d75c290
A[15, 2]:3f000000,B[15, 8]:3f4ccccc,C[15, 8]:3f28f5c2
A[15, 3]:0,B[15, 8]:3e4ccccc,C[15, 8]:3f28f5c2
A[15, 4]:3f000000,B[15, 8]:3f199999,C[15, 8]:3f8e147a
A[15, 5]:0,B[15, 8]:0,C[15, 8]:3f8e147a
A[15, 6]:3f000000,B[15, 8]:3ecccccc,C[15, 8]:3fb47ae0
A[15, 7]:0,B[15, 8]:3f4ccccc,C[15, 8]:3fb47ae0
A[15, 8]:3f000000,B[15, 8]:3e4ccccc,C[15, 8]:3fc7ae13
A[15, 9]:0,B[15, 8]:3f199999,C[15, 8]:3fc7ae13
A[15, 10]:3f000000,B[15, 8]:0,C[15, 8]:3fc7ae13
A[15, 11]:0,B[15, 8]:3ecccccc,C[15, 8]:3fc7ae13
A[15, 12]:3f000000,B[15, 8]:3f4ccccc,C[15, 8]:400a3d70
A[15, 13]:0,B[15, 8]:3e4ccccc,C[15, 8]:400a3d70
A[15, 14]:3f000000,B[15, 8]:3f199999,C[15, 8]:40270a3d
A[15, 15]:0,B[15, 8]:0,C[15, 8]:40270a3d
A[15, 16]:3f000000,B[15, 8]:3ecccccc,C[15, 8]:403a3d70
A[15, 17]:0,B[15, 8]:3f4ccccc,C[15, 8]:403a3d70
A[15, 18]:3f000000,B[15, 8]:3e4ccccc,C[15, 8]:4043d70a
A[15, 19]:0,B[15, 8]:3f199999,C[15, 8]:4043d70a
A[15, 20]:3f000000,B[15, 8]:0,C[15, 8]:4043d70a
A[15, 21]:0,B[15, 8]:3ecccccc,C[15, 8]:4043d70a
A[15, 22]:3f000000,B[15, 8]:3f4ccccc,C[15, 8]:406a3d70
A[15, 23]:0,B[15, 8]:3e4ccccc,C[15, 8]:406a3d70
A[15, 24]:3f000000,B[15, 8]:3f199999,C[15, 8]:4083851e
A[15, 25]:0,B[15, 8]:0,C[15, 8]:4083851e
A[15, 26]:3f000000,B[15, 8]:3ecccccc,C[15, 8]:408d1eb8
A[15, 27]:0,B[15, 8]:3f4ccccc,C[15, 8]:408d1eb8
A[15, 28]:3f000000,B[15, 8]:3e4ccccc,C[15, 8]:4091eb85
A[15, 29]:0,B[15, 8]:3f199999,C[15, 8]:4091eb85
A[15, 0]:3f000000,B[15, 9]:0,C[15, 9]:3f75c290
A[15, 1]:0,B[15, 9]:3ee147ae,C[15, 9]:3f75c290
A[15, 2]:3f000000,B[15, 9]:3f6147ae,C[15, 9]:3fcf5c29
A[15, 3]:0,B[15, 9]:3ea3d70a,C[15, 9]:3fcf5c29
A[15, 4]:3f000000,B[15, 9]:3f428f5c,C[15, 9]:400c28f6
A[15, 5]:0,B[15, 9]:3e4ccccc,C[15, 9]:400c28f6
A[15, 6]:3f000000,B[15, 9]:3f23d70a,C[15, 9]:402ae148
A[15, 7]:0,B[15, 9]:3da3d70a,C[15, 9]:402ae148
A[15, 8]:3f000000,B[15, 9]:3f051eb8,C[15, 9]:4043d70a
A[15, 9]:0,B[15, 9]:3f75c28f,C[15, 9]:4043d70a
A[15, 10]:3f000000,B[15, 9]:3ecccccc,C[15, 9]:40570a3d
A[15, 11]:0,B[15, 9]:3f570a3d,C[15, 9]:40570a3d
A[15, 12]:3f000000,B[15, 9]:3e8f5c29,C[15, 9]:40647ae1
A[15, 13]:0,B[15, 9]:3f3851eb,C[15, 9]:40647ae1
A[15, 14]:3f000000,B[15, 9]:3e23d70a,C[15, 9]:406c28f5
A[15, 15]:0,B[15, 9]:3f199999,C[15, 9]:406c28f5
A[15, 16]:3f000000,B[15, 9]:3d23d70a,C[15, 9]:406e147a
A[15, 17]:0,B[15, 9]:3ef5c28f,C[15, 9]:406e147a
A[15, 18]:3f000000,B[15, 9]:3f6b851e,C[15, 9]:408d1eb8
A[15, 19]:0,B[15, 9]:3eb851eb,C[15, 9]:408d1eb8
A[15, 20]:3f000000,B[15, 9]:3f4ccccc,C[15, 9]:40a051eb
A[15, 21]:0,B[15, 9]:3e75c28f,C[15, 9]:40a051eb
A[15, 22]:3f000000,B[15, 9]:3f2e147b,C[15, 9]:40b0a3d6
A[15, 23]:0,B[15, 9]:3df5c28f,C[15, 9]:40b0a3d6
A[15, 24]:3f000000,B[15, 9]:3f0f5c29,C[15, 9]:40be147a
A[15, 25]:0,B[15, 9]:0,C[15, 9]:40be147a
A[15, 26]:3f000000,B[15, 9]:3ee147ae,C[15, 9]:40c8a3d6
A[15, 27]:0,B[15, 9]:3f6147ae,C[15, 9]:40c8a3d6
A[15, 28]:3f000000,B[15, 9]:3ea3d70a,C[15, 9]:40d051ea
A[15, 29]:0,B[15, 9]:3f428f5c,C[15, 9]:40d051ea
A[15, 0]:3f000000,B[15, 10]:0,C[15, 10]:3f28f5c3
A[15, 1]:0,B[15, 10]:3ef5c28f,C[15, 10]:3f28f5c3
A[15, 2]:3f000000,B[15, 10]:3f75c28f,C[15, 10]:3fb0a3d7
A[15, 3]:0,B[15, 10]:3ee147ae,C[15, 10]:3fb0a3d7
A[15, 4]:3f000000,B[15, 10]:3f6b851e,C[15, 10]:40047ae1
A[15, 5]:0,B[15, 10]:3ecccccc,C[15, 10]:40047ae1
A[15, 6]:3f000000,B[15, 10]:3f6147ae,C[15, 10]:402eb852
A[15, 7]:0,B[15, 10]:3eb851eb,C[15, 10]:402eb852
A[15, 8]:3f000000,B[15, 10]:3f570a3d,C[15, 10]:40570a3e
A[15, 9]:0,B[15, 10]:3ea3d70a,C[15, 10]:40570a3e
A[15, 10]:3f000000,B[15, 10]:3f4ccccc,C[15, 10]:407d70a4
A[15, 11]:0,B[15, 10]:3e8f5c29,C[15, 10]:407d70a4
A[15, 12]:3f000000,B[15, 10]:3f428f5c,C[15, 10]:4090f5c3
A[15, 13]:0,B[15, 10]:3e75c28f,C[15, 10]:4090f5c3
A[15, 14]:3f000000,B[15, 10]:3f3851eb,C[15, 10]:40a23d71
A[15, 15]:0,B[15, 10]:3e4ccccc,C[15, 10]:40a23d71
A[15, 16]:3f000000,B[15, 10]:3f2e147b,C[15, 10]:40b28f5c
A[15, 17]:0,B[15, 10]:3e23d70a,C[15, 10]:40b28f5c
A[15, 18]:3f000000,B[15, 10]:3f23d70a,C[15, 10]:40c1eb85
A[15, 19]:0,B[15, 10]:3df5c28f,C[15, 10]:40c1eb85
A[15, 20]:3f000000,B[15, 10]:3f199999,C[15, 10]:40d051eb
A[15, 21]:0,B[15, 10]:3da3d70a,C[15, 10]:40d051eb
A[15, 22]:3f000000,B[15, 10]:3f0f5c29,C[15, 10]:40ddc28f
A[15, 23]:0,B[15, 10]:3d23d70a,C[15, 10]:40ddc28f
A[15, 24]:3f000000,B[15, 10]:3f051eb8,C[15, 10]:40ea3d70
A[15, 25]:0,B[15, 10]:0,C[15, 10]:40ea3d70
A[15, 26]:3f000000,B[15, 10]:3ef5c28f,C[15, 10]:40f5c28f
A[15, 27]:0,B[15, 10]:3f75c28f,C[15, 10]:40f5c28f
A[15, 28]:3f000000,B[15, 10]:3ee147ae,C[15, 10]:410028f6
A[15, 29]:0,B[15, 10]:3f6b851e,C[15, 10]:410028f6
A[15, 0]:3f000000,B[15, 11]:0,C[15, 11]:3eb851ec
A[15, 1]:0,B[15, 11]:3f051eb8,C[15, 11]:3eb851ec
A[15, 2]:3f000000,B[15, 11]:3d23d70a,C[15, 11]:3ec7ae15
A[15, 3]:0,B[15, 11]:3f0f5c29,C[15, 11]:3ec7ae15
A[15, 4]:3f000000,B[15, 11]:3da3d70a,C[15, 11]:3ee66667
A[15, 5]:0,B[15, 11]:3f199999,C[15, 11]:3ee66667
A[15, 6]:3f000000,B[15, 11]:3df5c28f,C[15, 11]:3f0a3d71
A[15, 7]:0,B[15, 11]:3f23d70a,C[15, 11]:3f0a3d71
A[15, 8]:3f000000,B[15, 11]:3e23d70a,C[15, 11]:3f28f5c3
A[15, 9]:0,B[15, 11]:3f2e147b,C[15, 11]:3f28f5c3
A[15, 10]:3f000000,B[15, 11]:3e4ccccc,C[15, 11]:3f4f5c29
A[15, 11]:0,B[15, 11]:3f3851eb,C[15, 11]:3f4f5c29
A[15, 12]:3f000000,B[15, 11]:3e75c28f,C[15, 11]:3f7d70a4
A[15, 13]:0,B[15, 11]:3f428f5c,C[15, 11]:3f7d70a4
A[15, 14]:3f000000,B[15, 11]:3e8f5c29,C[15, 11]:3f99999a
A[15, 15]:0,B[15, 11]:3f4ccccc,C[15, 11]:3f99999a
A[15, 16]:3f000000,B[15, 11]:3ea3d70a,C[15, 11]:3fb851ec
A[15, 17]:0,B[15, 11]:3f570a3d,C[15, 11]:3fb851ec
A[15, 18]:3f000000,B[15, 11]:3eb851eb,C[15, 11]:3fdae148
A[15, 19]:0,B[15, 11]:3f6147ae,C[15, 11]:3fdae148
A[15, 20]:3f000000,B[15, 11]:3ecccccc,C[15, 11]:4000a3d7
A[15, 21]:0,B[15, 11]:3f6b851e,C[15, 11]:4000a3d7
A[15, 22]:3f000000,B[15, 11]:3ee147ae,C[15, 11]:4015c28f
A[15, 23]:0,B[15, 11]:3f75c28f,C[15, 11]:4015c28f
A[15, 24]:3f000000,B[15, 11]:3ef5c28f,C[15, 11]:402ccccc
A[15, 25]:0,B[15, 11]:0,C[15, 11]:402ccccc
A[15, 26]:3f000000,B[15, 11]:3f051eb8,C[15, 11]:4045c28e
A[15, 27]:0,B[15, 11]:3d23d70a,C[15, 11]:4045c28e
A[15, 28]:3f000000,B[15, 11]:3f0f5c29,C[15, 11]:4060a3d6
A[15, 29]:0,B[15, 11]:3da3d70a,C[15, 11]:4060a3d6
A[15, 0]:3f000000,B[15, 12]:0,C[15, 12]:3d75c290
A[15, 1]:0,B[15, 12]:3f0f5c29,C[15, 12]:3d75c290
A[15, 2]:3f000000,B[15, 12]:3df5c28f,C[15, 12]:3e19999a
A[15, 3]:0,B[15, 12]:3f2e147b,C[15, 12]:3e19999a
A[15, 4]:3f000000,B[15, 12]:3e75c28f,C[15, 12]:3ea8f5c2
A[15, 5]:0,B[15, 12]:3f4ccccc,C[15, 12]:3ea8f5c2
A[15, 6]:3f000000,B[15, 12]:3eb851eb,C[15, 12]:3f199999
A[15, 7]:0,B[15, 12]:3f6b851e,C[15, 12]:3f199999
A[15, 8]:3f000000,B[15, 12]:3ef5c28f,C[15, 12]:3f75c28e
A[15, 9]:0,B[15, 12]:3d23d70a,C[15, 12]:3f75c28e
A[15, 10]:3f000000,B[15, 12]:3f199999,C[15, 12]:3fb47ae0
A[15, 11]:0,B[15, 12]:3e23d70a,C[15, 12]:3fb47ae0
A[15, 12]:3f000000,B[15, 12]:3f3851eb,C[15, 12]:3ff99998
A[15, 13]:0,B[15, 12]:3e8f5c29,C[15, 12]:3ff99998
A[15, 14]:3f000000,B[15, 12]:3f570a3d,C[15, 12]:40251eb8
A[15, 15]:0,B[15, 12]:3ecccccc,C[15, 12]:40251eb8
A[15, 16]:3f000000,B[15, 12]:3f75c28f,C[15, 12]:40533333
A[15, 17]:0,B[15, 12]:3f051eb8,C[15, 12]:40533333
A[15, 18]:3f000000,B[15, 12]:3da3d70a,C[15, 12]:40570a3d
A[15, 19]:0,B[15, 12]:3f23d70a,C[15, 12]:40570a3d
A[15, 20]:3f000000,B[15, 12]:3e4ccccc,C[15, 12]:4060a3d7
A[15, 21]:0,B[15, 12]:3f428f5c,C[15, 12]:4060a3d7
A[15, 22]:3f000000,B[15, 12]:3ea3d70a,C[15, 12]:40700000
A[15, 23]:0,B[15, 12]:3f6147ae,C[15, 12]:40700000
A[15, 24]:3f000000,B[15, 12]:3ee147ae,C[15, 12]:40828f5c
A[15, 25]:0,B[15, 12]:0,C[15, 12]:40828f5c
A[15, 26]:3f000000,B[15, 12]:3f0f5c29,C[15, 12]:40900000
A[15, 27]:0,B[15, 12]:3df5c28f,C[15, 12]:40900000
A[15, 28]:3f000000,B[15, 12]:3f2e147b,C[15, 12]:40a051ec
A[15, 29]:0,B[15, 12]:3e75c28f,C[15, 12]:40a051ec
A[15, 0]:3f000000,B[15, 13]:0,C[15, 13]:3f75c290
A[15, 1]:0,B[15, 13]:3f199999,C[15, 13]:3f75c290
A[15, 2]:3f000000,B[15, 13]:3e4ccccc,C[15, 13]:3f8e147b
A[15, 3]:0,B[15, 13]:3f4ccccc,C[15, 13]:3f8e147b
A[15, 4]:3f000000,B[15, 13]:3ecccccc,C[15, 13]:3fb47ae1
A[15, 5]:0,B[15, 13]:0,C[15, 13]:3fb47ae1
A[15, 6]:3f000000,B[15, 13]:3f199999,C[15, 13]:3fee147a
A[15, 7]:0,B[15, 13]:3e4ccccc,C[15, 13]:3fee147a
A[15, 8]:3f000000,B[15, 13]:3f4ccccc,C[15, 13]:401d70a3
A[15, 9]:0,B[15, 13]:3ecccccc,C[15, 13]:401d70a3
A[15, 10]:3f000000,B[15, 13]:0,C[15, 13]:401d70a3
A[15, 11]:0,B[15, 13]:3f199999,C[15, 13]:401d70a3
A[15, 12]:3f000000,B[15, 13]:3e4ccccc,C[15, 13]:40270a3d
A[15, 13]:0,B[15, 13]:3f4ccccc,C[15, 13]:40270a3d
A[15, 14]:3f000000,B[15, 13]:3ecccccc,C[15, 13]:403a3d70
A[15, 15]:0,B[15, 13]:0,C[15, 13]:403a3d70
A[15, 16]:3f000000,B[15, 13]:3f199999,C[15, 13]:40570a3d
A[15, 17]:0,B[15, 13]:3e4ccccc,C[15, 13]:40570a3d
A[15, 18]:3f000000,B[15, 13]:3f4ccccc,C[15, 13]:407d70a3
A[15, 19]:0,B[15, 13]:3ecccccc,C[15, 13]:407d70a3
A[15, 20]:3f000000,B[15, 13]:0,C[15, 13]:407d70a3
A[15, 21]:0,B[15, 13]:3f199999,C[15, 13]:407d70a3
A[15, 22]:3f000000,B[15, 13]:3e4ccccc,C[15, 13]:4083851e
A[15, 23]:0,B[15, 13]:3f4ccccc,C[15, 13]:4083851e
A[15, 24]:3f000000,B[15, 13]:3ecccccc,C[15, 13]:408d1eb8
A[15, 25]:0,B[15, 13]:0,C[15, 13]:408d1eb8
A[15, 26]:3f000000,B[15, 13]:3f199999,C[15, 13]:409b851e
A[15, 27]:0,B[15, 13]:3e4ccccc,C[15, 13]:409b851e
A[15, 28]:3f000000,B[15, 13]:3f4ccccc,C[15, 13]:40aeb851
A[15, 29]:0,B[15, 13]:3ecccccc,C[15, 13]:40aeb851
A[15, 0]:3f000000,B[15, 14]:0,C[15, 14]:3f28f5c3
A[15, 1]:0,B[15, 14]:3f23d70a,C[15, 14]:3f28f5c3
A[15, 2]:3f000000,B[15, 14]:3e8f5c29,C[15, 14]:3f5eb852
A[15, 3]:0,B[15, 14]:3f6b851e,C[15, 14]:3f5eb852
A[15, 4]:3f000000,B[15, 14]:3f0f5c29,C[15, 14]:3fa51eb8
A[15, 5]:0,B[15, 14]:3e4ccccc,C[15, 14]:3fa51eb8
A[15, 6]:3f000000,B[15, 14]:3f570a3d,C[15, 14]:3ff5c28f
A[15, 7]:0,B[15, 14]:3ef5c28f,C[15, 14]:3ff5c28f
A[15, 8]:3f000000,B[15, 14]:3df5c28f,C[15, 14]:4000a3d7
A[15, 9]:0,B[15, 14]:3f428f5c,C[15, 14]:4000a3d7
A[15, 10]:3f000000,B[15, 14]:3ecccccc,C[15, 14]:4013d70a
A[15, 11]:0,B[15, 14]:3d23d70a,C[15, 14]:4013d70a
A[15, 12]:3f000000,B[15, 14]:3f2e147b,C[15, 14]:40347ae1
A[15, 13]:0,B[15, 14]:3ea3d70a,C[15, 14]:40347ae1
A[15, 14]:3f000000,B[15, 14]:3f75c28f,C[15, 14]:40628f5c
A[15, 15]:0,B[15, 14]:3f199999,C[15, 14]:40628f5c
A[15, 16]:3f000000,B[15, 14]:3e75c28f,C[15, 14]:406e147b
A[15, 17]:0,B[15, 14]:3f6147ae,C[15, 14]:406e147b
A[15, 18]:3f000000,B[15, 14]:3f051eb8,C[15, 14]:4083851f
A[15, 19]:0,B[15, 14]:3e23d70a,C[15, 14]:4083851f
A[15, 20]:3f000000,B[15, 14]:3f4ccccc,C[15, 14]:4096b852
A[15, 21]:0,B[15, 14]:3ee147ae,C[15, 14]:4096b852
A[15, 22]:3f000000,B[15, 14]:3da3d70a,C[15, 14]:4098a3d7
A[15, 23]:0,B[15, 14]:3f3851eb,C[15, 14]:4098a3d7
A[15, 24]:3f000000,B[15, 14]:3eb851eb,C[15, 14]:40a147ae
A[15, 25]:0,B[15, 14]:0,C[15, 14]:40a147ae
A[15, 26]:3f000000,B[15, 14]:3f23d70a,C[15, 14]:40b0a3d7
A[15, 27]:0,B[15, 14]:3e8f5c29,C[15, 14]:40b0a3d7
A[15, 28]:3f000000,B[15, 14]:3f6b851e,C[15, 14]:40c6b852
A[15, 29]:0,B[15, 14]:3f0f5c29,C[15, 14]:40c6b852
A[15, 0]:3f000000,B[15, 15]:0,C[15, 15]:3eb851ec
A[15, 1]:0,B[15, 15]:3f2e147b,C[15, 15]:3eb851ec
A[15, 2]:3f000000,B[15, 15]:3eb851eb,C[15, 15]:3f2147ae
A[15, 3]:0,B[15, 15]:3d23d70a,C[15, 15]:3f2147ae
A[15, 4]:3f000000,B[15, 15]:3f3851eb,C[15, 15]:3f95c28f
A[15, 5]:0,B[15, 15]:3ecccccc,C[15, 15]:3f95c28f
A[15, 6]:3f000000,B[15, 15]:3da3d70a,C[15, 15]:3f9d70a3
A[15, 7]:0,B[15, 15]:3f428f5c,C[15, 15]:3f9d70a3
A[15, 8]:3f000000,B[15, 15]:3ee147ae,C[15, 15]:3fc7ae14
A[15, 9]:0,B[15, 15]:3df5c28f,C[15, 15]:3fc7ae14
A[15, 10]:3f000000,B[15, 15]:3f4ccccc,C[15, 15]:400a3d70
A[15, 11]:0,B[15, 15]:3ef5c28f,C[15, 15]:400a3d70
A[15, 12]:3f000000,B[15, 15]:3e23d70a,C[15, 15]:4011eb84
A[15, 13]:0,B[15, 15]:3f570a3d,C[15, 15]:4011eb84
A[15, 14]:3f000000,B[15, 15]:3f051eb8,C[15, 15]:402ae146
A[15, 15]:0,B[15, 15]:3e4ccccc,C[15, 15]:402ae146
A[15, 16]:3f000000,B[15, 15]:3f6147ae,C[15, 15]:40551eb6
A[15, 17]:0,B[15, 15]:3f0f5c29,C[15, 15]:40551eb6
A[15, 18]:3f000000,B[15, 15]:3e75c28f,C[15, 15]:4060a3d5
A[15, 19]:0,B[15, 15]:3f6b851e,C[15, 15]:4060a3d5
A[15, 20]:3f000000,B[15, 15]:3f199999,C[15, 15]:407d70a2
A[15, 21]:0,B[15, 15]:3e8f5c29,C[15, 15]:407d70a2
A[15, 22]:3f000000,B[15, 15]:3f75c28f,C[15, 15]:4095c28e
A[15, 23]:0,B[15, 15]:3f23d70a,C[15, 15]:4095c28e
A[15, 24]:3f000000,B[15, 15]:3ea3d70a,C[15, 15]:409d70a2
A[15, 25]:0,B[15, 15]:0,C[15, 15]:409d70a2
A[15, 26]:3f000000,B[15, 15]:3f2e147b,C[15, 15]:40adc28e
A[15, 27]:0,B[15, 15]:3eb851eb,C[15, 15]:40adc28e
A[15, 28]:3f000000,B[15, 15]:3d23d70a,C[15, 15]:40aeb851
A[15, 29]:0,B[15, 15]:3f3851eb,C[15, 15]:40aeb851
A[15, 0]:3f000000,B[15, 16]:0,C[15, 16]:3d75c290
A[15, 1]:0,B[15, 16]:3f3851eb,C[15, 16]:3d75c290
A[15, 2]:3f000000,B[15, 16]:3ee147ae,C[15, 16]:3ec7ae14
A[15, 3]:0,B[15, 16]:3e23d70a,C[15, 16]:3ec7ae14
A[15, 4]:3f000000,B[15, 16]:3f6147ae,C[15, 16]:3f866666
A[15, 5]:0,B[15, 16]:3f199999,C[15, 16]:3f866666
A[15, 6]:3f000000,B[15, 16]:3ea3d70a,C[15, 16]:3fa51eb8
A[15, 7]:0,B[15, 16]:3d23d70a,C[15, 16]:3fa51eb8
A[15, 8]:3f000000,B[15, 16]:3f428f5c,C[15, 16]:3fee147a
A[15, 9]:0,B[15, 16]:3ef5c28f,C[15, 16]:3fee147a
A[15, 10]:3f000000,B[15, 16]:3e4ccccc,C[15, 16]:4000a3d7
A[15, 11]:0,B[15, 16]:3f6b851e,C[15, 16]:4000a3d7
A[15, 12]:3f000000,B[15, 16]:3f23d70a,C[15, 16]:401f5c29
A[15, 13]:0,B[15, 16]:3eb851eb,C[15, 16]:401f5c29
A[15, 14]:3f000000,B[15, 16]:3da3d70a,C[15, 16]:40233333
A[15, 15]:0,B[15, 16]:3f4ccccc,C[15, 16]:40233333
A[15, 16]:3f000000,B[15, 16]:3f051eb8,C[15, 16]:403c28f6
A[15, 17]:0,B[15, 16]:3e75c28f,C[15, 16]:403c28f6
A[15, 18]:3f000000,B[15, 16]:3f75c28f,C[15, 16]:406a3d71
A[15, 19]:0,B[15, 16]:3f2e147b,C[15, 16]:406a3d71
A[15, 20]:3f000000,B[15, 16]:3ecccccc,C[15, 16]:407d70a4
A[15, 21]:0,B[15, 16]:3df5c28f,C[15, 16]:407d70a4
A[15, 22]:3f000000,B[15, 16]:3f570a3d,C[15, 16]:4092e148
A[15, 23]:0,B[15, 16]:3f0f5c29,C[15, 16]:4092e148
A[15, 24]:3f000000,B[15, 16]:3e8f5c29,C[15, 16]:4099999a
A[15, 25]:0,B[15, 16]:0,C[15, 16]:4099999a
A[15, 26]:3f000000,B[15, 16]:3f3851eb,C[15, 16]:40aae148
A[15, 27]:0,B[15, 16]:3ee147ae,C[15, 16]:40aae148
A[15, 28]:3f000000,B[15, 16]:3e23d70a,C[15, 16]:40aeb852
A[15, 29]:0,B[15, 16]:3f6147ae,C[15, 16]:40aeb852
A[15, 0]:3f000000,B[15, 17]:0,C[15, 17]:3f75c290
A[15, 1]:0,B[15, 17]:3f428f5c,C[15, 17]:3f75c290
A[15, 2]:3f000000,B[15, 17]:3f051eb8,C[15, 17]:3faccccd
A[15, 3]:0,B[15, 17]:3e8f5c29,C[15, 17]:3faccccd
A[15, 4]:3f000000,B[15, 17]:3d23d70a,C[15, 17]:3fb0a3d7
A[15, 5]:0,B[15, 17]:3f4ccccc,C[15, 17]:3fb0a3d7
A[15, 6]:3f000000,B[15, 17]:3f0f5c29,C[15, 17]:3fe66666
A[15, 7]:0,B[15, 17]:3ea3d70a,C[15, 17]:3fe66666
A[15, 8]:3f000000,B[15, 17]:3da3d70a,C[15, 17]:3fee147a
A[15, 9]:0,B[15, 17]:3f570a3d,C[15, 17]:3fee147a
A[15, 10]:3f000000,B[15, 17]:3f199999,C[15, 17]:4013d70a
A[15, 11]:0,B[15, 17]:3eb851eb,C[15, 17]:4013d70a
A[15, 12]:3f000000,B[15, 17]:3df5c28f,C[15, 17]:40199999
A[15, 13]:0,B[15, 17]:3f6147ae,C[15, 17]:40199999
A[15, 14]:3f000000,B[15, 17]:3f23d70a,C[15, 17]:403851eb
A[15, 15]:0,B[15, 17]:3ecccccc,C[15, 17]:403851eb
A[15, 16]:3f000000,B[15, 17]:3e23d70a,C[15, 17]:403fffff
A[15, 17]:0,B[15, 17]:3f6b851e,C[15, 17]:403fffff
A[15, 18]:3f000000,B[15, 17]:3f2e147b,C[15, 17]:4060a3d6
A[15, 19]:0,B[15, 17]:3ee147ae,C[15, 17]:4060a3d6
A[15, 20]:3f000000,B[15, 17]:3e4ccccc,C[15, 17]:406a3d70
A[15, 21]:0,B[15, 17]:3f75c28f,C[15, 17]:406a3d70
A[15, 22]:3f000000,B[15, 17]:3f3851eb,C[15, 17]:40866666
A[15, 23]:0,B[15, 17]:3ef5c28f,C[15, 17]:40866666
A[15, 24]:3f000000,B[15, 17]:3e75c28f,C[15, 17]:408c28f5
A[15, 25]:0,B[15, 17]:0,C[15, 17]:408c28f5
A[15, 26]:3f000000,B[15, 17]:3f428f5c,C[15, 17]:409e6666
A[15, 27]:0,B[15, 17]:3f051eb8,C[15, 17]:409e6666
A[15, 28]:3f000000,B[15, 17]:3e8f5c29,C[15, 17]:40a51eb8
A[15, 29]:0,B[15, 17]:3d23d70a,C[15, 17]:40a51eb8
A[15, 0]:3f000000,B[15, 18]:0,C[15, 18]:3f28f5c3
A[15, 1]:0,B[15, 18]:3f4ccccc,C[15, 18]:3f28f5c3
A[15, 2]:3f000000,B[15, 18]:3f199999,C[15, 18]:3f8e147b
A[15, 3]:0,B[15, 18]:3ecccccc,C[15, 18]:3f8e147b
A[15, 4]:3f000000,B[15, 18]:3e4ccccc,C[15, 18]:3fa147ae
A[15, 5]:0,B[15, 18]:0,C[15, 18]:3fa147ae
A[15, 6]:3f000000,B[15, 18]:3f4ccccc,C[15, 18]:3fee147a
A[15, 7]:0,B[15, 18]:3f199999,C[15, 18]:3fee147a
A[15, 8]:3f000000,B[15, 18]:3ecccccc,C[15, 18]:400a3d70
A[15, 9]:0,B[15, 18]:3e4ccccc,C[15, 18]:400a3d70
A[15, 10]:3f000000,B[15, 18]:0,C[15, 18]:400a3d70
A[15, 11]:0,B[15, 18]:3f4ccccc,C[15, 18]:400a3d70
A[15, 12]:3f000000,B[15, 18]:3f199999,C[15, 18]:40270a3d
A[15, 13]:0,B[15, 18]:3ecccccc,C[15, 18]:40270a3d
A[15, 14]:3f000000,B[15, 18]:3e4ccccc,C[15, 18]:4030a3d7
A[15, 15]:0,B[15, 18]:0,C[15, 18]:4030a3d7
A[15, 16]:3f000000,B[15, 18]:3f4ccccc,C[15, 18]:40570a3d
A[15, 17]:0,B[15, 18]:3f199999,C[15, 18]:40570a3d
A[15, 18]:3f000000,B[15, 18]:3ecccccc,C[15, 18]:406a3d70
A[15, 19]:0,B[15, 18]:3e4ccccc,C[15, 18]:406a3d70
A[15, 20]:3f000000,B[15, 18]:0,C[15, 18]:406a3d70
A[15, 21]:0,B[15, 18]:3f4ccccc,C[15, 18]:406a3d70
A[15, 22]:3f000000,B[15, 18]:3f199999,C[15, 18]:4083851e
A[15, 23]:0,B[15, 18]:3ecccccc,C[15, 18]:4083851e
A[15, 24]:3f000000,B[15, 18]:3e4ccccc,C[15, 18]:408851eb
A[15, 25]:0,B[15, 18]:0,C[15, 18]:408851eb
A[15, 26]:3f000000,B[15, 18]:3f4ccccc,C[15, 18]:409b851e
A[15, 27]:0,B[15, 18]:3f199999,C[15, 18]:409b851e
A[15, 28]:3f000000,B[15, 18]:3ecccccc,C[15, 18]:40a51eb8
A[15, 29]:0,B[15, 18]:3e4ccccc,C[15, 18]:40a51eb8
A[15, 0]:3f000000,B[15, 19]:0,C[15, 19]:3eb851ec
A[15, 1]:0,B[15, 19]:3f570a3d,C[15, 19]:3eb851ec
A[15, 2]:3f000000,B[15, 19]:3f2e147b,C[15, 19]:3f5eb852
A[15, 3]:0,B[15, 19]:3f051eb8,C[15, 19]:3f5eb852
A[15, 4]:3f000000,B[15, 19]:3eb851eb,C[15, 19]:3f91eb85
A[15, 5]:0,B[15, 19]:3e4ccccc,C[15, 19]:3f91eb85
A[15, 6]:3f000000,B[15, 19]:3d23d70a,C[15, 19]:3f95c28f
A[15, 7]:0,B[15, 19]:3f6147ae,C[15, 19]:3f95c28f
A[15, 8]:3f000000,B[15, 19]:3f3851eb,C[15, 19]:3fdae147
A[15, 9]:0,B[15, 19]:3f0f5c29,C[15, 19]:3fdae147
A[15, 10]:3f000000,B[15, 19]:3ecccccc,C[15, 19]:4000a3d7
A[15, 11]:0,B[15, 19]:3e75c28f,C[15, 19]:4000a3d7
A[15, 12]:3f000000,B[15, 19]:3da3d70a,C[15, 19]:40047ae1
A[15, 13]:0,B[15, 19]:3f6b851e,C[15, 19]:40047ae1
A[15, 14]:3f000000,B[15, 19]:3f428f5c,C[15, 19]:4028f5c2
A[15, 15]:0,B[15, 19]:3f199999,C[15, 19]:4028f5c2
A[15, 16]:3f000000,B[15, 19]:3ee147ae,C[15, 19]:403e147a
A[15, 17]:0,B[15, 19]:3e8f5c29,C[15, 19]:403e147a
A[15, 18]:3f000000,B[15, 19]:3df5c28f,C[15, 19]:4043d709
A[15, 19]:0,B[15, 19]:3f75c28f,C[15, 19]:4043d709
A[15, 20]:3f000000,B[15, 19]:3f4ccccc,C[15, 19]:406a3d6f
A[15, 21]:0,B[15, 19]:3f23d70a,C[15, 19]:406a3d6f
A[15, 22]:3f000000,B[15, 19]:3ef5c28f,C[15, 19]:4080a3d6
A[15, 23]:0,B[15, 19]:3ea3d70a,C[15, 19]:4080a3d6
A[15, 24]:3f000000,B[15, 19]:3e23d70a,C[15, 19]:40847ae0
A[15, 25]:0,B[15, 19]:0,C[15, 19]:40847ae0
A[15, 26]:3f000000,B[15, 19]:3f570a3d,C[15, 19]:4098a3d6
A[15, 27]:0,B[15, 19]:3f2e147b,C[15, 19]:4098a3d6
A[15, 28]:3f000000,B[15, 19]:3f051eb8,C[15, 19]:40a51eb7
A[15, 29]:0,B[15, 19]:3eb851eb,C[15, 19]:40a51eb7
A[15, 0]:3f000000,B[15, 20]:0,C[15, 20]:3d75c290
A[15, 1]:0,B[15, 20]:3f6147ae,C[15, 20]:3d75c290
A[15, 2]:3f000000,B[15, 20]:3f428f5c,C[15, 20]:3f2147ae
A[15, 3]:0,B[15, 20]:3f23d70a,C[15, 20]:3f2147ae
A[15, 4]:3f000000,B[15, 20]:3f051eb8,C[15, 20]:3f828f5c
A[15, 5]:0,B[15, 20]:3ecccccc,C[15, 20]:3f828f5c
A[15, 6]:3f000000,B[15, 20]:3e8f5c29,C[15, 20]:3f9d70a4
A[15, 7]:0,B[15, 20]:3e23d70a,C[15, 20]:3f9d70a4
A[15, 8]:3f000000,B[15, 20]:3d23d70a,C[15, 20]:3fa147ae
A[15, 9]:0,B[15, 20]:3f6b851e,C[15, 20]:3fa147ae
A[15, 10]:3f000000,B[15, 20]:3f4ccccc,C[15, 20]:3fee147a
A[15, 11]:0,B[15, 20]:3f2e147b,C[15, 20]:3fee147a
A[15, 12]:3f000000,B[15, 20]:3f0f5c29,C[15, 20]:4011eb85
A[15, 13]:0,B[15, 20]:3ee147ae,C[15, 20]:4011eb85
A[15, 14]:3f000000,B[15, 20]:3ea3d70a,C[15, 20]:402147ae
A[15, 15]:0,B[15, 20]:3e4ccccc,C[15, 20]:402147ae
A[15, 16]:3f000000,B[15, 20]:3da3d70a,C[15, 20]:40251eb8
A[15, 17]:0,B[15, 20]:3f75c28f,C[15, 20]:40251eb8
A[15, 18]:3f000000,B[15, 20]:3f570a3d,C[15, 20]:404d70a4
A[15, 19]:0,B[15, 20]:3f3851eb,C[15, 20]:404d70a4
A[15, 20]:3f000000,B[15, 20]:3f199999,C[15, 20]:406a3d71
A[15, 21]:0,B[15, 20]:3ef5c28f,C[15, 20]:406a3d71
A[15, 22]:3f000000,B[15, 20]:3eb851eb,C[15, 20]:407b851f
A[15, 23]:0,B[15, 20]:3e75c28f,C[15, 20]:407b851f
A[15, 24]:3f000000,B[15, 20]:3df5c28f,C[15, 20]:4080a3d7
A[15, 25]:0,B[15, 20]:0,C[15, 20]:4080a3d7
A[15, 26]:3f000000,B[15, 20]:3f6147ae,C[15, 20]:4095c28f
A[15, 27]:0,B[15, 20]:3f428f5c,C[15, 20]:4095c28f
A[15, 28]:3f000000,B[15, 20]:3f23d70a,C[15, 20]:40a51eb8
A[15, 29]:0,B[15, 20]:3f051eb8,C[15, 20]:40a51eb8
A[15, 0]:3f000000,B[15, 21]:0,C[15, 21]:3f75c290
A[15, 1]:0,B[15, 21]:3f6b851e,C[15, 21]:3f75c290
A[15, 2]:3f000000,B[15, 21]:3f570a3d,C[15, 21]:3fcb851f
A[15, 3]:0,B[15, 21]:3f428f5c,C[15, 21]:3fcb851f
A[15, 4]:3f000000,B[15, 21]:3f2e147b,C[15, 21]:40066666
A[15, 5]:0,B[15, 21]:3f199999,C[15, 21]:40066666
A[15, 6]:3f000000,B[15, 21]:3f051eb8,C[15, 21]:401f5c28
A[15, 7]:0,B[15, 21]:3ee147ae,C[15, 21]:401f5c28
A[15, 8]:3f000000,B[15, 21]:3eb851eb,C[15, 21]:4030a3d6
A[15, 9]:0,B[15, 21]:3e8f5c29,C[15, 21]:4030a3d6
A[15, 10]:3f000000,B[15, 21]:3e4ccccc,C[15, 21]:403a3d70
A[15, 11]:0,B[15, 21]:3df5c28f,C[15, 21]:403a3d70
A[15, 12]:3f000000,B[15, 21]:3d23d70a,C[15, 21]:403c28f5
A[15, 13]:0,B[15, 21]:3f75c28f,C[15, 21]:403c28f5
A[15, 14]:3f000000,B[15, 21]:3f6147ae,C[15, 21]:40666666
A[15, 15]:0,B[15, 21]:3f4ccccc,C[15, 21]:40666666
A[15, 16]:3f000000,B[15, 21]:3f3851eb,C[15, 21]:40847ae1
A[15, 17]:0,B[15, 21]:3f23d70a,C[15, 21]:40847ae1
A[15, 18]:3f000000,B[15, 21]:3f0f5c29,C[15, 21]:4091eb85
A[15, 19]:0,B[15, 21]:3ef5c28f,C[15, 21]:4091eb85
A[15, 20]:3f000000,B[15, 21]:3ecccccc,C[15, 21]:409b851f
A[15, 21]:0,B[15, 21]:3ea3d70a,C[15, 21]:409b851f
A[15, 22]:3f000000,B[15, 21]:3e75c28f,C[15, 21]:40a147ae
A[15, 23]:0,B[15, 21]:3e23d70a,C[15, 21]:40a147ae
A[15, 24]:3f000000,B[15, 21]:3da3d70a,C[15, 21]:40a33333
A[15, 25]:0,B[15, 21]:0,C[15, 21]:40a33333
A[15, 26]:3f000000,B[15, 21]:3f6b851e,C[15, 21]:40b947ae
A[15, 27]:0,B[15, 21]:3f570a3d,C[15, 21]:40b947ae
A[15, 28]:3f000000,B[15, 21]:3f428f5c,C[15, 21]:40cb851f
A[15, 29]:0,B[15, 21]:3f2e147b,C[15, 21]:40cb851f
A[15, 0]:3f000000,B[15, 22]:0,C[15, 22]:3f28f5c3
A[15, 1]:0,B[15, 22]:3f75c28f,C[15, 22]:3f28f5c3
A[15, 2]:3f000000,B[15, 22]:3f6b851e,C[15, 22]:3faccccc
A[15, 3]:0,B[15, 22]:3f6147ae,C[15, 22]:3faccccc
A[15, 4]:3f000000,B[15, 22]:3f570a3d,C[15, 22]:3ffd70a3
A[15, 5]:0,B[15, 22]:3f4ccccc,C[15, 22]:3ffd70a3
A[15, 6]:3f000000,B[15, 22]:3f428f5c,C[15, 22]:40233333
A[15, 7]:0,B[15, 22]:3f3851eb,C[15, 22]:40233333
A[15, 8]:3f000000,B[15, 22]:3f2e147b,C[15, 22]:4043d70a
A[15, 9]:0,B[15, 22]:3f23d70a,C[15, 22]:4043d70a
A[15, 10]:3f000000,B[15, 22]:3f199999,C[15, 22]:4060a3d7
A[15, 11]:0,B[15, 22]:3f0f5c29,C[15, 22]:4060a3d7
A[15, 12]:3f000000,B[15, 22]:3f051eb8,C[15, 22]:4079999a
A[15, 13]:0,B[15, 22]:3ef5c28f,C[15, 22]:4079999a
A[15, 14]:3f000000,B[15, 22]:3ee147ae,C[15, 22]:40875c29
A[15, 15]:0,B[15, 22]:3ecccccc,C[15, 22]:40875c29
A[15, 16]:3f000000,B[15, 22]:3eb851eb,C[15, 22]:40900000
A[15, 17]:0,B[15, 22]:3ea3d70a,C[15, 22]:40900000
A[15, 18]:3f000000,B[15, 22]:3e8f5c29,C[15, 22]:4096b852
A[15, 19]:0,B[15, 22]:3e75c28f,C[15, 22]:4096b852
A[15, 20]:3f000000,B[15, 22]:3e4ccccc,C[15, 22]:409b851f
A[15, 21]:0,B[15, 22]:3e23d70a,C[15, 22]:409b851f
A[15, 22]:3f000000,B[15, 22]:3df5c28f,C[15, 22]:409e6667
A[15, 23]:0,B[15, 22]:3da3d70a,C[15, 22]:409e6667
A[15, 24]:3f000000,B[15, 22]:3d23d70a,C[15, 22]:409f5c2a
A[15, 25]:0,B[15, 22]:0,C[15, 22]:409f5c2a
A[15, 26]:3f000000,B[15, 22]:3f75c28f,C[15, 22]:40b66667
A[15, 27]:0,B[15, 22]:3f6b851e,C[15, 22]:40b66667
A[15, 28]:3f000000,B[15, 22]:3f6147ae,C[15, 22]:40cb851f
A[15, 29]:0,B[15, 22]:3f570a3d,C[15, 22]:40cb851f
A[15, 0]:3f000000,B[15, 23]:0,C[15, 23]:3eb851ec
A[15, 1]:0,B[15, 23]:0,C[15, 23]:3eb851ec
A[15, 2]:3f000000,B[15, 23]:0,C[15, 23]:3eb851ec
A[15, 3]:0,B[15, 23]:0,C[15, 23]:3eb851ec
A[15, 4]:3f000000,B[15, 23]:0,C[15, 23]:3eb851ec
A[15, 5]:0,B[15, 23]:0,C[15, 23]:3eb851ec
A[15, 6]:3f000000,B[15, 23]:0,C[15, 23]:3eb851ec
A[15, 7]:0,B[15, 23]:0,C[15, 23]:3eb851ec
A[15, 8]:3f000000,B[15, 23]:0,C[15, 23]:3eb851ec
A[15, 9]:0,B[15, 23]:0,C[15, 23]:3eb851ec
A[15, 10]:3f000000,B[15, 23]:0,C[15, 23]:3eb851ec
A[15, 11]:0,B[15, 23]:0,C[15, 23]:3eb851ec
A[15, 12]:3f000000,B[15, 23]:0,C[15, 23]:3eb851ec
A[15, 13]:0,B[15, 23]:0,C[15, 23]:3eb851ec
A[15, 14]:3f000000,B[15, 23]:0,C[15, 23]:3eb851ec
A[15, 15]:0,B[15, 23]:0,C[15, 23]:3eb851ec
A[15, 16]:3f000000,B[15, 23]:0,C[15, 23]:3eb851ec
A[15, 17]:0,B[15, 23]:0,C[15, 23]:3eb851ec
A[15, 18]:3f000000,B[15, 23]:0,C[15, 23]:3eb851ec
A[15, 19]:0,B[15, 23]:0,C[15, 23]:3eb851ec
A[15, 20]:3f000000,B[15, 23]:0,C[15, 23]:3eb851ec
A[15, 21]:0,B[15, 23]:0,C[15, 23]:3eb851ec
A[15, 22]:3f000000,B[15, 23]:0,C[15, 23]:3eb851ec
A[15, 23]:0,B[15, 23]:0,C[15, 23]:3eb851ec
A[15, 24]:3f000000,B[15, 23]:0,C[15, 23]:3eb851ec
A[15, 25]:0,B[15, 23]:0,C[15, 23]:3eb851ec
A[15, 26]:3f000000,B[15, 23]:0,C[15, 23]:3eb851ec
A[15, 27]:0,B[15, 23]:0,C[15, 23]:3eb851ec
A[15, 28]:3f000000,B[15, 23]:0,C[15, 23]:3eb851ec
A[15, 29]:0,B[15, 23]:0,C[15, 23]:3eb851ec
A[15, 0]:3f000000,B[15, 24]:0,C[15, 24]:3d75c290
A[15, 1]:0,B[15, 24]:3d23d70a,C[15, 24]:3d75c290
A[15, 2]:3f000000,B[15, 24]:3da3d70a,C[15, 24]:3df5c290
A[15, 3]:0,B[15, 24]:3df5c28f,C[15, 24]:3df5c290
A[15, 4]:3f000000,B[15, 24]:3e23d70a,C[15, 24]:3e75c290
A[15, 5]:0,B[15, 24]:3e4ccccc,C[15, 24]:3e75c290
A[15, 6]:3f000000,B[15, 24]:3e75c28f,C[15, 24]:3ed70a3e
A[15, 7]:0,B[15, 24]:3e8f5c29,C[15, 24]:3ed70a3e
A[15, 8]:3f000000,B[15, 24]:3ea3d70a,C[15, 24]:3f28f5c3
A[15, 9]:0,B[15, 24]:3eb851eb,C[15, 24]:3f28f5c3
A[15, 10]:3f000000,B[15, 24]:3ecccccc,C[15, 24]:3f75c290
A[15, 11]:0,B[15, 24]:3ee147ae,C[15, 24]:3f75c290
A[15, 12]:3f000000,B[15, 24]:3ef5c28f,C[15, 24]:3fa8f5c3
A[15, 13]:0,B[15, 24]:3f051eb8,C[15, 24]:3fa8f5c3
A[15, 14]:3f000000,B[15, 24]:3f0f5c29,C[15, 24]:3fdeb852
A[15, 15]:0,B[15, 24]:3f199999,C[15, 24]:3fdeb852
A[15, 16]:3f000000,B[15, 24]:3f23d70a,C[15, 24]:400e147b
A[15, 17]:0,B[15, 24]:3f2e147b,C[15, 24]:400e147b
A[15, 18]:3f000000,B[15, 24]:3f3851eb,C[15, 24]:4030a3d7
A[15, 19]:0,B[15, 24]:3f428f5c,C[15, 24]:4030a3d7
A[15, 20]:3f000000,B[15, 24]:3f4ccccc,C[15, 24]:40570a3d
A[15, 21]:0,B[15, 24]:3f570a3d,C[15, 24]:40570a3d
A[15, 22]:3f000000,B[15, 24]:3f6147ae,C[15, 24]:4080a3d7
A[15, 23]:0,B[15, 24]:3f6b851e,C[15, 24]:4080a3d7
A[15, 24]:3f000000,B[15, 24]:3f75c28f,C[15, 24]:4097ae14
A[15, 25]:0,B[15, 24]:0,C[15, 24]:4097ae14
A[15, 26]:3f000000,B[15, 24]:3d23d70a,C[15, 24]:4098a3d7
A[15, 27]:0,B[15, 24]:3da3d70a,C[15, 24]:4098a3d7
A[15, 28]:3f000000,B[15, 24]:3df5c28f,C[15, 24]:409b851f
A[15, 29]:0,B[15, 24]:3e23d70a,C[15, 24]:409b851f

done computing: 15, print C
C[15, 0]:40a51eb8,C[15, 1]:40cb851f,C[15, 2]:40cb851e,C[15, 3]:409b851e,C[15, 4]:40cb851e,C[15, 5]:40c1eb85,C[15, 6]:40c1eb85,C[15, 7]:40a9eb85,C[15, 8]:4091eb85,C[15, 9]:40d051ea,C[15, 10]:410028f6,C[15, 11]:4060a3d6,C[15, 12]:40a051ec,C[15, 13]:40aeb851,C[15, 14]:40c6b852,C[15, 15]:40aeb851,C[15, 16]:40aeb852,C[15, 17]:40a51eb8,C[15, 18]:40a51eb8,C[15, 19]:40a51eb7,C[15, 20]:40a51eb8,C[15, 21]:40cb851f,C[15, 22]:40cb851f,C[15, 23]:3eb851ec,C[15, 24]:409b851f,

//========================

Init I: 16
C[16, 0]:3d4ccccd->3d75c290,C[16, 1]:3f59999a->3f828f5d,C[16, 2]:3f266667->3f47ae16,C[16, 3]:3ee66667->3f0a3d71,C[16, 4]:3e800000->3e99999a,C[16, 5]:3d4ccccd->3d75c290,C[16, 6]:3f59999a->3f828f5d,C[16, 7]:3f266667->3f47ae16,C[16, 8]:3ee66667->3f0a3d71,C[16, 9]:3e800000->3e99999a,C[16, 10]:3d4ccccd->3d75c290,C[16, 11]:3f59999a->3f828f5d,C[16, 12]:3f266667->3f47ae16,C[16, 13]:3ee66667->3f0a3d71,C[16, 14]:3e800000->3e99999a,C[16, 15]:3d4ccccd->3d75c290,C[16, 16]:3f59999a->3f828f5d,C[16, 17]:3f266667->3f47ae16,C[16, 18]:3ee66667->3f0a3d71,C[16, 19]:3e800000->3e99999a,C[16, 20]:3d4ccccd->3d75c290,C[16, 21]:3f59999a->3f828f5d,C[16, 22]:3f266667->3f47ae16,C[16, 23]:3ee66667->3f0a3d71,C[16, 24]:3e800000->3e99999a,
Start computing: 16
A[16, 0]:3f088889,B[16, 0]:0,C[16, 0]:3d75c290
A[16, 1]:3d888889,B[16, 0]:3da3d70a,C[16, 0]:3d8b4396
A[16, 2]:3f19999a,B[16, 0]:3e23d70a,C[16, 0]:3e591688
A[16, 3]:3e088889,B[16, 0]:3e75c28f,C[16, 0]:3e851eb9
A[16, 4]:3f2aaaab,B[16, 0]:3ea3d70a,C[16, 0]:3f147ae2
A[16, 5]:3e4cccce,B[16, 0]:3ecccccc,C[16, 0]:3f333334
A[16, 6]:3f3bbbbc,B[16, 0]:3ef5c28f,C[16, 0]:3f9d2f1b
A[16, 7]:3e888889,B[16, 0]:3f0f5c29,C[16, 0]:3fb9db23
A[16, 8]:3f4cccce,B[16, 0]:3f23d70a,C[16, 0]:400e147b
A[16, 9]:3eaaaaab,B[16, 0]:3f3851eb,C[16, 0]:40251eb8
A[16, 10]:3f5ddddf,B[16, 0]:3f4ccccc,C[16, 0]:4067ae14
A[16, 11]:3eccccce,B[16, 0]:3f6147ae,C[16, 0]:4084bc6a
A[16, 12]:3f6eeef0,B[16, 0]:3f75c28f,C[16, 0]:40afbe76
A[16, 13]:3eeeeef0,B[16, 0]:3d23d70a,C[16, 0]:40b0a3d6
A[16, 14]:0,B[16, 0]:3df5c28f,C[16, 0]:40b0a3d6
A[16, 15]:3f088889,B[16, 0]:3e4ccccc,C[16, 0]:40b5c28e
A[16, 16]:3d888889,B[16, 0]:3e8f5c29,C[16, 0]:40b6a7ee
A[16, 17]:3f19999a,B[16, 0]:3eb851eb,C[16, 0]:40c10623
A[16, 18]:3e088889,B[16, 0]:3ee147ae,C[16, 0]:40c3d708
A[16, 19]:3f2aaaab,B[16, 0]:3f051eb8,C[16, 0]:40d47adf
A[16, 20]:3e4cccce,B[16, 0]:3f199999,C[16, 0]:40da3d6e
A[16, 21]:3f3bbbbc,B[16, 0]:3f2e147b,C[16, 0]:40f22d0c
A[16, 22]:3e888889,B[16, 0]:3f428f5c,C[16, 0]:40fbe76a
A[16, 23]:3f4cccce,B[16, 0]:3f570a3d,C[16, 0]:410e147a
A[16, 24]:3eaaaaab,B[16, 0]:3f6b851e,C[16, 0]:411570a3
A[16, 25]:3f5ddddf,B[16, 0]:0,C[16, 0]:411570a3
A[16, 26]:3eccccce,B[16, 0]:3da3d70a,C[16, 0]:4116353f
A[16, 27]:3f6eeef0,B[16, 0]:3e23d70a,C[16, 0]:4119cac0
A[16, 28]:3eeeeef0,B[16, 0]:3e75c28f,C[16, 0]:411c7ae1
A[16, 29]:0,B[16, 0]:3ea3d70a,C[16, 0]:411c7ae1
A[16, 0]:3f088889,B[16, 1]:0,C[16, 1]:3f828f5d
A[16, 1]:3d888889,B[16, 1]:3df5c28f,C[16, 1]:3f841894
A[16, 2]:3f19999a,B[16, 1]:3e75c28f,C[16, 1]:3f9fbe77
A[16, 3]:3e088889,B[16, 1]:3eb851eb,C[16, 1]:3fa8f5c3
A[16, 4]:3f2aaaab,B[16, 1]:3ef5c28f,C[16, 1]:3fe66667
A[16, 5]:3e4cccce,B[16, 1]:3f199999,C[16, 1]:3ffd70a4
A[16, 6]:3f3bbbbc,B[16, 1]:3f3851eb,C[16, 1]:40316873
A[16, 7]:3e888889,B[16, 1]:3f570a3d,C[16, 1]:4046e979
A[16, 8]:3f4cccce,B[16, 1]:3f75c28f,C[16, 1]:408851ec
A[16, 9]:3eaaaaab,B[16, 1]:3da3d70a,C[16, 1]:4089999a
A[16, 10]:3f5ddddf,B[16, 1]:3e4ccccc,C[16, 1]:4091eb86
A[16, 11]:3eccccce,B[16, 1]:3ea3d70a,C[16, 1]:40981063
A[16, 12]:3f6eeef0,B[16, 1]:3ee147ae,C[16, 1]:40abc6a9
A[16, 13]:3eeeeef0,B[16, 1]:3f0f5c29,C[16, 1]:40b851ed
A[16, 14]:0,B[16, 1]:3f2e147b,C[16, 1]:40b851ed
A[16, 15]:3f088889,B[16, 1]:3f4ccccc,C[16, 1]:40ccccce
A[16, 16]:3d888889,B[16, 1]:3f6b851e,C[16, 1]:40cfbe78
A[16, 17]:3f19999a,B[16, 1]:3d23d70a,C[16, 1]:40d0e561
A[16, 18]:3e088889,B[16, 1]:3e23d70a,C[16, 1]:40d1eb86
A[16, 19]:3f2aaaab,B[16, 1]:3e8f5c29,C[16, 1]:40dae149
A[16, 20]:3e4cccce,B[16, 1]:3ecccccc,C[16, 1]:40deb853
A[16, 21]:3f3bbbbc,B[16, 1]:3f051eb8,C[16, 1]:40f10626
A[16, 22]:3e888889,B[16, 1]:3f23d70a,C[16, 1]:40f9374d
A[16, 23]:3f4cccce,B[16, 1]:3f428f5c,C[16, 1]:410b3334
A[16, 24]:3eaaaaab,B[16, 1]:3f6147ae,C[16, 1]:41123d71
A[16, 25]:3f5ddddf,B[16, 1]:0,C[16, 1]:41123d71
A[16, 26]:3eccccce,B[16, 1]:3df5c28f,C[16, 1]:4113645a
A[16, 27]:3f6eeef0,B[16, 1]:3e75c28f,C[16, 1]:4118c49c
A[16, 28]:3eeeeef0,B[16, 1]:3eb851eb,C[16, 1]:411ccccd
A[16, 29]:0,B[16, 1]:3ef5c28f,C[16, 1]:411ccccd
A[16, 0]:3f088889,B[16, 2]:0,C[16, 2]:3f47ae16
A[16, 1]:3d888889,B[16, 2]:3e23d70a,C[16, 2]:3f4bc6a9
A[16, 2]:3f19999a,B[16, 2]:3ea3d70a,C[16, 2]:3f8ac084
A[16, 3]:3e088889,B[16, 2]:3ef5c28f,C[16, 2]:3f970a3e
A[16, 4]:3f2aaaab,B[16, 2]:3f23d70a,C[16, 2]:3fe8f5c3
A[16, 5]:3e4cccce,B[16, 2]:3f4ccccc,C[16, 2]:4003d70a
A[16, 6]:3f3bbbbc,B[16, 2]:3f75c28f,C[16, 2]:40476c8b
A[16, 7]:3e888889,B[16, 2]:3df5c28f,C[16, 2]:404a7efa
A[16, 8]:3f4cccce,B[16, 2]:3e8f5c29,C[16, 2]:40600000
A[16, 9]:3eaaaaab,B[16, 2]:3ee147ae,C[16, 2]:406e147b
A[16, 10]:3f5ddddf,B[16, 2]:3f199999,C[16, 2]:40900000
A[16, 11]:3eccccce,B[16, 2]:3f428f5c,C[16, 2]:409e978d
A[16, 12]:3f6eeef0,B[16, 2]:3f6b851e,C[16, 2]:40c7ced9
A[16, 13]:3eeeeef0,B[16, 2]:3da3d70a,C[16, 2]:40c9999a
A[16, 14]:0,B[16, 2]:3e75c28f,C[16, 2]:40c9999a
A[16, 15]:3f088889,B[16, 2]:3ecccccc,C[16, 2]:40d3d70b
A[16, 16]:3d888889,B[16, 2]:3f0f5c29,C[16, 2]:40d5a1cc
A[16, 17]:3f19999a,B[16, 2]:3f3851eb,C[16, 2]:40ea5e36
A[16, 18]:3e088889,B[16, 2]:3f6147ae,C[16, 2]:40f00001
A[16, 19]:3f2aaaab,B[16, 2]:3d23d70a,C[16, 2]:40f147af
A[16, 20]:3e4cccce,B[16, 2]:3e4ccccc,C[16, 2]:40f33334
A[16, 21]:3f3bbbbc,B[16, 2]:3eb851eb,C[16, 2]:40ffdf3c
A[16, 22]:3e888889,B[16, 2]:3f051eb8,C[16, 2]:41034396
A[16, 23]:3f4cccce,B[16, 2]:3f2e147b,C[16, 2]:411051ec
A[16, 24]:3eaaaaab,B[16, 2]:3f570a3d,C[16, 2]:41170a3e
A[16, 25]:3f5ddddf,B[16, 2]:0,C[16, 2]:41170a3e
A[16, 26]:3eccccce,B[16, 2]:3e23d70a,C[16, 2]:41189375
A[16, 27]:3f6eeef0,B[16, 2]:3ea3d70a,C[16, 2]:411fbe77
A[16, 28]:3eeeeef0,B[16, 2]:3ef5c28f,C[16, 2]:41251eb9
A[16, 29]:0,B[16, 2]:3f23d70a,C[16, 2]:41251eb9
A[16, 0]:3f088889,B[16, 3]:0,C[16, 3]:3f0a3d71
A[16, 1]:3d888889,B[16, 3]:3e4ccccc,C[16, 3]:3f0f5c29
A[16, 2]:3f19999a,B[16, 3]:3ecccccc,C[16, 3]:3f6b851e
A[16, 3]:3e088889,B[16, 3]:3f199999,C[16, 3]:3f851eb8
A[16, 4]:3f2aaaab,B[16, 3]:3f4ccccc,C[16, 3]:3feb851e
A[16, 5]:3e4cccce,B[16, 3]:0,C[16, 3]:3feb851e
A[16, 6]:3f3bbbbc,B[16, 3]:3e4ccccc,C[16, 3]:4003d70a
A[16, 7]:3e888889,B[16, 3]:3ecccccc,C[16, 3]:400e147b
A[16, 8]:3f4cccce,B[16, 3]:3f199999,C[16, 3]:403c28f6
A[16, 9]:3eaaaaab,B[16, 3]:3f4ccccc,C[16, 3]:4055c290
A[16, 10]:3f5ddddf,B[16, 3]:0,C[16, 3]:4055c290
A[16, 11]:3eccccce,B[16, 3]:3e4ccccc,C[16, 3]:405d70a4
A[16, 12]:3f6eeef0,B[16, 3]:3ecccccc,C[16, 3]:4080a3d7
A[16, 13]:3eeeeef0,B[16, 3]:3f199999,C[16, 3]:408e147b
A[16, 14]:0,B[16, 3]:3f4ccccc,C[16, 3]:408e147b
A[16, 15]:3f088889,B[16, 3]:0,C[16, 3]:408e147b
A[16, 16]:3d888889,B[16, 3]:3e4ccccc,C[16, 3]:408eb852
A[16, 17]:3f19999a,B[16, 3]:3ecccccc,C[16, 3]:409a3d71
A[16, 18]:3e088889,B[16, 3]:3f199999,C[16, 3]:409e147b
A[16, 19]:3f2aaaab,B[16, 3]:3f4ccccc,C[16, 3]:40b7ae14
A[16, 20]:3e4cccce,B[16, 3]:0,C[16, 3]:40b7ae14
A[16, 21]:3f3bbbbc,B[16, 3]:3e4ccccc,C[16, 3]:40beb851
A[16, 22]:3e888889,B[16, 3]:3ecccccc,C[16, 3]:40c3d709
A[16, 23]:3f4cccce,B[16, 3]:3f199999,C[16, 3]:40dae146
A[16, 24]:3eaaaaab,B[16, 3]:3f4ccccc,C[16, 3]:40e7ae13
A[16, 25]:3f5ddddf,B[16, 3]:0,C[16, 3]:40e7ae13
A[16, 26]:3eccccce,B[16, 3]:3e4ccccc,C[16, 3]:40eb851d
A[16, 27]:3f6eeef0,B[16, 3]:3ecccccc,C[16, 3]:40fd70a2
A[16, 28]:3eeeeef0,B[16, 3]:3f199999,C[16, 3]:410570a3
A[16, 29]:0,B[16, 3]:3f4ccccc,C[16, 3]:410570a3
A[16, 0]:3f088889,B[16, 4]:0,C[16, 4]:3e99999a
A[16, 1]:3d888889,B[16, 4]:3e75c28f,C[16, 4]:3ea5e354
A[16, 2]:3f19999a,B[16, 4]:3ef5c28f,C[16, 4]:3f418938
A[16, 3]:3e088889,B[16, 4]:3f3851eb,C[16, 4]:3f666667
A[16, 4]:3f2aaaab,B[16, 4]:3f75c28f,C[16, 4]:3fee147b
A[16, 5]:3e4cccce,B[16, 4]:3e4ccccc,C[16, 4]:3ff5c28f
A[16, 6]:3f3bbbbc,B[16, 4]:3ee147ae,C[16, 4]:4019db23
A[16, 7]:3e888889,B[16, 4]:3f2e147b,C[16, 4]:402b4396
A[16, 8]:3f4cccce,B[16, 4]:3f6b851e,C[16, 4]:4071eb86
A[16, 9]:3eaaaaab,B[16, 4]:3e23d70a,C[16, 4]:40770a3e
A[16, 10]:3f5ddddf,B[16, 4]:3ecccccc,C[16, 4]:408c28f6
A[16, 11]:3eccccce,B[16, 4]:3f23d70a,C[16, 4]:409872b0
A[16, 12]:3f6eeef0,B[16, 4]:3f6147ae,C[16, 4]:40bfdf3c
A[16, 13]:3eeeeef0,B[16, 4]:3df5c28f,C[16, 4]:40c28f5d
A[16, 14]:0,B[16, 4]:3eb851eb,C[16, 4]:40c28f5d
A[16, 15]:3f088889,B[16, 4]:3f199999,C[16, 4]:40d1eb86
A[16, 16]:3d888889,B[16, 4]:3f570a3d,C[16, 4]:40d49ba7
A[16, 17]:3f19999a,B[16, 4]:3da3d70a,C[16, 4]:40d6e97a
A[16, 18]:3e088889,B[16, 4]:3ea3d70a,C[16, 4]:40d8f5c4
A[16, 19]:3f2aaaab,B[16, 4]:3f0f5c29,C[16, 4]:40eae149
A[16, 20]:3e4cccce,B[16, 4]:3f4ccccc,C[16, 4]:40f28f5d
A[16, 21]:3f3bbbbc,B[16, 4]:3d23d70a,C[16, 4]:40f3f7d0
A[16, 22]:3e888889,B[16, 4]:3e8f5c29,C[16, 4]:40f78d51
A[16, 23]:3f4cccce,B[16, 4]:3f051eb8,C[16, 4]:4105c290
A[16, 24]:3eaaaaab,B[16, 4]:3f428f5c,C[16, 4]:410bd70b
A[16, 25]:3f5ddddf,B[16, 4]:0,C[16, 4]:410bd70b
A[16, 26]:3eccccce,B[16, 4]:3e75c28f,C[16, 4]:410e24de
A[16, 27]:3f6eeef0,B[16, 4]:3ef5c28f,C[16, 4]:4118e561
A[16, 28]:3eeeeef0,B[16, 4]:3f3851eb,C[16, 4]:4120f5c3
A[16, 29]:0,B[16, 4]:3f75c28f,C[16, 4]:4120f5c3
A[16, 0]:3f088889,B[16, 5]:0,C[16, 5]:3d75c290
A[16, 1]:3d888889,B[16, 5]:3e8f5c29,C[16, 5]:3db43959
A[16, 2]:3f19999a,B[16, 5]:3f0f5c29,C[16, 5]:3f178d50
A[16, 3]:3e088889,B[16, 5]:3f570a3d,C[16, 5]:3f428f5c
A[16, 4]:3f2aaaab,B[16, 5]:3df5c28f,C[16, 5]:3f6147ae
A[16, 5]:3e4cccce,B[16, 5]:3ecccccc,C[16, 5]:3f800000
A[16, 6]:3f3bbbbc,B[16, 5]:3f2e147b,C[16, 5]:3fdfbe77
A[16, 7]:3e888889,B[16, 5]:3f75c28f,C[16, 5]:400872b0
A[16, 8]:3f4cccce,B[16, 5]:3e75c28f,C[16, 5]:401ae148
A[16, 9]:3eaaaaab,B[16, 5]:3f051eb8,C[16, 5]:402b851f
A[16, 10]:3f5ddddf,B[16, 5]:3f4ccccc,C[16, 5]:406e147b
A[16, 11]:3eccccce,B[16, 5]:3da3d70a,C[16, 5]:407126ea
A[16, 12]:3f6eeef0,B[16, 5]:3eb851eb,C[16, 5]:4088b43a
A[16, 13]:3eeeeef0,B[16, 5]:3f23d70a,C[16, 5]:40970a3e
A[16, 14]:0,B[16, 5]:3f6b851e,C[16, 5]:40970a3e
A[16, 15]:3f088889,B[16, 5]:3e4ccccc,C[16, 5]:409c28f6
A[16, 16]:3d888889,B[16, 5]:3ef5c28f,C[16, 5]:409db22d
A[16, 17]:3f19999a,B[16, 5]:3f428f5c,C[16, 5]:40b39581
A[16, 18]:3e088889,B[16, 5]:3d23d70a,C[16, 5]:40b3d70a
A[16, 19]:3f2aaaab,B[16, 5]:3ea3d70a,C[16, 5]:40be147b
A[16, 20]:3e4cccce,B[16, 5]:3f199999,C[16, 5]:40c3d70a
A[16, 21]:3f3bbbbc,B[16, 5]:3f6147ae,C[16, 5]:40e2d0e5
A[16, 22]:3e888889,B[16, 5]:3e23d70a,C[16, 5]:40e4dd2f
A[16, 23]:3f4cccce,B[16, 5]:3ee147ae,C[16, 5]:40f5c28f
A[16, 24]:3eaaaaab,B[16, 5]:3f3851eb,C[16, 5]:4100a3d7
A[16, 25]:3f5ddddf,B[16, 5]:0,C[16, 5]:4100a3d7
A[16, 26]:3eccccce,B[16, 5]:3e8f5c29,C[16, 5]:410353f8
A[16, 27]:3f6eeef0,B[16, 5]:3f0f5c29,C[16, 5]:410fdf3c
A[16, 28]:3eeeeef0,B[16, 5]:3f570a3d,C[16, 5]:411947af
A[16, 29]:0,B[16, 5]:3df5c28f,C[16, 5]:411947af
A[16, 0]:3f088889,B[16, 6]:0,C[16, 6]:3f828f5d
A[16, 1]:3d888889,B[16, 6]:3ea3d70a,C[16, 6]:3f86a7f0
A[16, 2]:3f19999a,B[16, 6]:3f23d70a,C[16, 6]:3fd0624e
A[16, 3]:3e088889,B[16, 6]:3f75c28f,C[16, 6]:3fe8f5c3
A[16, 4]:3f2aaaab,B[16, 6]:3e8f5c29,C[16, 6]:40066667
A[16, 5]:3e4cccce,B[16, 6]:3f199999,C[16, 6]:4011eb86
A[16, 6]:3f3bbbbc,B[16, 6]:3f6b851e,C[16, 6]:4052b022
A[16, 7]:3e888889,B[16, 6]:3e75c28f,C[16, 6]:4058d4ff
A[16, 8]:3f4cccce,B[16, 6]:3f0f5c29,C[16, 6]:4081eb86
A[16, 9]:3eaaaaab,B[16, 6]:3f6147ae,C[16, 6]:40900001
A[16, 10]:3f5ddddf,B[16, 6]:3e4ccccc,C[16, 6]:409851ec
A[16, 11]:3eccccce,B[16, 6]:3f051eb8,C[16, 6]:40a24dd3
A[16, 12]:3f6eeef0,B[16, 6]:3f570a3d,C[16, 6]:40c7ef9e
A[16, 13]:3eeeeef0,B[16, 6]:3e23d70a,C[16, 6]:40cb851f
A[16, 14]:0,B[16, 6]:3ef5c28f,C[16, 6]:40cb851f
A[16, 15]:3f088889,B[16, 6]:3f4ccccc,C[16, 6]:40e00000
A[16, 16]:3d888889,B[16, 6]:3df5c28f,C[16, 6]:40e0624e
A[16, 17]:3f19999a,B[16, 6]:3ee147ae,C[16, 6]:40ed0e56
A[16, 18]:3e088889,B[16, 6]:3f428f5c,C[16, 6]:40f1eb85
A[16, 19]:3f2aaaab,B[16, 6]:3da3d70a,C[16, 6]:40f47ae1
A[16, 20]:3e4cccce,B[16, 6]:3ecccccc,C[16, 6]:40f851eb
A[16, 21]:3f3bbbbc,B[16, 6]:3f3851eb,C[16, 6]:4108d4fe
A[16, 22]:3e888889,B[16, 6]:3d23d70a,C[16, 6]:41091687
A[16, 23]:3f4cccce,B[16, 6]:3eb851eb,C[16, 6]:41100000
A[16, 24]:3eaaaaab,B[16, 6]:3f2e147b,C[16, 6]:411570a4
A[16, 25]:3f5ddddf,B[16, 6]:0,C[16, 6]:411570a4
A[16, 26]:3eccccce,B[16, 6]:3ea3d70a,C[16, 6]:41188313
A[16, 27]:3f6eeef0,B[16, 6]:3f23d70a,C[16, 6]:4126d917
A[16, 28]:3eeeeef0,B[16, 6]:3f75c28f,C[16, 6]:4131999a
A[16, 29]:0,B[16, 6]:3e8f5c29,C[16, 6]:4131999a
A[16, 0]:3f088889,B[16, 7]:0,C[16, 7]:3f47ae16
A[16, 1]:3d888889,B[16, 7]:3eb851eb,C[16, 7]:3f50e562
A[16, 2]:3f19999a,B[16, 7]:3f3851eb,C[16, 7]:3fbb645b
A[16, 3]:3e088889,B[16, 7]:3da3d70a,C[16, 7]:3fbd70a5
A[16, 4]:3f2aaaab,B[16, 7]:3ee147ae,C[16, 7]:3ff5c290
A[16, 5]:3e4cccce,B[16, 7]:3f4ccccc,C[16, 7]:400a3d71
A[16, 6]:3f3bbbbc,B[16, 7]:3e23d70a,C[16, 7]:40158106
A[16, 7]:3e888889,B[16, 7]:3f051eb8,C[16, 7]:4022d0e5
A[16, 8]:3f4cccce,B[16, 7]:3f6147ae,C[16, 7]:40666666
A[16, 9]:3eaaaaab,B[16, 7]:3e75c28f,C[16, 7]:406e147a
A[16, 10]:3f5ddddf,B[16, 7]:3f199999,C[16, 7]:40900000
A[16, 11]:3eccccce,B[16, 7]:3f75c28f,C[16, 7]:40a26e98
A[16, 12]:3f6eeef0,B[16, 7]:3ea3d70a,C[16, 7]:40b0c49c
A[16, 13]:3eeeeef0,B[16, 7]:3f2e147b,C[16, 7]:40c00000
A[16, 14]:0,B[16, 7]:3d23d70a,C[16, 7]:40c00000
A[16, 15]:3f088889,B[16, 7]:3ecccccc,C[16, 7]:40ca3d71
A[16, 16]:3d888889,B[16, 7]:3f428f5c,C[16, 7]:40ccac09
A[16, 17]:3f19999a,B[16, 7]:3df5c28f,C[16, 7]:40d020c5
A[16, 18]:3e088889,B[16, 7]:3ef5c28f,C[16, 7]:40d33334
A[16, 19]:3f2aaaab,B[16, 7]:3f570a3d,C[16, 7]:40ee147c
A[16, 20]:3e4cccce,B[16, 7]:3e4ccccc,C[16, 7]:40f00001
A[16, 21]:3f3bbbbc,B[16, 7]:3f0f5c29,C[16, 7]:4101db23
A[16, 22]:3e888889,B[16, 7]:3f6b851e,C[16, 7]:4107be77
A[16, 23]:3f4cccce,B[16, 7]:3e8f5c29,C[16, 7]:410d1eb9
A[16, 24]:3eaaaaab,B[16, 7]:3f23d70a,C[16, 7]:41123d71
A[16, 25]:3f5ddddf,B[16, 7]:0,C[16, 7]:41123d71
A[16, 26]:3eccccce,B[16, 7]:3eb851eb,C[16, 7]:4115b22d
A[16, 27]:3f6eeef0,B[16, 7]:3f3851eb,C[16, 7]:4125d2f2
A[16, 28]:3eeeeef0,B[16, 7]:3da3d70a,C[16, 7]:4126b852
A[16, 29]:0,B[16, 7]:3ee147ae,C[16, 7]:4126b852
A[16, 0]:3f088889,B[16, 8]:0,C[16, 8]:3f0a3d71
A[16, 1]:3d888889,B[16, 8]:3ecccccc,C[16, 8]:3f147ae2
A[16, 2]:3f19999a,B[16, 8]:3f4ccccc,C[16, 8]:3fa66666
A[16, 3]:3e088889,B[16, 8]:3e4ccccc,C[16, 8]:3fab851e
A[16, 4]:3f2aaaab,B[16, 8]:3f199999,C[16, 8]:3ff851ea
A[16, 5]:3e4cccce,B[16, 8]:0,C[16, 8]:3ff851ea
A[16, 6]:3f3bbbbc,B[16, 8]:3ecccccc,C[16, 8]:401851eb
A[16, 7]:3e888889,B[16, 8]:3f4ccccc,C[16, 8]:402ccccc
A[16, 8]:3f4cccce,B[16, 8]:3e4ccccc,C[16, 8]:403c28f5
A[16, 9]:3eaaaaab,B[16, 8]:3f199999,C[16, 8]:404f5c28
A[16, 10]:3f5ddddf,B[16, 8]:0,C[16, 8]:404f5c28
A[16, 11]:3eccccce,B[16, 8]:3ecccccc,C[16, 8]:405eb851
A[16, 12]:3f6eeef0,B[16, 8]:3f4ccccc,C[16, 8]:40933333
A[16, 13]:3eeeeef0,B[16, 8]:3e4ccccc,C[16, 8]:4097ae14
A[16, 14]:0,B[16, 8]:3f199999,C[16, 8]:4097ae14
A[16, 15]:3f088889,B[16, 8]:0,C[16, 8]:4097ae14
A[16, 16]:3d888889,B[16, 8]:3ecccccc,C[16, 8]:4098f5c2
A[16, 17]:3f19999a,B[16, 8]:3f4ccccc,C[16, 8]:40afffff
A[16, 18]:3e088889,B[16, 8]:3e4ccccc,C[16, 8]:40b147ad
A[16, 19]:3f2aaaab,B[16, 8]:3f199999,C[16, 8]:40c47ae0
A[16, 20]:3e4cccce,B[16, 8]:0,C[16, 8]:40c47ae0
A[16, 21]:3f3bbbbc,B[16, 8]:3ecccccc,C[16, 8]:40d28f5b
A[16, 22]:3e888889,B[16, 8]:3f4ccccc,C[16, 8]:40dccccc
A[16, 23]:3f4cccce,B[16, 8]:3e4ccccc,C[16, 8]:40e47ae0
A[16, 24]:3eaaaaab,B[16, 8]:3f199999,C[16, 8]:40ee147a
A[16, 25]:3f5ddddf,B[16, 8]:0,C[16, 8]:40ee147a
A[16, 26]:3eccccce,B[16, 8]:3ecccccc,C[16, 8]:40f5c28e
A[16, 27]:3f6eeef0,B[16, 8]:3f4ccccc,C[16, 8]:410ccccc
A[16, 28]:3eeeeef0,B[16, 8]:3e4ccccc,C[16, 8]:410f0a3d
A[16, 29]:0,B[16, 8]:3f199999,C[16, 8]:410f0a3d
A[16, 0]:3f088889,B[16, 9]:0,C[16, 9]:3e99999a
A[16, 1]:3d888889,B[16, 9]:3ee147ae,C[16, 9]:3eb020c5
A[16, 2]:3f19999a,B[16, 9]:3f6147ae,C[16, 9]:3f916873
A[16, 3]:3e088889,B[16, 9]:3ea3d70a,C[16, 9]:3f99999a
A[16, 4]:3f2aaaab,B[16, 9]:3f428f5c,C[16, 9]:3ffae148
A[16, 5]:3e4cccce,B[16, 9]:3e4ccccc,C[16, 9]:400147ae
A[16, 6]:3f3bbbbc,B[16, 9]:3f23d70a,C[16, 9]:402e5604
A[16, 7]:3e888889,B[16, 9]:3da3d70a,C[16, 9]:4030624e
A[16, 8]:3f4cccce,B[16, 9]:3f051eb8,C[16, 9]:405851ec
A[16, 9]:3eaaaaab,B[16, 9]:3f75c28f,C[16, 9]:40770a3e
A[16, 10]:3f5ddddf,B[16, 9]:3ecccccc,C[16, 9]:408c28f6
A[16, 11]:3eccccce,B[16, 9]:3f570a3d,C[16, 9]:409c49bb
A[16, 12]:3f6eeef0,B[16, 9]:3e8f5c29,C[16, 9]:40a8d4ff
A[16, 13]:3eeeeef0,B[16, 9]:3f3851eb,C[16, 9]:40b8f5c4
A[16, 14]:0,B[16, 9]:3e23d70a,C[16, 9]:40b8f5c4
A[16, 15]:3f088889,B[16, 9]:3f199999,C[16, 9]:40c851ed
A[16, 16]:3d888889,B[16, 9]:3d23d70a,C[16, 9]:40c872b2
A[16, 17]:3f19999a,B[16, 9]:3ef5c28f,C[16, 9]:40d645a4
A[16, 18]:3e088889,B[16, 9]:3f6b851e,C[16, 9]:40dc28f8
A[16, 19]:3f2aaaab,B[16, 9]:3eb851eb,C[16, 9]:40e7ae17
A[16, 20]:3e4cccce,B[16, 9]:3f4ccccc,C[16, 9]:40ef5c2b
A[16, 21]:3f3bbbbc,B[16, 9]:3e75c28f,C[16, 9]:40f7cedb
A[16, 22]:3e888889,B[16, 9]:3f2e147b,C[16, 9]:4100418a
A[16, 23]:3f4cccce,B[16, 9]:3df5c28f,C[16, 9]:41028f5d
A[16, 24]:3eaaaaab,B[16, 9]:3f0f5c29,C[16, 9]:41070a3e
A[16, 25]:3f5ddddf,B[16, 9]:0,C[16, 9]:41070a3e
A[16, 26]:3eccccce,B[16, 9]:3ee147ae,C[16, 9]:410b4396
A[16, 27]:3f6eeef0,B[16, 9]:3f6147ae,C[16, 9]:411ef9dc
A[16, 28]:3eeeeef0,B[16, 9]:3ea3d70a,C[16, 9]:41228f5d
A[16, 29]:0,B[16, 9]:3f428f5c,C[16, 9]:41228f5d
A[16, 0]:3f088889,B[16, 10]:0,C[16, 10]:3d75c290
A[16, 1]:3d888889,B[16, 10]:3ef5c28f,C[16, 10]:3ddd2f1c
A[16, 2]:3f19999a,B[16, 10]:3f75c28f,C[16, 10]:3f78d4fe
A[16, 3]:3e088889,B[16, 10]:3ee147ae,C[16, 10]:3f87ae15
A[16, 4]:3f2aaaab,B[16, 10]:3f6b851e,C[16, 10]:3ffd70a4
A[16, 5]:3e4cccce,B[16, 10]:3ecccccc,C[16, 10]:40066666
A[16, 6]:3f3bbbbc,B[16, 10]:3f6147ae,C[16, 10]:40445a1c
A[16, 7]:3e888889,B[16, 10]:3eb851eb,C[16, 10]:404d9168
A[16, 8]:3f4cccce,B[16, 10]:3f570a3d,C[16, 10]:40870a3d
A[16, 9]:3eaaaaab,B[16, 10]:3ea3d70a,C[16, 10]:408c28f5
A[16, 10]:3f5ddddf,B[16, 10]:3f4ccccc,C[16, 10]:40ad70a3
A[16, 11]:3eccccce,B[16, 10]:3e8f5c29,C[16, 10]:40b2d0e5
A[16, 12]:3f6eeef0,B[16, 10]:3f428f5c,C[16, 10]:40d4dd2f
A[16, 13]:3eeeeef0,B[16, 10]:3e75c28f,C[16, 10]:40da3d71
A[16, 14]:0,B[16, 10]:3f3851eb,C[16, 10]:40da3d71
A[16, 15]:3f088889,B[16, 10]:3e4ccccc,C[16, 10]:40df5c29
A[16, 16]:3d888889,B[16, 10]:3f2e147b,C[16, 10]:40e18937
A[16, 17]:3f19999a,B[16, 10]:3e23d70a,C[16, 10]:40e624dd
A[16, 18]:3e088889,B[16, 10]:3f23d70a,C[16, 10]:40ea3d70
A[16, 19]:3f2aaaab,B[16, 10]:3df5c28f,C[16, 10]:40ee147a
A[16, 20]:3e4cccce,B[16, 10]:3f199999,C[16, 10]:40f3d709
A[16, 21]:3f3bbbbc,B[16, 10]:3da3d70a,C[16, 10]:40f6a7ee
A[16, 22]:3e888889,B[16, 10]:3f0f5c29,C[16, 10]:40fdd2f0
A[16, 23]:3f4cccce,B[16, 10]:3d23d70a,C[16, 10]:40ff5c27
A[16, 24]:3eaaaaab,B[16, 10]:3f051eb8,C[16, 10]:4103d709
A[16, 25]:3f5ddddf,B[16, 10]:0,C[16, 10]:4103d709
A[16, 26]:3eccccce,B[16, 10]:3ef5c28f,C[16, 10]:410872af
A[16, 27]:3f6eeef0,B[16, 10]:3f75c28f,C[16, 10]:411df3b5
A[16, 28]:3eeeeef0,B[16, 10]:3ee147ae,C[16, 10]:4122e146
A[16, 29]:0,B[16, 10]:3f6b851e,C[16, 10]:4122e146
A[16, 0]:3f088889,B[16, 11]:0,C[16, 11]:3f828f5d
A[16, 1]:3d888889,B[16, 11]:3f051eb8,C[16, 11]:3f89374d
A[16, 2]:3f19999a,B[16, 11]:3d23d70a,C[16, 11]:3f8dd2f3
A[16, 3]:3e088889,B[16, 11]:3f0f5c29,C[16, 11]:3f9c28f7
A[16, 4]:3f2aaaab,B[16, 11]:3da3d70a,C[16, 11]:3fa66668
A[16, 5]:3e4cccce,B[16, 11]:3f199999,C[16, 11]:3fbd70a5
A[16, 6]:3f3bbbbc,B[16, 11]:3df5c28f,C[16, 11]:3fce5605
A[16, 7]:3e888889,B[16, 11]:3f23d70a,C[16, 11]:3fef1aa1
A[16, 8]:3f4cccce,B[16, 11]:3e23d70a,C[16, 11]:4003d70b
A[16, 9]:3eaaaaab,B[16, 11]:3f2e147b,C[16, 11]:4019999a
A[16, 10]:3f5ddddf,B[16, 11]:3e4ccccc,C[16, 11]:402a3d71
A[16, 11]:3eccccce,B[16, 11]:3f3851eb,C[16, 11]:4045e354
A[16, 12]:3f6eeef0,B[16, 11]:3e75c28f,C[16, 11]:405b645a
A[16, 13]:3eeeeef0,B[16, 11]:3f428f5c,C[16, 11]:407d70a4
A[16, 14]:0,B[16, 11]:3e8f5c29,C[16, 11]:407d70a4
A[16, 15]:3f088889,B[16, 11]:3f4ccccc,C[16, 11]:40933333
A[16, 16]:3d888889,B[16, 11]:3ea3d70a,C[16, 11]:40943958
A[16, 17]:3f19999a,B[16, 11]:3f570a3d,C[16, 11]:40ac6a7f
A[16, 18]:3e088889,B[16, 11]:3eb851eb,C[16, 11]:40aeb852
A[16, 19]:3f2aaaab,B[16, 11]:3f6147ae,C[16, 11]:40cae148
A[16, 20]:3e4cccce,B[16, 11]:3ecccccc,C[16, 11]:40ceb852
A[16, 21]:3f3bbbbc,B[16, 11]:3f6b851e,C[16, 11]:40ef1aa0
A[16, 22]:3e888889,B[16, 11]:3ee147ae,C[16, 11]:40f4bc6b
A[16, 23]:3f4cccce,B[16, 11]:3f75c28f,C[16, 11]:410ccccd
A[16, 24]:3eaaaaab,B[16, 11]:3ef5c28f,C[16, 11]:4110a3d7
A[16, 25]:3f5ddddf,B[16, 11]:0,C[16, 11]:4110a3d7
A[16, 26]:3eccccce,B[16, 11]:3f051eb8,C[16, 11]:4115a1cb
A[16, 27]:3f6eeef0,B[16, 11]:3d23d70a,C[16, 11]:4116872b
A[16, 28]:3eeeeef0,B[16, 11]:3f0f5c29,C[16, 11]:411ccccd
A[16, 29]:0,B[16, 11]:3da3d70a,C[16, 11]:411ccccd
A[16, 0]:3f088889,B[16, 12]:0,C[16, 12]:3f47ae16
A[16, 1]:3d888889,B[16, 12]:3f0f5c29,C[16, 12]:3f56041a
A[16, 2]:3f19999a,B[16, 12]:3df5c28f,C[16, 12]:3f71a9fd
A[16, 3]:3e088889,B[16, 12]:3f2e147b,C[16, 12]:3f8a3d71
A[16, 4]:3f2aaaab,B[16, 12]:3e75c28f,C[16, 12]:3fa8f5c3
A[16, 5]:3e4cccce,B[16, 12]:3f4ccccc,C[16, 12]:3fc7ae15
A[16, 6]:3f3bbbbc,B[16, 12]:3eb851eb,C[16, 12]:3ffa5e36
A[16, 7]:3e888889,B[16, 12]:3f6b851e,C[16, 12]:4014bc6b
A[16, 8]:3f4cccce,B[16, 12]:3ef5c28f,C[16, 12]:4039999a
A[16, 9]:3eaaaaab,B[16, 12]:3d23d70a,C[16, 12]:403ae148
A[16, 10]:3f5ddddf,B[16, 12]:3f199999,C[16, 12]:406ccccd
A[16, 11]:3eccccce,B[16, 12]:3e23d70a,C[16, 12]:4072f1aa
A[16, 12]:3f6eeef0,B[16, 12]:3f3851eb,C[16, 12]:4099ba5e
A[16, 13]:3eeeeef0,B[16, 12]:3e8f5c29,C[16, 12]:40a00000
A[16, 14]:0,B[16, 12]:3f570a3d,C[16, 12]:40a00000
A[16, 15]:3f088889,B[16, 12]:3ecccccc,C[16, 12]:40aa3d71
A[16, 16]:3d888889,B[16, 12]:3f75c28f,C[16, 12]:40ad4fe0
A[16, 17]:3f19999a,B[16, 12]:3f051eb8,C[16, 12]:40bc49bb
A[16, 18]:3e088889,B[16, 12]:3da3d70a,C[16, 12]:40bccccd
A[16, 19]:3f2aaaab,B[16, 12]:3f23d70a,C[16, 12]:40d147ae
A[16, 20]:3e4cccce,B[16, 12]:3e4ccccc,C[16, 12]:40d33333
A[16, 21]:3f3bbbbc,B[16, 12]:3f428f5c,C[16, 12]:40edf3b6
A[16, 22]:3e888889,B[16, 12]:3ea3d70a,C[16, 12]:40f20c49
A[16, 23]:3f4cccce,B[16, 12]:3f6147ae,C[16, 12]:4109eb85
A[16, 24]:3eaaaaab,B[16, 12]:3ee147ae,C[16, 12]:410d70a4
A[16, 25]:3f5ddddf,B[16, 12]:0,C[16, 12]:410d70a4
A[16, 26]:3eccccce,B[16, 12]:3f0f5c29,C[16, 12]:4112d0e6
A[16, 27]:3f6eeef0,B[16, 12]:3df5c28f,C[16, 12]:41158107
A[16, 28]:3eeeeef0,B[16, 12]:3f2e147b,C[16, 12]:411d1eb9
A[16, 29]:0,B[16, 12]:3e75c28f,C[16, 12]:411d1eb9
A[16, 0]:3f088889,B[16, 13]:0,C[16, 13]:3f0a3d71
A[16, 1]:3d888889,B[16, 13]:3f199999,C[16, 13]:3f19999a
A[16, 2]:3f19999a,B[16, 13]:3e4ccccc,C[16, 13]:3f47ae15
A[16, 3]:3e088889,B[16, 13]:3f4ccccc,C[16, 13]:3f70a3d8
A[16, 4]:3f2aaaab,B[16, 13]:3ecccccc,C[16, 13]:3fab851f
A[16, 5]:3e4cccce,B[16, 13]:0,C[16, 13]:3fab851f
A[16, 6]:3f3bbbbc,B[16, 13]:3f199999,C[16, 13]:40000000
A[16, 7]:3e888889,B[16, 13]:3e4ccccc,C[16, 13]:40051eb8
A[16, 8]:3f4cccce,B[16, 13]:3f4ccccc,C[16, 13]:40428f5c
A[16, 9]:3eaaaaab,B[16, 13]:3ecccccc,C[16, 13]:404f5c29
A[16, 10]:3f5ddddf,B[16, 13]:0,C[16, 13]:404f5c29
A[16, 11]:3eccccce,B[16, 13]:3f199999,C[16, 13]:40666666
A[16, 12]:3f6eeef0,B[16, 13]:3e4ccccc,C[16, 13]:407851eb
A[16, 13]:3eeeeef0,B[16, 13]:3f4ccccc,C[16, 13]:408e147b
A[16, 14]:0,B[16, 13]:3ecccccc,C[16, 13]:408e147b
A[16, 15]:3f088889,B[16, 13]:0,C[16, 13]:408e147b
A[16, 16]:3d888889,B[16, 13]:3f199999,C[16, 13]:40900000
A[16, 17]:3f19999a,B[16, 13]:3e4ccccc,C[16, 13]:4095c28f
A[16, 18]:3e088889,B[16, 13]:3f4ccccc,C[16, 13]:409ae147
A[16, 19]:3f2aaaab,B[16, 13]:3ecccccc,C[16, 13]:40a7ae14
A[16, 20]:3e4cccce,B[16, 13]:0,C[16, 13]:40a7ae14
A[16, 21]:3f3bbbbc,B[16, 13]:3f199999,C[16, 13]:40bccccc
A[16, 22]:3e888889,B[16, 13]:3e4ccccc,C[16, 13]:40bf5c28
A[16, 23]:3f4cccce,B[16, 13]:3f4ccccc,C[16, 13]:40de147a
A[16, 24]:3eaaaaab,B[16, 13]:3ecccccc,C[16, 13]:40e47ae0
A[16, 25]:3f5ddddf,B[16, 13]:0,C[16, 13]:40e47ae0
A[16, 26]:3eccccce,B[16, 13]:3f199999,C[16, 13]:40efffff
A[16, 27]:3f6eeef0,B[16, 13]:3e4ccccc,C[16, 13]:40f8f5c2
A[16, 28]:3eeeeef0,B[16, 13]:3f4ccccc,C[16, 13]:410570a4
A[16, 29]:0,B[16, 13]:3ecccccc,C[16, 13]:410570a4
A[16, 0]:3f088889,B[16, 14]:0,C[16, 14]:3e99999a
A[16, 1]:3d888889,B[16, 14]:3f23d70a,C[16, 14]:3eba5e36
A[16, 2]:3f19999a,B[16, 14]:3e8f5c29,C[16, 14]:3f1db22e
A[16, 3]:3e088889,B[16, 14]:3f6b851e,C[16, 14]:3f4cccce
A[16, 4]:3f2aaaab,B[16, 14]:3f0f5c29,C[16, 14]:3fae147c
A[16, 5]:3e4cccce,B[16, 14]:3e4ccccc,C[16, 14]:3fb5c290
A[16, 6]:3f3bbbbc,B[16, 14]:3f570a3d,C[16, 14]:40160419
A[16, 7]:3e888889,B[16, 14]:3ef5c28f,C[16, 14]:40224dd3
A[16, 8]:3f4cccce,B[16, 14]:3df5c28f,C[16, 14]:402b851f
A[16, 9]:3eaaaaab,B[16, 14]:3f428f5c,C[16, 14]:4043d70a
A[16, 10]:3f5ddddf,B[16, 14]:3ecccccc,C[16, 14]:40651eb8
A[16, 11]:3eccccce,B[16, 14]:3d23d70a,C[16, 14]:4066a7ef
A[16, 12]:3f6eeef0,B[16, 14]:3f2e147b,C[16, 14]:4091cac0
A[16, 13]:3eeeeef0,B[16, 14]:3ea3d70a,C[16, 14]:4098f5c2
A[16, 14]:0,B[16, 14]:3f75c28f,C[16, 14]:4098f5c2
A[16, 15]:3f088889,B[16, 14]:3f199999,C[16, 14]:40a851eb
A[16, 16]:3d888889,B[16, 14]:3e75c28f,C[16, 14]:40a91687
A[16, 17]:3f19999a,B[16, 14]:3f6147ae,C[16, 14]:40c26e98
A[16, 18]:3e088889,B[16, 14]:3f051eb8,C[16, 14]:40c5c290
A[16, 19]:3f2aaaab,B[16, 14]:3e23d70a,C[16, 14]:40cae148
A[16, 20]:3e4cccce,B[16, 14]:3f4ccccc,C[16, 14]:40d28f5c
A[16, 21]:3f3bbbbc,B[16, 14]:3ee147ae,C[16, 14]:40e20c4a
A[16, 22]:3e888889,B[16, 14]:3da3d70a,C[16, 14]:40e3126f
A[16, 23]:3f4cccce,B[16, 14]:3f3851eb,C[16, 14]:40feb852
A[16, 24]:3eaaaaab,B[16, 14]:3eb851eb,C[16, 14]:41023d71
A[16, 25]:3f5ddddf,B[16, 14]:0,C[16, 14]:41023d71
A[16, 26]:3eccccce,B[16, 14]:3f23d70a,C[16, 14]:4108624e
A[16, 27]:3f6eeef0,B[16, 14]:3e8f5c29,C[16, 14]:410ea7f0
A[16, 28]:3eeeeef0,B[16, 14]:3f6b851e,C[16, 14]:4118f5c3
A[16, 29]:0,B[16, 14]:3f0f5c29,C[16, 14]:4118f5c3
A[16, 0]:3f088889,B[16, 15]:0,C[16, 15]:3d75c290
A[16, 1]:3d888889,B[16, 15]:3f2e147b,C[16, 15]:3e03126f
A[16, 2]:3f19999a,B[16, 15]:3eb851eb,C[16, 15]:3ee76c8c
A[16, 3]:3e088889,B[16, 15]:3d23d70a,C[16, 15]:3eeb851f
A[16, 4]:3f2aaaab,B[16, 15]:3f3851eb,C[16, 15]:3f970a3d
A[16, 5]:3e4cccce,B[16, 15]:3ecccccc,C[16, 15]:3fa66666
A[16, 6]:3f3bbbbc,B[16, 15]:3da3d70a,C[16, 15]:3fb1a9fc
A[16, 7]:3e888889,B[16, 15]:3f428f5c,C[16, 15]:3fd89375
A[16, 8]:3f4cccce,B[16, 15]:3ee147ae,C[16, 15]:400e147b
A[16, 9]:3eaaaaab,B[16, 15]:3df5c28f,C[16, 15]:4011eb85
A[16, 10]:3f5ddddf,B[16, 15]:3f4ccccc,C[16, 15]:40547ae1
A[16, 11]:3eccccce,B[16, 15]:3ef5c28f,C[16, 15]:4066e979
A[16, 12]:3f6eeef0,B[16, 15]:3e23d70a,C[16, 15]:40753f7d
A[16, 13]:3eeeeef0,B[16, 15]:3f570a3d,C[16, 15]:408d70a4
A[16, 14]:0,B[16, 15]:3f051eb8,C[16, 15]:408d70a4
A[16, 15]:3f088889,B[16, 15]:3e4ccccc,C[16, 15]:40928f5c
A[16, 16]:3d888889,B[16, 15]:3f6147ae,C[16, 15]:40956041
A[16, 17]:3f19999a,B[16, 15]:3f0f5c29,C[16, 15]:40a58106
A[16, 18]:3e088889,B[16, 15]:3e75c28f,C[16, 15]:40a70a3d
A[16, 19]:3f2aaaab,B[16, 15]:3f6b851e,C[16, 15]:40c47ae1
A[16, 20]:3e4cccce,B[16, 15]:3f199999,C[16, 15]:40ca3d70
A[16, 21]:3f3bbbbc,B[16, 15]:3e8f5c29,C[16, 15]:40d41893
A[16, 22]:3e888889,B[16, 15]:3f75c28f,C[16, 15]:40e0624d
A[16, 23]:3f4cccce,B[16, 15]:3f23d70a,C[16, 15]:40f8f5c2
A[16, 24]:3eaaaaab,B[16, 15]:3ea3d70a,C[16, 15]:40fe147a
A[16, 25]:3f5ddddf,B[16, 15]:0,C[16, 15]:40fe147a
A[16, 26]:3eccccce,B[16, 15]:3f2e147b,C[16, 15]:41059168
A[16, 27]:3f6eeef0,B[16, 15]:3eb851eb,C[16, 15]:410da1ca
A[16, 28]:3eeeeef0,B[16, 15]:3d23d70a,C[16, 15]:410e147a
A[16, 29]:0,B[16, 15]:3f3851eb,C[16, 15]:410e147a
A[16, 0]:3f088889,B[16, 16]:0,C[16, 16]:3f828f5d
A[16, 1]:3d888889,B[16, 16]:3f3851eb,C[16, 16]:3f8bc6a9
A[16, 2]:3f19999a,B[16, 16]:3ee147ae,C[16, 16]:3fbe76ca
A[16, 3]:3e088889,B[16, 16]:3e23d70a,C[16, 16]:3fc28f5d
A[16, 4]:3f2aaaab,B[16, 16]:3f6147ae,C[16, 16]:4019999a
A[16, 5]:3e4cccce,B[16, 16]:3f199999,C[16, 16]:40251eb9
A[16, 6]:3f3bbbbc,B[16, 16]:3ea3d70a,C[16, 16]:403ba5e4
A[16, 7]:3e888889,B[16, 16]:3d23d70a,C[16, 16]:403cac09
A[16, 8]:3f4cccce,B[16, 16]:3f428f5c,C[16, 16]:40770a3e
A[16, 9]:3eaaaaab,B[16, 16]:3ef5c28f,C[16, 16]:40833333
A[16, 10]:3f5ddddf,B[16, 16]:3e4ccccc,C[16, 16]:408b851e
A[16, 11]:3eccccce,B[16, 16]:3f6b851e,C[16, 16]:409d2f1a
A[16, 12]:3f6eeef0,B[16, 16]:3f23d70a,C[16, 16]:40b9db22
A[16, 13]:3eeeeef0,B[16, 16]:3eb851eb,C[16, 16]:40c1eb84
A[16, 14]:0,B[16, 16]:3da3d70a,C[16, 16]:40c1eb84
A[16, 15]:3f088889,B[16, 16]:3f4ccccc,C[16, 16]:40d66665
A[16, 16]:3d888889,B[16, 16]:3f051eb8,C[16, 16]:40d81061
A[16, 17]:3f19999a,B[16, 16]:3e75c28f,C[16, 16]:40def9da
A[16, 18]:3e088889,B[16, 16]:3f75c28f,C[16, 16]:40e51eb7
A[16, 19]:3f2aaaab,B[16, 16]:3f2e147b,C[16, 16]:40fae146
A[16, 20]:3e4cccce,B[16, 16]:3ecccccc,C[16, 16]:40feb850
A[16, 21]:3f3bbbbc,B[16, 16]:3df5c28f,C[16, 16]:410178d4
A[16, 22]:3e888889,B[16, 16]:3f570a3d,C[16, 16]:4106d916
A[16, 23]:3f4cccce,B[16, 16]:3f0f5c29,C[16, 16]:41119999
A[16, 24]:3eaaaaab,B[16, 16]:3e8f5c29,C[16, 16]:4113d70a
A[16, 25]:3f5ddddf,B[16, 16]:0,C[16, 16]:4113d70a
A[16, 26]:3eccccce,B[16, 16]:3f3851eb,C[16, 16]:411ac083
A[16, 27]:3f6eeef0,B[16, 16]:3ee147ae,C[16, 16]:41249ba6
A[16, 28]:3eeeeef0,B[16, 16]:3e23d70a,C[16, 16]:41266667
A[16, 29]:0,B[16, 16]:3f6147ae,C[16, 16]:41266667
A[16, 0]:3f088889,B[16, 17]:0,C[16, 17]:3f47ae16
A[16, 1]:3d888889,B[16, 17]:3f428f5c,C[16, 17]:3f5b22d2
A[16, 2]:3f19999a,B[16, 17]:3f051eb8,C[16, 17]:3fa978d6
A[16, 3]:3e088889,B[16, 17]:3e8f5c29,C[16, 17]:3fb0a3d8
A[16, 4]:3f2aaaab,B[16, 17]:3d23d70a,C[16, 17]:3fb5c290
A[16, 5]:3e4cccce,B[16, 17]:3f4ccccc,C[16, 17]:3fd47ae2
A[16, 6]:3f3bbbbc,B[16, 17]:3f0f5c29,C[16, 17]:4011a9fc
A[16, 7]:3e888889,B[16, 17]:3ea3d70a,C[16, 17]:4019db23
A[16, 8]:3f4cccce,B[16, 17]:3da3d70a,C[16, 17]:40200000
A[16, 9]:3eaaaaab,B[16, 17]:3f570a3d,C[16, 17]:403ae148
A[16, 10]:3f5ddddf,B[16, 17]:3f199999,C[16, 17]:406ccccd
A[16, 11]:3eccccce,B[16, 17]:3eb851eb,C[16, 17]:407a9fbf
A[16, 12]:3f6eeef0,B[16, 17]:3df5c28f,C[16, 17]:4082b021
A[16, 13]:3eeeeef0,B[16, 17]:3f6147ae,C[16, 17]:40966667
A[16, 14]:0,B[16, 17]:3f23d70a,C[16, 17]:40966667
A[16, 15]:3f088889,B[16, 17]:3ecccccc,C[16, 17]:40a0a3d8
A[16, 16]:3d888889,B[16, 17]:3e23d70a,C[16, 17]:40a126ea
A[16, 17]:3f19999a,B[16, 17]:3f6b851e,C[16, 17]:40bba5e4
A[16, 18]:3e088889,B[16, 17]:3f2e147b,C[16, 17]:40c00001
A[16, 19]:3f2aaaab,B[16, 17]:3ee147ae,C[16, 17]:40ce147c
A[16, 20]:3e4cccce,B[16, 17]:3e4ccccc,C[16, 17]:40d00001
A[16, 21]:3f3bbbbc,B[16, 17]:3f75c28f,C[16, 17]:40f1cac2
A[16, 22]:3e888889,B[16, 17]:3f3851eb,C[16, 17]:40fb020e
A[16, 23]:3f4cccce,B[16, 17]:3ef5c28f,C[16, 17]:4106b853
A[16, 24]:3eaaaaab,B[16, 17]:3e75c28f,C[16, 17]:4108a3d8
A[16, 25]:3f5ddddf,B[16, 17]:0,C[16, 17]:4108a3d8
A[16, 26]:3eccccce,B[16, 17]:3f428f5c,C[16, 17]:410fef9f
A[16, 27]:3f6eeef0,B[16, 17]:3f051eb8,C[16, 17]:411b9582
A[16, 28]:3eeeeef0,B[16, 17]:3e8f5c29,C[16, 17]:411eb853
A[16, 29]:0,B[16, 17]:3d23d70a,C[16, 17]:411eb853
A[16, 0]:3f088889,B[16, 18]:0,C[16, 18]:3f0a3d71
A[16, 1]:3d888889,B[16, 18]:3f4ccccc,C[16, 18]:3f1eb852
A[16, 2]:3f19999a,B[16, 18]:3f199999,C[16, 18]:3f947ae1
A[16, 3]:3e088889,B[16, 18]:3ecccccc,C[16, 18]:3f9eb852
A[16, 4]:3f2aaaab,B[16, 18]:3e4ccccc,C[16, 18]:3fb851ec
A[16, 5]:3e4cccce,B[16, 18]:0,C[16, 18]:3fb851ec
A[16, 6]:3f3bbbbc,B[16, 18]:3f4ccccc,C[16, 18]:40147ae2
A[16, 7]:3e888889,B[16, 18]:3f199999,C[16, 18]:4023d70b
A[16, 8]:3f4cccce,B[16, 18]:3ecccccc,C[16, 18]:40428f5d
A[16, 9]:3eaaaaab,B[16, 18]:3e4ccccc,C[16, 18]:4048f5c3
A[16, 10]:3f5ddddf,B[16, 18]:0,C[16, 18]:4048f5c3
A[16, 11]:3eccccce,B[16, 18]:3f4ccccc,C[16, 18]:4067ae15
A[16, 12]:3f6eeef0,B[16, 18]:3f199999,C[16, 18]:408eb852
A[16, 13]:3eeeeef0,B[16, 18]:3ecccccc,C[16, 18]:4097ae15
A[16, 14]:0,B[16, 18]:3e4ccccc,C[16, 18]:4097ae15
A[16, 15]:3f088889,B[16, 18]:0,C[16, 18]:4097ae15
A[16, 16]:3d888889,B[16, 18]:3f4ccccc,C[16, 18]:409a3d71
A[16, 17]:3f19999a,B[16, 18]:3f199999,C[16, 18]:40ab851f
A[16, 18]:3e088889,B[16, 18]:3ecccccc,C[16, 18]:40ae147b
A[16, 19]:3f2aaaab,B[16, 18]:3e4ccccc,C[16, 18]:40b47ae1
A[16, 20]:3e4cccce,B[16, 18]:0,C[16, 18]:40b47ae1
A[16, 21]:3f3bbbbc,B[16, 18]:3f4ccccc,C[16, 18]:40d0a3d7
A[16, 22]:3e888889,B[16, 18]:3f199999,C[16, 18]:40d851ec
A[16, 23]:3f4cccce,B[16, 18]:3ecccccc,C[16, 18]:40e7ae15
A[16, 24]:3eaaaaab,B[16, 18]:3e4ccccc,C[16, 18]:40eae148
A[16, 25]:3f5ddddf,B[16, 18]:0,C[16, 18]:40eae148
A[16, 26]:3eccccce,B[16, 18]:3f4ccccc,C[16, 18]:40fa3d71
A[16, 27]:3f6eeef0,B[16, 18]:3f199999,C[16, 18]:410a8f5c
A[16, 28]:3eeeeef0,B[16, 18]:3ecccccc,C[16, 18]:410f0a3d
A[16, 29]:0,B[16, 18]:3e4ccccc,C[16, 18]:410f0a3d
A[16, 0]:3f088889,B[16, 19]:0,C[16, 19]:3e99999a
A[16, 1]:3d888889,B[16, 19]:3f570a3d,C[16, 19]:3ec49ba6
A[16, 2]:3f19999a,B[16, 19]:3f2e147b,C[16, 19]:3f7ef9dc
A[16, 3]:3e088889,B[16, 19]:3f051eb8,C[16, 19]:3f8ccccd
A[16, 4]:3f2aaaab,B[16, 19]:3eb851eb,C[16, 19]:3fbae148
A[16, 5]:3e4cccce,B[16, 19]:3e4ccccc,C[16, 19]:3fc28f5c
A[16, 6]:3f3bbbbc,B[16, 19]:3d23d70a,C[16, 19]:3fc83127
A[16, 7]:3e888889,B[16, 19]:3f6147ae,C[16, 19]:3ff53f7d
A[16, 8]:3f4cccce,B[16, 19]:3f3851eb,C[16, 19]:4031eb85
A[16, 9]:3eaaaaab,B[16, 19]:3f0f5c29,C[16, 19]:4043d70a
A[16, 10]:3f5ddddf,B[16, 19]:3ecccccc,C[16, 19]:40651eb8
A[16, 11]:3eccccce,B[16, 19]:3e75c28f,C[16, 19]:406e5604
A[16, 12]:3f6eeef0,B[16, 19]:3da3d70a,C[16, 19]:40758106
A[16, 13]:3eeeeef0,B[16, 19]:3f6b851e,C[16, 19]:408f5c29
A[16, 14]:0,B[16, 19]:3f428f5c,C[16, 19]:408f5c29
A[16, 15]:3f088889,B[16, 19]:3f199999,C[16, 19]:409eb852
A[16, 16]:3d888889,B[16, 19]:3ee147ae,C[16, 19]:40a020c5
A[16, 17]:3f19999a,B[16, 19]:3e8f5c29,C[16, 19]:40a83127
A[16, 18]:3e088889,B[16, 19]:3df5c28f,C[16, 19]:40a8f5c3
A[16, 19]:3f2aaaab,B[16, 19]:3f75c28f,C[16, 19]:40c7ae15
A[16, 20]:3e4cccce,B[16, 19]:3f4ccccc,C[16, 19]:40cf5c29
A[16, 21]:3f3bbbbc,B[16, 19]:3f23d70a,C[16, 19]:40e5e354
A[16, 22]:3e888889,B[16, 19]:3ef5c28f,C[16, 19]:40ec0831
A[16, 23]:3f4cccce,B[16, 19]:3ea3d70a,C[16, 19]:40f851eb
A[16, 24]:3eaaaaab,B[16, 19]:3e23d70a,C[16, 19]:40fae147
A[16, 25]:3f5ddddf,B[16, 19]:0,C[16, 19]:40fae147
A[16, 26]:3eccccce,B[16, 19]:3f570a3d,C[16, 19]:41058106
A[16, 27]:3f6eeef0,B[16, 19]:3f2e147b,C[16, 19]:4114bc6a
A[16, 28]:3eeeeef0,B[16, 19]:3f051eb8,C[16, 19]:411a8f5c
A[16, 29]:0,B[16, 19]:3eb851eb,C[16, 19]:411a8f5c
A[16, 0]:3f088889,B[16, 20]:0,C[16, 20]:3d75c290
A[16, 1]:3d888889,B[16, 20]:3f6147ae,C[16, 20]:3e178d50
A[16, 2]:3f19999a,B[16, 20]:3f428f5c,C[16, 20]:3f54fdf4
A[16, 3]:3e088889,B[16, 20]:3f23d70a,C[16, 20]:3f75c290
A[16, 4]:3f2aaaab,B[16, 20]:3f051eb8,C[16, 20]:3fbd70a4
A[16, 5]:3e4cccce,B[16, 20]:3ecccccc,C[16, 20]:3fcccccd
A[16, 6]:3f3bbbbc,B[16, 20]:3e8f5c29,C[16, 20]:3ff43958
A[16, 7]:3e888889,B[16, 20]:3e23d70a,C[16, 20]:3ffc6a7f
A[16, 8]:3f4cccce,B[16, 20]:3d23d70a,C[16, 20]:400147ae
A[16, 9]:3eaaaaab,B[16, 20]:3f6b851e,C[16, 20]:401eb852
A[16, 10]:3f5ddddf,B[16, 20]:3f4ccccc,C[16, 20]:406147ae
A[16, 11]:3eccccce,B[16, 20]:3f2e147b,C[16, 20]:407b645a
A[16, 12]:3f6eeef0,B[16, 20]:3f0f5c29,C[16, 20]:4096c8b4
A[16, 13]:3eeeeef0,B[16, 20]:3ee147ae,C[16, 20]:40a0a3d7
A[16, 14]:0,B[16, 20]:3ea3d70a,C[16, 20]:40a0a3d7
A[16, 15]:3f088889,B[16, 20]:3e4ccccc,C[16, 20]:40a5c28f
A[16, 16]:3d888889,B[16, 20]:3da3d70a,C[16, 20]:40a60418
A[16, 17]:3f19999a,B[16, 20]:3f75c28f,C[16, 20]:40c1a9fb
A[16, 18]:3e088889,B[16, 20]:3f570a3d,C[16, 20]:40c70a3d
A[16, 19]:3f2aaaab,B[16, 20]:3f3851eb,C[16, 20]:40de147a
A[16, 20]:3e4cccce,B[16, 20]:3f199999,C[16, 20]:40e3d709
A[16, 21]:3f3bbbbc,B[16, 20]:3ef5c28f,C[16, 20]:40f4bc69
A[16, 22]:3e888889,B[16, 20]:3eb851eb,C[16, 20]:40f9580f
A[16, 23]:3f4cccce,B[16, 20]:3e75c28f,C[16, 20]:410147ad
A[16, 24]:3eaaaaab,B[16, 20]:3df5c28f,C[16, 20]:41023d70
A[16, 25]:3f5ddddf,B[16, 20]:0,C[16, 20]:41023d70
A[16, 26]:3eccccce,B[16, 20]:3f6147ae,C[16, 20]:410ab020
A[16, 27]:3f6eeef0,B[16, 20]:3f428f5c,C[16, 20]:411bb645
A[16, 28]:3eeeeef0,B[16, 20]:3f23d70a,C[16, 20]:4122e147
A[16, 29]:0,B[16, 20]:3f051eb8,C[16, 20]:4122e147
A[16, 0]:3f088889,B[16, 21]:0,C[16, 21]:3f828f5d
A[16, 1]:3d888889,B[16, 21]:3f6b851e,C[16, 21]:3f8e5605
A[16, 2]:3f19999a,B[16, 21]:3f570a3d,C[16, 21]:3fef1aa0
A[16, 3]:3e088889,B[16, 21]:3f428f5c,C[16, 21]:400147ae
A[16, 4]:3f2aaaab,B[16, 21]:3f2e147b,C[16, 21]:402ccccd
A[16, 5]:3e4cccce,B[16, 21]:3f199999,C[16, 21]:403851ec
A[16, 6]:3f3bbbbc,B[16, 21]:3f051eb8,C[16, 21]:405ced92
A[16, 7]:3e888889,B[16, 21]:3ee147ae,C[16, 21]:40683128
A[16, 8]:3f4cccce,B[16, 21]:3eb851eb,C[16, 21]:4081eb86
A[16, 9]:3eaaaaab,B[16, 21]:3e8f5c29,C[16, 21]:40866667
A[16, 10]:3f5ddddf,B[16, 21]:3e4ccccc,C[16, 21]:408eb852
A[16, 11]:3eccccce,B[16, 21]:3df5c28f,C[16, 21]:40910625
A[16, 12]:3f6eeef0,B[16, 21]:3d23d70a,C[16, 21]:4092d0e6
A[16, 13]:3eeeeef0,B[16, 21]:3f75c28f,C[16, 21]:40a851ec
A[16, 14]:0,B[16, 21]:3f6147ae,C[16, 21]:40a851ec
A[16, 15]:3f088889,B[16, 21]:3f4ccccc,C[16, 21]:40bccccd
A[16, 16]:3d888889,B[16, 21]:3f3851eb,C[16, 21]:40bf1aa0
A[16, 17]:3f19999a,B[16, 21]:3f23d70a,C[16, 21]:40d18938
A[16, 18]:3e088889,B[16, 21]:3f0f5c29,C[16, 21]:40d51eb9
A[16, 19]:3f2aaaab,B[16, 21]:3ef5c28f,C[16, 21]:40e47ae2
A[16, 20]:3e4cccce,B[16, 21]:3ecccccc,C[16, 21]:40e851ec
A[16, 21]:3f3bbbbc,B[16, 21]:3ea3d70a,C[16, 21]:40f39582
A[16, 22]:3e888889,B[16, 21]:3e75c28f,C[16, 21]:40f6a7f1
A[16, 23]:3f4cccce,B[16, 21]:3e23d70a,C[16, 21]:40fcccce
A[16, 24]:3eaaaaab,B[16, 21]:3da3d70a,C[16, 21]:40fe147c
A[16, 25]:3f5ddddf,B[16, 21]:0,C[16, 21]:40fe147c
A[16, 26]:3eccccce,B[16, 21]:3f6b851e,C[16, 21]:4107df3c
A[16, 27]:3f6eeef0,B[16, 21]:3f570a3d,C[16, 21]:411ab021
A[16, 28]:3eeeeef0,B[16, 21]:3f428f5c,C[16, 21]:41233333
A[16, 29]:0,B[16, 21]:3f2e147b,C[16, 21]:41233333
A[16, 0]:3f088889,B[16, 22]:0,C[16, 22]:3f47ae16
A[16, 1]:3d888889,B[16, 22]:3f75c28f,C[16, 22]:3f60418b
A[16, 2]:3f19999a,B[16, 22]:3f6b851e,C[16, 22]:3fda1cad
A[16, 3]:3e088889,B[16, 22]:3f6147ae,C[16, 22]:3ff0a3d8
A[16, 4]:3f2aaaab,B[16, 22]:3f570a3d,C[16, 22]:402e147b
A[16, 5]:3e4cccce,B[16, 22]:3f4ccccc,C[16, 22]:403d70a4
A[16, 6]:3f3bbbbc,B[16, 22]:3f428f5c,C[16, 22]:4072f1aa
A[16, 7]:3e888889,B[16, 22]:3f3851eb,C[16, 22]:4082b021
A[16, 8]:3f4cccce,B[16, 22]:3f2e147b,C[16, 22]:409ccccd
A[16, 9]:3eaaaaab,B[16, 22]:3f23d70a,C[16, 22]:40a70a3e
A[16, 10]:3f5ddddf,B[16, 22]:3f199999,C[16, 22]:40c00000
A[16, 11]:3eccccce,B[16, 22]:3f0f5c29,C[16, 22]:40cac083
A[16, 12]:3f6eeef0,B[16, 22]:3f051eb8,C[16, 22]:40e20c4a
A[16, 13]:3eeeeef0,B[16, 22]:3ef5c28f,C[16, 22]:40eccccd
A[16, 14]:0,B[16, 22]:3ee147ae,C[16, 22]:40eccccd
A[16, 15]:3f088889,B[16, 22]:3ecccccc,C[16, 22]:40f70a3e
A[16, 16]:3d888889,B[16, 22]:3eb851eb,C[16, 22]:40f83127
A[16, 17]:3f19999a,B[16, 22]:3ea3d70a,C[16, 22]:4100b439
A[16, 18]:3e088889,B[16, 22]:3e8f5c29,C[16, 22]:41019999
A[16, 19]:3f2aaaab,B[16, 22]:3e75c28f,C[16, 22]:410570a3
A[16, 20]:3e4cccce,B[16, 22]:3e4ccccc,C[16, 22]:41066666
A[16, 21]:3f3bbbbc,B[16, 22]:3e23d70a,C[16, 22]:4109374b
A[16, 22]:3e888889,B[16, 22]:3df5c28f,C[16, 22]:4109fbe7
A[16, 23]:3f4cccce,B[16, 22]:3da3d70a,C[16, 22]:410b851e
A[16, 24]:3eaaaaab,B[16, 22]:3d23d70a,C[16, 22]:410bd70a
A[16, 25]:3f5ddddf,B[16, 22]:0,C[16, 22]:410bd70a
A[16, 26]:3eccccce,B[16, 22]:3f75c28f,C[16, 22]:41150e56
A[16, 27]:3f6eeef0,B[16, 22]:3f6b851e,C[16, 22]:4129a9fc
A[16, 28]:3eeeeef0,B[16, 22]:3f6147ae,C[16, 22]:4133851f
A[16, 29]:0,B[16, 22]:3f570a3d,C[16, 22]:4133851f
A[16, 0]:3f088889,B[16, 23]:0,C[16, 23]:3f0a3d71
A[16, 1]:3d888889,B[16, 23]:0,C[16, 23]:3f0a3d71
A[16, 2]:3f19999a,B[16, 23]:0,C[16, 23]:3f0a3d71
A[16, 3]:3e088889,B[16, 23]:0,C[16, 23]:3f0a3d71
A[16, 4]:3f2aaaab,B[16, 23]:0,C[16, 23]:3f0a3d71
A[16, 5]:3e4cccce,B[16, 23]:0,C[16, 23]:3f0a3d71
A[16, 6]:3f3bbbbc,B[16, 23]:0,C[16, 23]:3f0a3d71
A[16, 7]:3e888889,B[16, 23]:0,C[16, 23]:3f0a3d71
A[16, 8]:3f4cccce,B[16, 23]:0,C[16, 23]:3f0a3d71
A[16, 9]:3eaaaaab,B[16, 23]:0,C[16, 23]:3f0a3d71
A[16, 10]:3f5ddddf,B[16, 23]:0,C[16, 23]:3f0a3d71
A[16, 11]:3eccccce,B[16, 23]:0,C[16, 23]:3f0a3d71
A[16, 12]:3f6eeef0,B[16, 23]:0,C[16, 23]:3f0a3d71
A[16, 13]:3eeeeef0,B[16, 23]:0,C[16, 23]:3f0a3d71
A[16, 14]:0,B[16, 23]:0,C[16, 23]:3f0a3d71
A[16, 15]:3f088889,B[16, 23]:0,C[16, 23]:3f0a3d71
A[16, 16]:3d888889,B[16, 23]:0,C[16, 23]:3f0a3d71
A[16, 17]:3f19999a,B[16, 23]:0,C[16, 23]:3f0a3d71
A[16, 18]:3e088889,B[16, 23]:0,C[16, 23]:3f0a3d71
A[16, 19]:3f2aaaab,B[16, 23]:0,C[16, 23]:3f0a3d71
A[16, 20]:3e4cccce,B[16, 23]:0,C[16, 23]:3f0a3d71
A[16, 21]:3f3bbbbc,B[16, 23]:0,C[16, 23]:3f0a3d71
A[16, 22]:3e888889,B[16, 23]:0,C[16, 23]:3f0a3d71
A[16, 23]:3f4cccce,B[16, 23]:0,C[16, 23]:3f0a3d71
A[16, 24]:3eaaaaab,B[16, 23]:0,C[16, 23]:3f0a3d71
A[16, 25]:3f5ddddf,B[16, 23]:0,C[16, 23]:3f0a3d71
A[16, 26]:3eccccce,B[16, 23]:0,C[16, 23]:3f0a3d71
A[16, 27]:3f6eeef0,B[16, 23]:0,C[16, 23]:3f0a3d71
A[16, 28]:3eeeeef0,B[16, 23]:0,C[16, 23]:3f0a3d71
A[16, 29]:0,B[16, 23]:0,C[16, 23]:3f0a3d71
A[16, 0]:3f088889,B[16, 24]:0,C[16, 24]:3e99999a
A[16, 1]:3d888889,B[16, 24]:3d23d70a,C[16, 24]:3e9ba5e4
A[16, 2]:3f19999a,B[16, 24]:3da3d70a,C[16, 24]:3ec08313
A[16, 3]:3e088889,B[16, 24]:3df5c28f,C[16, 24]:3ecccccd
A[16, 4]:3f2aaaab,B[16, 24]:3e23d70a,C[16, 24]:3f0f5c29
A[16, 5]:3e4cccce,B[16, 24]:3e4ccccc,C[16, 24]:3f1eb852
A[16, 6]:3f3bbbbc,B[16, 24]:3e75c28f,C[16, 24]:3f624dd3
A[16, 7]:3e888889,B[16, 24]:3e8f5c29,C[16, 24]:3f7ef9db
A[16, 8]:3f4cccce,B[16, 24]:3ea3d70a,C[16, 24]:3fb0a3d7
A[16, 9]:3eaaaaab,B[16, 24]:3eb851eb,C[16, 24]:3fc7ae14
A[16, 10]:3f5ddddf,B[16, 24]:3ecccccc,C[16, 24]:40051eb8
A[16, 11]:3eccccce,B[16, 24]:3ee147ae,C[16, 24]:40160418
A[16, 12]:3f6eeef0,B[16, 24]:3ef5c28f,C[16, 24]:40410624
A[16, 13]:3eeeeef0,B[16, 24]:3f051eb8,C[16, 24]:405851eb
A[16, 14]:0,B[16, 24]:3f0f5c29,C[16, 24]:405851eb
A[16, 15]:3f088889,B[16, 24]:3f199999,C[16, 24]:40770a3d
A[16, 16]:3d888889,B[16, 24]:3f23d70a,C[16, 24]:407b22d0
A[16, 17]:3f19999a,B[16, 24]:3f2e147b,C[16, 24]:409126e9
A[16, 18]:3e088889,B[16, 24]:3f3851eb,C[16, 24]:4095c28f
A[16, 19]:3f2aaaab,B[16, 24]:3f428f5c,C[16, 24]:40ae147a
A[16, 20]:3e4cccce,B[16, 24]:3f4ccccc,C[16, 24]:40b5c28e
A[16, 21]:3f3bbbbc,B[16, 24]:3f570a3d,C[16, 24]:40d353f6
A[16, 22]:3e888889,B[16, 24]:3f6147ae,C[16, 24]:40de978c
A[16, 23]:3f4cccce,B[16, 24]:3f6b851e,C[16, 24]:4100f5c2
A[16, 24]:3eaaaaab,B[16, 24]:3f75c28f,C[16, 24]:4108a3d6
A[16, 25]:3f5ddddf,B[16, 24]:0,C[16, 24]:4108a3d6
A[16, 26]:3eccccce,B[16, 24]:3d23d70a,C[16, 24]:41090624
A[16, 27]:3f6eeef0,B[16, 24]:3da3d70a,C[16, 24]:410ad0e5
A[16, 28]:3eeeeef0,B[16, 24]:3df5c28f,C[16, 24]:410c28f5
A[16, 29]:0,B[16, 24]:3e23d70a,C[16, 24]:410c28f5

done computing: 16, print C
C[16, 0]:411c7ae1,C[16, 1]:411ccccd,C[16, 2]:41251eb9,C[16, 3]:410570a3,C[16, 4]:4120f5c3,C[16, 5]:411947af,C[16, 6]:4131999a,C[16, 7]:4126b852,C[16, 8]:410f0a3d,C[16, 9]:41228f5d,C[16, 10]:4122e146,C[16, 11]:411ccccd,C[16, 12]:411d1eb9,C[16, 13]:410570a4,C[16, 14]:4118f5c3,C[16, 15]:410e147a,C[16, 16]:41266667,C[16, 17]:411eb853,C[16, 18]:410f0a3d,C[16, 19]:411a8f5c,C[16, 20]:4122e147,C[16, 21]:41233333,C[16, 22]:4133851f,C[16, 23]:3f0a3d71,C[16, 24]:410c28f5,

//========================

Init I: 17
C[17, 0]:3d4ccccd->3d75c290,C[17, 1]:3f666667->3f8a3d71,C[17, 2]:3f400000->3f666667,C[17, 3]:3f19999a->3f3851ec,C[17, 4]:3ee66667->3f0a3d71,C[17, 5]:3e99999a->3eb851ec,C[17, 6]:3e19999a->3e3851ec,C[17, 7]:0->0,C[17, 8]:3f59999a->3f828f5d,C[17, 9]:3f333333->3f570a3e,C[17, 10]:3f0ccccd->3f28f5c3,C[17, 11]:3ecccccd->3ef5c290,C[17, 12]:3e800000->3e99999a,C[17, 13]:3dcccccd->3df5c290,C[17, 14]:3f733333->3f91eb85,C[17, 15]:3f4ccccd->3f75c290,C[17, 16]:3f266667->3f47ae16,C[17, 17]:3f000000->3f19999a,C[17, 18]:3eb33333->3ed70a3e,C[17, 19]:3e4ccccd->3e75c290,C[17, 20]:3d4ccccd->3d75c290,C[17, 21]:3f666667->3f8a3d71,C[17, 22]:3f400000->3f666667,C[17, 23]:3f19999a->3f3851ec,C[17, 24]:3ee66667->3f0a3d71,
Start computing: 17
A[17, 0]:3f111112,B[17, 0]:0,C[17, 0]:3d75c290
A[17, 1]:3e088889,B[17, 0]:3da3d70a,C[17, 0]:3d9ba5e4
A[17, 2]:3f333334,B[17, 0]:3e23d70a,C[17, 0]:3e79db24
A[17, 3]:3e888889,B[17, 0]:3e75c28f,C[17, 0]:3eae147c
A[17, 4]:3f555556,B[17, 0]:3ea3d70a,C[17, 0]:3f3d70a4
A[17, 5]:3eccccce,B[17, 0]:3ecccccc,C[17, 0]:3f7ae148
A[17, 6]:3f777778,B[17, 0]:3ef5c28f,C[17, 0]:3fd6872b
A[17, 7]:3f088889,B[17, 0]:3f0f5c29,C[17, 0]:4007ef9e
A[17, 8]:3dccccce,B[17, 0]:3f23d70a,C[17, 0]:400e147b
A[17, 9]:3f2aaaab,B[17, 0]:3f3851eb,C[17, 0]:403c28f6
A[17, 10]:3e6eeef0,B[17, 0]:3f4ccccc,C[17, 0]:404e147b
A[17, 11]:3f4cccce,B[17, 0]:3f6147ae,C[17, 0]:4088d4fe
A[17, 12]:3ebbbbbc,B[17, 0]:3f75c28f,C[17, 0]:4099ba5e
A[17, 13]:3f6eeef0,B[17, 0]:3d23d70a,C[17, 0]:409b851f
A[17, 14]:3f000000,B[17, 0]:3df5c28f,C[17, 0]:409e6667
A[17, 15]:3d888889,B[17, 0]:3e4ccccc,C[17, 0]:409f0a3e
A[17, 16]:3f222223,B[17, 0]:3e8f5c29,C[17, 0]:40a78d50
A[17, 17]:3e4cccce,B[17, 0]:3eb851eb,C[17, 0]:40ab020c
A[17, 18]:3f444445,B[17, 0]:3ee147ae,C[17, 0]:40bb3333
A[17, 19]:3eaaaaab,B[17, 0]:3f051eb8,C[17, 0]:40c3851e
A[17, 20]:3f666667,B[17, 0]:3f199999,C[17, 0]:40dd70a3
A[17, 21]:3eeeeef0,B[17, 0]:3f2e147b,C[17, 0]:40ecac07
A[17, 22]:3d088889,B[17, 0]:3f428f5c,C[17, 0]:40ede353
A[17, 23]:3f19999a,B[17, 0]:3f570a3d,C[17, 0]:41030a3d
A[17, 24]:3e2aaaab,B[17, 0]:3f6b851e,C[17, 0]:4106b851
A[17, 25]:3f3bbbbc,B[17, 0]:0,C[17, 0]:4106b851
A[17, 26]:3e99999a,B[17, 0]:3da3d70a,C[17, 0]:41074bc6
A[17, 27]:3f5ddddf,B[17, 0]:3e23d70a,C[17, 0]:410a9fbe
A[17, 28]:3edddddf,B[17, 0]:3e75c28f,C[17, 0]:410d1eb8
A[17, 29]:0,B[17, 0]:3ea3d70a,C[17, 0]:410d1eb8
A[17, 0]:3f111112,B[17, 1]:0,C[17, 1]:3f8a3d71
A[17, 1]:3e088889,B[17, 1]:3df5c28f,C[17, 1]:3f8d4fe0
A[17, 2]:3f333334,B[17, 1]:3e75c28f,C[17, 1]:3fad9169
A[17, 3]:3e888889,B[17, 1]:3eb851eb,C[17, 1]:3fc00001
A[17, 4]:3f555556,B[17, 1]:3ef5c28f,C[17, 1]:40066667
A[17, 5]:3eccccce,B[17, 1]:3f199999,C[17, 1]:401d70a4
A[17, 6]:3f777778,B[17, 1]:3f3851eb,C[17, 1]:4060418a
A[17, 7]:3f088889,B[17, 1]:3f570a3d,C[17, 1]:4085a1cb
A[17, 8]:3dccccce,B[17, 1]:3f75c28f,C[17, 1]:408a3d71
A[17, 9]:3f2aaaab,B[17, 1]:3da3d70a,C[17, 1]:408ccccd
A[17, 10]:3e6eeef0,B[17, 1]:3e4ccccc,C[17, 1]:408f0a3e
A[17, 11]:3f4cccce,B[17, 1]:3ea3d70a,C[17, 1]:409b53f8
A[17, 12]:3ebbbbbc,B[17, 1]:3ee147ae,C[17, 1]:40a3126f
A[17, 13]:3f6eeef0,B[17, 1]:3f0f5c29,C[17, 1]:40bc28f6
A[17, 14]:3f000000,B[17, 1]:3f2e147b,C[17, 1]:40cc7ae2
A[17, 15]:3d888889,B[17, 1]:3f4ccccc,C[17, 1]:40cf0a3e
A[17, 16]:3f222223,B[17, 1]:3f6b851e,C[17, 1]:40eb020d
A[17, 17]:3e4cccce,B[17, 1]:3d23d70a,C[17, 1]:40eb645b
A[17, 18]:3f444445,B[17, 1]:3e23d70a,C[17, 1]:40f147af
A[17, 19]:3eaaaaab,B[17, 1]:3e8f5c29,C[17, 1]:40f5c290
A[17, 20]:3f666667,B[17, 1]:3ecccccc,C[17, 1]:4103851f
A[17, 21]:3eeeeef0,B[17, 1]:3f051eb8,C[17, 1]:41095811
A[17, 22]:3d088889,B[17, 1]:3f23d70a,C[17, 1]:4109db23
A[17, 23]:3f19999a,B[17, 1]:3f428f5c,C[17, 1]:4114cccd
A[17, 24]:3e2aaaab,B[17, 1]:3f6147ae,C[17, 1]:411851ec
A[17, 25]:3f3bbbbc,B[17, 1]:0,C[17, 1]:411851ec
A[17, 26]:3e99999a,B[17, 1]:3df5c28f,C[17, 1]:41192f1b
A[17, 27]:3f5ddddf,B[17, 1]:3e75c28f,C[17, 1]:411e2d0f
A[17, 28]:3edddddf,B[17, 1]:3eb851eb,C[17, 1]:4121eb86
A[17, 29]:0,B[17, 1]:3ef5c28f,C[17, 1]:4121eb86
A[17, 0]:3f111112,B[17, 2]:0,C[17, 2]:3f666667
A[17, 1]:3e088889,B[17, 2]:3e23d70a,C[17, 2]:3f6e978e
A[17, 2]:3f333334,B[17, 2]:3ea3d70a,C[17, 2]:3fa24dd4
A[17, 3]:3e888889,B[17, 2]:3ef5c28f,C[17, 2]:3fbae149
A[17, 4]:3f555556,B[17, 2]:3f23d70a,C[17, 2]:4010a3d8
A[17, 5]:3eccccce,B[17, 2]:3f4ccccc,C[17, 2]:402f5c2a
A[17, 6]:3f777778,B[17, 2]:3f75c28f,C[17, 2]:40843958
A[17, 7]:3f088889,B[17, 2]:3df5c28f,C[17, 2]:40874bc7
A[17, 8]:3dccccce,B[17, 2]:3e8f5c29,C[17, 2]:4088a3d7
A[17, 9]:3f2aaaab,B[17, 2]:3ee147ae,C[17, 2]:4096b852
A[17, 10]:3e6eeef0,B[17, 2]:3f199999,C[17, 2]:409d70a4
A[17, 11]:3f4cccce,B[17, 2]:3f428f5c,C[17, 2]:40ba9fbf
A[17, 12]:3ebbbbbc,B[17, 2]:3f6b851e,C[17, 2]:40cad0e6
A[17, 13]:3f6eeef0,B[17, 2]:3da3d70a,C[17, 2]:40ce6667
A[17, 14]:3f000000,B[17, 2]:3e75c28f,C[17, 2]:40d428f6
A[17, 15]:3d888889,B[17, 2]:3ecccccc,C[17, 2]:40d570a4
A[17, 16]:3f222223,B[17, 2]:3f0f5c29,C[17, 2]:40e676c9
A[17, 17]:3e4cccce,B[17, 2]:3f3851eb,C[17, 2]:40ed6042
A[17, 18]:3f444445,B[17, 2]:3f6147ae,C[17, 2]:4106e148
A[17, 19]:3eaaaaab,B[17, 2]:3d23d70a,C[17, 2]:41073334
A[17, 20]:3f666667,B[17, 2]:3e4ccccc,C[17, 2]:410b8520
A[17, 21]:3eeeeef0,B[17, 2]:3eb851eb,C[17, 2]:410f8d51
A[17, 22]:3d088889,B[17, 2]:3f051eb8,C[17, 2]:410ff7d0
A[17, 23]:3f19999a,B[17, 2]:3f2e147b,C[17, 2]:4119c291
A[17, 24]:3e2aaaab,B[17, 2]:3f570a3d,C[17, 2]:411d1eba
A[17, 25]:3f3bbbbc,B[17, 2]:0,C[17, 2]:411d1eba
A[17, 26]:3e99999a,B[17, 2]:3e23d70a,C[17, 2]:411e45a3
A[17, 27]:3f5ddddf,B[17, 2]:3ea3d70a,C[17, 2]:4124ed93
A[17, 28]:3edddddf,B[17, 2]:3ef5c28f,C[17, 2]:4129eb87
A[17, 29]:0,B[17, 2]:3f23d70a,C[17, 2]:4129eb87
A[17, 0]:3f111112,B[17, 3]:0,C[17, 3]:3f3851ec
A[17, 1]:3e088889,B[17, 3]:3e4ccccc,C[17, 3]:3f428f5d
A[17, 2]:3f333334,B[17, 3]:3ecccccc,C[17, 3]:3f970a3e
A[17, 3]:3e888889,B[17, 3]:3f199999,C[17, 3]:3fb5c290
A[17, 4]:3f555556,B[17, 3]:3f4ccccc,C[17, 3]:401ae148
A[17, 5]:3eccccce,B[17, 3]:0,C[17, 3]:401ae148
A[17, 6]:3f777778,B[17, 3]:3e4ccccc,C[17, 3]:402d70a4
A[17, 7]:3f088889,B[17, 3]:3ecccccc,C[17, 3]:4041eb85
A[17, 8]:3dccccce,B[17, 3]:3f199999,C[17, 3]:4047ae14
A[17, 9]:3f2aaaab,B[17, 3]:3f4ccccc,C[17, 3]:407ae147
A[17, 10]:3e6eeef0,B[17, 3]:0,C[17, 3]:407ae147
A[17, 11]:3f4cccce,B[17, 3]:3e4ccccc,C[17, 3]:40851eb8
A[17, 12]:3ebbbbbc,B[17, 3]:3ecccccc,C[17, 3]:408c28f5
A[17, 13]:3f6eeef0,B[17, 3]:3f199999,C[17, 3]:40a70a3d
A[17, 14]:3f000000,B[17, 3]:3f4ccccc,C[17, 3]:40ba3d70
A[17, 15]:3d888889,B[17, 3]:0,C[17, 3]:40ba3d70
A[17, 16]:3f222223,B[17, 3]:3e4ccccc,C[17, 3]:40c051eb
A[17, 17]:3e4cccce,B[17, 3]:3ecccccc,C[17, 3]:40c428f5
A[17, 18]:3f444445,B[17, 3]:3f199999,C[17, 3]:40da3d70
A[17, 19]:3eaaaaab,B[17, 3]:3f4ccccc,C[17, 3]:40e70a3d
A[17, 20]:3f666667,B[17, 3]:0,C[17, 3]:40e70a3d
A[17, 21]:3eeeeef0,B[17, 3]:3e4ccccc,C[17, 3]:40eb851e
A[17, 22]:3d088889,B[17, 3]:3ecccccc,C[17, 3]:40ec28f5
A[17, 23]:3f19999a,B[17, 3]:3f199999,C[17, 3]:40fd70a3
A[17, 24]:3e2aaaab,B[17, 3]:3f4ccccc,C[17, 3]:4101eb85
A[17, 25]:3f3bbbbc,B[17, 3]:0,C[17, 3]:4101eb85
A[17, 26]:3e99999a,B[17, 3]:3e4ccccc,C[17, 3]:41035c29
A[17, 27]:3f5ddddf,B[17, 3]:3ecccccc,C[17, 3]:410bae14
A[17, 28]:3edddddf,B[17, 3]:3f199999,C[17, 3]:4111eb85
A[17, 29]:0,B[17, 3]:3f4ccccc,C[17, 3]:4111eb85
A[17, 0]:3f111112,B[17, 4]:0,C[17, 4]:3f0a3d71
A[17, 1]:3e088889,B[17, 4]:3e75c28f,C[17, 4]:3f16872b
A[17, 2]:3f333334,B[17, 4]:3ef5c28f,C[17, 4]:3f8bc6a8
A[17, 3]:3e888889,B[17, 4]:3f3851eb,C[17, 4]:3fb0a3d7
A[17, 4]:3f555556,B[17, 4]:3f75c28f,C[17, 4]:40251eb8
A[17, 5]:3eccccce,B[17, 4]:3e4ccccc,C[17, 4]:402ccccc
A[17, 6]:3f777778,B[17, 4]:3ee147ae,C[17, 4]:4055a1ca
A[17, 7]:3f088889,B[17, 4]:3f2e147b,C[17, 4]:407872b0
A[17, 8]:3dccccce,B[17, 4]:3f6b851e,C[17, 4]:4080a3d7
A[17, 9]:3f2aaaab,B[17, 4]:3e23d70a,C[17, 4]:4085c28f
A[17, 10]:3e6eeef0,B[17, 4]:3ecccccc,C[17, 4]:408a3d70
A[17, 11]:3f4cccce,B[17, 4]:3f23d70a,C[17, 4]:40a2d0e5
A[17, 12]:3ebbbbbc,B[17, 4]:3f6147ae,C[17, 4]:40b24dd3
A[17, 13]:3f6eeef0,B[17, 4]:3df5c28f,C[17, 4]:40b7ae15
A[17, 14]:3f000000,B[17, 4]:3eb851eb,C[17, 4]:40c051ec
A[17, 15]:3d888889,B[17, 4]:3f199999,C[17, 4]:40c23d71
A[17, 16]:3f222223,B[17, 4]:3f570a3d,C[17, 4]:40dbc6a8
A[17, 17]:3e4cccce,B[17, 4]:3da3d70a,C[17, 4]:40dc8b44
A[17, 18]:3f444445,B[17, 4]:3ea3d70a,C[17, 4]:40e851ec
A[17, 19]:3eaaaaab,B[17, 4]:3f0f5c29,C[17, 4]:40f147af
A[17, 20]:3f666667,B[17, 4]:3f4ccccc,C[17, 4]:4109eb86
A[17, 21]:3eeeeef0,B[17, 4]:3d23d70a,C[17, 4]:410a5e36
A[17, 22]:3d088889,B[17, 4]:3e8f5c29,C[17, 4]:410a978e
A[17, 23]:3f19999a,B[17, 4]:3f051eb8,C[17, 4]:4112147c
A[17, 24]:3e2aaaab,B[17, 4]:3f428f5c,C[17, 4]:41151eb9
A[17, 25]:3f3bbbbc,B[17, 4]:0,C[17, 4]:41151eb9
A[17, 26]:3e99999a,B[17, 4]:3e75c28f,C[17, 4]:4116d917
A[17, 27]:3f5ddddf,B[17, 4]:3ef5c28f,C[17, 4]:4120d4fe
A[17, 28]:3edddddf,B[17, 4]:3f3851eb,C[17, 4]:412851ec
A[17, 29]:0,B[17, 4]:3f75c28f,C[17, 4]:412851ec
A[17, 0]:3f111112,B[17, 5]:0,C[17, 5]:3eb851ec
A[17, 1]:3e088889,B[17, 5]:3e8f5c29,C[17, 5]:3ed4fdf4
A[17, 2]:3f333334,B[17, 5]:3f0f5c29,C[17, 5]:3f808313
A[17, 3]:3e888889,B[17, 5]:3f570a3d,C[17, 5]:3fab8520
A[17, 4]:3f555556,B[17, 5]:3df5c28f,C[17, 5]:3fbeb853
A[17, 5]:3eccccce,B[17, 5]:3ecccccc,C[17, 5]:3fdd70a5
A[17, 6]:3f777778,B[17, 5]:3f2e147b,C[17, 5]:402dd2f2
A[17, 7]:3f088889,B[17, 5]:3f75c28f,C[17, 5]:405ef9dc
A[17, 8]:3dccccce,B[17, 5]:3e75c28f,C[17, 5]:406147af
A[17, 9]:3f2aaaab,B[17, 5]:3f051eb8,C[17, 5]:408147ae
A[17, 10]:3e6eeef0,B[17, 5]:3f4ccccc,C[17, 5]:408a3d71
A[17, 11]:3f4cccce,B[17, 5]:3da3d70a,C[17, 5]:408d4fe0
A[17, 12]:3ebbbbbc,B[17, 5]:3eb851eb,C[17, 5]:4093a5e4
A[17, 13]:3f6eeef0,B[17, 5]:3f23d70a,C[17, 5]:40b051ec
A[17, 14]:3f000000,B[17, 5]:3f6b851e,C[17, 5]:40c66667
A[17, 15]:3d888889,B[17, 5]:3e4ccccc,C[17, 5]:40c70a3e
A[17, 16]:3f222223,B[17, 5]:3ef5c28f,C[17, 5]:40d5a1cb
A[17, 17]:3e4cccce,B[17, 5]:3f428f5c,C[17, 5]:40dced92
A[17, 18]:3f444445,B[17, 5]:3d23d70a,C[17, 5]:40de6667
A[17, 19]:3eaaaaab,B[17, 5]:3ea3d70a,C[17, 5]:40e3851f
A[17, 20]:3f666667,B[17, 5]:3f199999,C[17, 5]:40fd70a4
A[17, 21]:3eeeeef0,B[17, 5]:3f6147ae,C[17, 5]:41089375
A[17, 22]:3d088889,B[17, 5]:3e23d70a,C[17, 5]:4108b43a
A[17, 23]:3f19999a,B[17, 5]:3ee147ae,C[17, 5]:410f0a3e
A[17, 24]:3e2aaaab,B[17, 5]:3f3851eb,C[17, 5]:4111eb86
A[17, 25]:3f3bbbbc,B[17, 5]:0,C[17, 5]:4111eb86
A[17, 26]:3e99999a,B[17, 5]:3e8f5c29,C[17, 5]:4113ef9f
A[17, 27]:3f5ddddf,B[17, 5]:3f0f5c29,C[17, 5]:411f9582
A[17, 28]:3edddddf,B[17, 5]:3f570a3d,C[17, 5]:412851ec
A[17, 29]:0,B[17, 5]:3df5c28f,C[17, 5]:412851ec
A[17, 0]:3f111112,B[17, 6]:0,C[17, 6]:3e3851ec
A[17, 1]:3e088889,B[17, 6]:3ea3d70a,C[17, 6]:3e79db24
A[17, 2]:3f333334,B[17, 6]:3f23d70a,C[17, 6]:3f6a7efb
A[17, 3]:3e888889,B[17, 6]:3f75c28f,C[17, 6]:3fa66667
A[17, 4]:3f555556,B[17, 6]:3e8f5c29,C[17, 6]:3fd33334
A[17, 5]:3eccccce,B[17, 6]:3f199999,C[17, 6]:4000a3d7
A[17, 6]:3f777778,B[17, 6]:3f6b851e,C[17, 6]:40560418
A[17, 7]:3f088889,B[17, 6]:3e75c28f,C[17, 6]:40624dd2
A[17, 8]:3dccccce,B[17, 6]:3f0f5c29,C[17, 6]:4067ae14
A[17, 9]:3f2aaaab,B[17, 6]:3f6147ae,C[17, 6]:40900000
A[17, 10]:3e6eeef0,B[17, 6]:3e4ccccc,C[17, 6]:40923d71
A[17, 11]:3f4cccce,B[17, 6]:3f051eb8,C[17, 6]:40a63540
A[17, 12]:3ebbbbbc,B[17, 6]:3f570a3d,C[17, 6]:40b4fdf4
A[17, 13]:3f6eeef0,B[17, 6]:3e23d70a,C[17, 6]:40bc28f6
A[17, 14]:3f000000,B[17, 6]:3ef5c28f,C[17, 6]:40c7ae15
A[17, 15]:3d888889,B[17, 6]:3f4ccccc,C[17, 6]:40ca3d71
A[17, 16]:3f222223,B[17, 6]:3df5c28f,C[17, 6]:40cde354
A[17, 17]:3e4cccce,B[17, 6]:3ee147ae,C[17, 6]:40d21cac
A[17, 18]:3f444445,B[17, 6]:3f428f5c,C[17, 6]:40ee147b
A[17, 19]:3eaaaaab,B[17, 6]:3da3d70a,C[17, 6]:40ef5c29
A[17, 20]:3f666667,B[17, 6]:3ecccccc,C[17, 6]:410051ec
A[17, 21]:3eeeeef0,B[17, 6]:3f3851eb,C[17, 6]:4108624e
A[17, 22]:3d088889,B[17, 6]:3d23d70a,C[17, 6]:41086a7f
A[17, 23]:3f19999a,B[17, 6]:3eb851eb,C[17, 6]:410d999a
A[17, 24]:3e2aaaab,B[17, 6]:3f2e147b,C[17, 6]:411051ec
A[17, 25]:3f3bbbbc,B[17, 6]:0,C[17, 6]:411051ec
A[17, 26]:3e99999a,B[17, 6]:3ea3d70a,C[17, 6]:41129fbf
A[17, 27]:3f5ddddf,B[17, 6]:3f23d70a,C[17, 6]:411fef9e
A[17, 28]:3edddddf,B[17, 6]:3f75c28f,C[17, 6]:4129eb85
A[17, 29]:0,B[17, 6]:3e8f5c29,C[17, 6]:4129eb85
A[17, 0]:3f111112,B[17, 7]:0,C[17, 7]:0
A[17, 1]:3e088889,B[17, 7]:3eb851eb,C[17, 7]:3d9374bd
A[17, 2]:3f333334,B[17, 7]:3f3851eb,C[17, 7]:3f53f7d0
A[17, 3]:3e888889,B[17, 7]:3da3d70a,C[17, 7]:3f5c28f7
A[17, 4]:3f555556,B[17, 7]:3ee147ae,C[17, 7]:3fb47ae2
A[17, 5]:3eccccce,B[17, 7]:3f4ccccc,C[17, 7]:3ff1eb86
A[17, 6]:3f777778,B[17, 7]:3e23d70a,C[17, 7]:4007ceda
A[17, 7]:3f088889,B[17, 7]:3f051eb8,C[17, 7]:40226e98
A[17, 8]:3dccccce,B[17, 7]:3f6147ae,C[17, 7]:402ae148
A[17, 9]:3f2aaaab,B[17, 7]:3e75c28f,C[17, 7]:403a3d71
A[17, 10]:3e6eeef0,B[17, 7]:3f199999,C[17, 7]:4047ae15
A[17, 11]:3f4cccce,B[17, 7]:3f75c28f,C[17, 7]:4088b43a
A[17, 12]:3ebbbbbc,B[17, 7]:3ea3d70a,C[17, 7]:408e5605
A[17, 13]:3f6eeef0,B[17, 7]:3f2e147b,C[17, 7]:40acccce
A[17, 14]:3f000000,B[17, 7]:3d23d70a,C[17, 7]:40adc291
A[17, 15]:3d888889,B[17, 7]:3ecccccc,C[17, 7]:40af0a3f
A[17, 16]:3f222223,B[17, 7]:3f428f5c,C[17, 7]:40c624df
A[17, 17]:3e4cccce,B[17, 7]:3df5c28f,C[17, 7]:40c74bc8
A[17, 18]:3f444445,B[17, 7]:3ef5c28f,C[17, 7]:40d8f5c4
A[17, 19]:3eaaaaab,B[17, 7]:3f570a3d,C[17, 7]:40e66668
A[17, 20]:3f666667,B[17, 7]:3e4ccccc,C[17, 7]:40ef0a3f
A[17, 21]:3eeeeef0,B[17, 7]:3f0f5c29,C[17, 7]:40fb9583
A[17, 22]:3d088889,B[17, 7]:3f6b851e,C[17, 7]:40fd0e58
A[17, 23]:3f19999a,B[17, 7]:3e8f5c29,C[17, 7]:41028f5d
A[17, 24]:3e2aaaab,B[17, 7]:3f23d70a,C[17, 7]:41051eb9
A[17, 25]:3f3bbbbc,B[17, 7]:0,C[17, 7]:41051eb9
A[17, 26]:3e99999a,B[17, 7]:3eb851eb,C[17, 7]:4107b646
A[17, 27]:3f5ddddf,B[17, 7]:3f3851eb,C[17, 7]:4116b021
A[17, 28]:3edddddf,B[17, 7]:3da3d70a,C[17, 7]:4117851f
A[17, 29]:0,B[17, 7]:3ee147ae,C[17, 7]:4117851f
A[17, 0]:3f111112,B[17, 8]:0,C[17, 8]:3f828f5d
A[17, 1]:3e088889,B[17, 8]:3ecccccc,C[17, 8]:3f8cccce
A[17, 2]:3f333334,B[17, 8]:3f4ccccc,C[17, 8]:3ff851ed
A[17, 3]:3e888889,B[17, 8]:3e4ccccc,C[17, 8]:400147af
A[17, 4]:3f555556,B[17, 8]:3f199999,C[17, 8]:403147af
A[17, 5]:3eccccce,B[17, 8]:0,C[17, 8]:403147af
A[17, 6]:3f777778,B[17, 8]:3ecccccc,C[17, 8]:40566667
A[17, 7]:3f088889,B[17, 8]:3f4ccccc,C[17, 8]:407f5c2a
A[17, 8]:3dccccce,B[17, 8]:3e4ccccc,C[17, 8]:4080a3d8
A[17, 9]:3f2aaaab,B[17, 8]:3f199999,C[17, 8]:4093d70b
A[17, 10]:3e6eeef0,B[17, 8]:0,C[17, 8]:4093d70b
A[17, 11]:3f4cccce,B[17, 8]:3ecccccc,C[17, 8]:40a33334
A[17, 12]:3ebbbbbc,B[17, 8]:3f4ccccc,C[17, 8]:40b147af
A[17, 13]:3f6eeef0,B[17, 8]:3e4ccccc,C[17, 8]:40ba3d72
A[17, 14]:3f000000,B[17, 8]:3f199999,C[17, 8]:40c8a3d8
A[17, 15]:3d888889,B[17, 8]:0,C[17, 8]:40c8a3d8
A[17, 16]:3f222223,B[17, 8]:3ecccccc,C[17, 8]:40d4ccce
A[17, 17]:3e4cccce,B[17, 8]:3f4ccccc,C[17, 8]:40dc7ae2
A[17, 18]:3f444445,B[17, 8]:3e4ccccc,C[17, 8]:40e3d70b
A[17, 19]:3eaaaaab,B[17, 8]:3f199999,C[17, 8]:40ed70a5
A[17, 20]:3f666667,B[17, 8]:0,C[17, 8]:40ed70a5
A[17, 21]:3eeeeef0,B[17, 8]:3ecccccc,C[17, 8]:40f66668
A[17, 22]:3d088889,B[17, 8]:3f4ccccc,C[17, 8]:40f7ae16
A[17, 23]:3f19999a,B[17, 8]:3e4ccccc,C[17, 8]:40fd70a5
A[17, 24]:3e2aaaab,B[17, 8]:3f199999,C[17, 8]:41011eb9
A[17, 25]:3f3bbbbc,B[17, 8]:0,C[17, 8]:41011eb9
A[17, 26]:3e99999a,B[17, 8]:3ecccccc,C[17, 8]:41040001
A[17, 27]:3f5ddddf,B[17, 8]:3f4ccccc,C[17, 8]:4114a3d8
A[17, 28]:3edddddf,B[17, 8]:3e4ccccc,C[17, 8]:4116b853
A[17, 29]:0,B[17, 8]:3f199999,C[17, 8]:4116b853
A[17, 0]:3f111112,B[17, 9]:0,C[17, 9]:3f570a3e
A[17, 1]:3e088889,B[17, 9]:3ee147ae,C[17, 9]:3f6d9169
A[17, 2]:3f333334,B[17, 9]:3f6147ae,C[17, 9]:3fed0e57
A[17, 3]:3e888889,B[17, 9]:3ea3d70a,C[17, 9]:3ffd70a5
A[17, 4]:3f555556,B[17, 9]:3f428f5c,C[17, 9]:403b851f
A[17, 5]:3eccccce,B[17, 9]:3e4ccccc,C[17, 9]:40433333
A[17, 6]:3f777778,B[17, 9]:3f23d70a,C[17, 9]:407e978d
A[17, 7]:3f088889,B[17, 9]:3da3d70a,C[17, 9]:40815810
A[17, 8]:3dccccce,B[17, 9]:3f051eb8,C[17, 9]:4083d70a
A[17, 9]:3f2aaaab,B[17, 9]:3f75c28f,C[17, 9]:40a28f5c
A[17, 10]:3e6eeef0,B[17, 9]:3ecccccc,C[17, 9]:40a70a3d
A[17, 11]:3f4cccce,B[17, 9]:3f570a3d,C[17, 9]:40c74bc6
A[17, 12]:3ebbbbbc,B[17, 9]:3e8f5c29,C[17, 9]:40cc3957
A[17, 13]:3f6eeef0,B[17, 9]:3f3851eb,C[17, 9]:40ec7ae0
A[17, 14]:3f000000,B[17, 9]:3e23d70a,C[17, 9]:40f051ea
A[17, 15]:3d888889,B[17, 9]:3f199999,C[17, 9]:40f23d6f
A[17, 16]:3f222223,B[17, 9]:3d23d70a,C[17, 9]:40f374bb
A[17, 17]:3e4cccce,B[17, 9]:3ef5c28f,C[17, 9]:40f81061
A[17, 18]:3f444445,B[17, 9]:3f6b851e,C[17, 9]:410cf5c2
A[17, 19]:3eaaaaab,B[17, 9]:3eb851eb,C[17, 9]:410fd70a
A[17, 20]:3f666667,B[17, 9]:3f4ccccc,C[17, 9]:41211eb8
A[17, 21]:3eeeeef0,B[17, 9]:3e75c28f,C[17, 9]:4123ced9
A[17, 22]:3d088889,B[17, 9]:3f2e147b,C[17, 9]:41245a1d
A[17, 23]:3f19999a,B[17, 9]:3df5c28f,C[17, 9]:4126147b
A[17, 24]:3e2aaaab,B[17, 9]:3f0f5c29,C[17, 9]:412851ec
A[17, 25]:3f3bbbbc,B[17, 9]:0,C[17, 9]:412851ec
A[17, 26]:3e99999a,B[17, 9]:3ee147ae,C[17, 9]:412b7cee
A[17, 27]:3f5ddddf,B[17, 9]:3f6147ae,C[17, 9]:413dcac1
A[17, 28]:3edddddf,B[17, 9]:3ea3d70a,C[17, 9]:41411eb9
A[17, 29]:0,B[17, 9]:3f428f5c,C[17, 9]:41411eb9
A[17, 0]:3f111112,B[17, 10]:0,C[17, 10]:3f28f5c3
A[17, 1]:3e088889,B[17, 10]:3ef5c28f,C[17, 10]:3f418938
A[17, 2]:3f333334,B[17, 10]:3f75c28f,C[17, 10]:3fe1cac1
A[17, 3]:3e888889,B[17, 10]:3ee147ae,C[17, 10]:3ff851ec
A[17, 4]:3f555556,B[17, 10]:3f6b851e,C[17, 10]:4045c290
A[17, 5]:3eccccce,B[17, 10]:3ecccccc,C[17, 10]:40551eb9
A[17, 6]:3f777778,B[17, 10]:3f6147ae,C[17, 10]:4093645a
A[17, 7]:3f088889,B[17, 10]:3eb851eb,C[17, 10]:409c9ba6
A[17, 8]:3dccccce,B[17, 10]:3f570a3d,C[17, 10]:40a0a3d7
A[17, 9]:3f2aaaab,B[17, 10]:3ea3d70a,C[17, 10]:40aae148
A[17, 10]:3e6eeef0,B[17, 10]:3f4ccccc,C[17, 10]:40b3d70b
A[17, 11]:3f4cccce,B[17, 10]:3e8f5c29,C[17, 10]:40be978e
A[17, 12]:3ebbbbbc,B[17, 10]:3f428f5c,C[17, 10]:40cbf7d0
A[17, 13]:3f6eeef0,B[17, 10]:3e75c28f,C[17, 10]:40d6b853
A[17, 14]:3f000000,B[17, 10]:3f3851eb,C[17, 10]:40e80001
A[17, 15]:3d888889,B[17, 10]:3e4ccccc,C[17, 10]:40e8a3d8
A[17, 16]:3f222223,B[17, 10]:3f2e147b,C[17, 10]:40fd4fe0
A[17, 17]:3e4cccce,B[17, 10]:3e23d70a,C[17, 10]:40fed917
A[17, 18]:3f444445,B[17, 10]:3f23d70a,C[17, 10]:410b3334
A[17, 19]:3eaaaaab,B[17, 10]:3df5c28f,C[17, 10]:410c28f7
A[17, 20]:3f666667,B[17, 10]:3f199999,C[17, 10]:41191eba
A[17, 21]:3eeeeef0,B[17, 10]:3da3d70a,C[17, 10]:411a041a
A[17, 22]:3d088889,B[17, 10]:3f0f5c29,C[17, 10]:411a76ca
A[17, 23]:3f19999a,B[17, 10]:3d23d70a,C[17, 10]:411b0a3f
A[17, 24]:3e2aaaab,B[17, 10]:3f051eb8,C[17, 10]:411d1eba
A[17, 25]:3f3bbbbc,B[17, 10]:0,C[17, 10]:411d1eba
A[17, 26]:3e99999a,B[17, 10]:3ef5c28f,C[17, 10]:41209376
A[17, 27]:3f5ddddf,B[17, 10]:3f75c28f,C[17, 10]:41348b45
A[17, 28]:3edddddf,B[17, 10]:3ee147ae,C[17, 10]:41391eba
A[17, 29]:0,B[17, 10]:3f6b851e,C[17, 10]:41391eba
A[17, 0]:3f111112,B[17, 11]:0,C[17, 11]:3ef5c290
A[17, 1]:3e088889,B[17, 11]:3f051eb8,C[17, 11]:3f158106
A[17, 2]:3f333334,B[17, 11]:3d23d70a,C[17, 11]:3f204189
A[17, 3]:3e888889,B[17, 11]:3f0f5c29,C[17, 11]:3f59999a
A[17, 4]:3f555556,B[17, 11]:3da3d70a,C[17, 11]:3f733334
A[17, 5]:3eccccce,B[17, 11]:3f199999,C[17, 11]:3fa7ae15
A[17, 6]:3f777778,B[17, 11]:3df5c28f,C[17, 11]:3fbdf3b7
A[17, 7]:3f088889,B[17, 11]:3f23d70a,C[17, 11]:3fff7cee
A[17, 8]:3dccccce,B[17, 11]:3e23d70a,C[17, 11]:400147ae
A[17, 9]:3f2aaaab,B[17, 11]:3f2e147b,C[17, 11]:402ccccd
A[17, 10]:3e6eeef0,B[17, 11]:3e4ccccc,C[17, 11]:403147ae
A[17, 11]:3f4cccce,B[17, 11]:3f3851eb,C[17, 11]:40689375
A[17, 12]:3ebbbbbc,B[17, 11]:3e75c28f,C[17, 11]:40710625
A[17, 13]:3f6eeef0,B[17, 11]:3f428f5c,C[17, 11]:409a8f5c
A[17, 14]:3f000000,B[17, 11]:3e8f5c29,C[17, 11]:40a147ae
A[17, 15]:3d888889,B[17, 11]:3f4ccccc,C[17, 11]:40a3d70a
A[17, 16]:3f222223,B[17, 11]:3ea3d70a,C[17, 11]:40ad9168
A[17, 17]:3e4cccce,B[17, 11]:3f570a3d,C[17, 11]:40b5a1ca
A[17, 18]:3f444445,B[17, 11]:3eb851eb,C[17, 11]:40c2e147
A[17, 19]:3eaaaaab,B[17, 11]:3f6147ae,C[17, 11]:40d0f5c2
A[17, 20]:3f666667,B[17, 11]:3ecccccc,C[17, 11]:40e23d70
A[17, 21]:3eeeeef0,B[17, 11]:3f6b851e,C[17, 11]:40f6d916
A[17, 22]:3d088889,B[17, 11]:3ee147ae,C[17, 11]:40f78d4f
A[17, 23]:3f19999a,B[17, 11]:3f75c28f,C[17, 11]:41099999
A[17, 24]:3e2aaaab,B[17, 11]:3ef5c28f,C[17, 11]:410b851e
A[17, 25]:3f3bbbbc,B[17, 11]:0,C[17, 11]:410b851e
A[17, 26]:3e99999a,B[17, 11]:3f051eb8,C[17, 11]:410f4395
A[17, 27]:3f5ddddf,B[17, 11]:3d23d70a,C[17, 11]:41101893
A[17, 28]:3edddddf,B[17, 11]:3f0f5c29,C[17, 11]:4115eb85
A[17, 29]:0,B[17, 11]:3da3d70a,C[17, 11]:4115eb85
A[17, 0]:3f111112,B[17, 12]:0,C[17, 12]:3e99999a
A[17, 1]:3e088889,B[17, 12]:3f0f5c29,C[17, 12]:3ed2f1ab
A[17, 2]:3f333334,B[17, 12]:3df5c28f,C[17, 12]:3f09ba5f
A[17, 3]:3e888889,B[17, 12]:3f2e147b,C[17, 12]:3f4f5c2a
A[17, 4]:3f555556,B[17, 12]:3e75c28f,C[17, 12]:3f8e147b
A[17, 5]:3eccccce,B[17, 12]:3f4ccccc,C[17, 12]:3fcb851f
A[17, 6]:3f777778,B[17, 12]:3eb851eb,C[17, 12]:40072b02
A[17, 7]:3f088889,B[17, 12]:3f6b851e,C[17, 12]:403645a2
A[17, 8]:3dccccce,B[17, 12]:3ef5c28f,C[17, 12]:403ae148
A[17, 9]:3f2aaaab,B[17, 12]:3d23d70a,C[17, 12]:403d70a4
A[17, 10]:3e6eeef0,B[17, 12]:3f199999,C[17, 12]:404ae148
A[17, 11]:3f4cccce,B[17, 12]:3e23d70a,C[17, 12]:40572b02
A[17, 12]:3ebbbbbc,B[17, 12]:3f3851eb,C[17, 12]:40708312
A[17, 13]:3f6eeef0,B[17, 12]:3e8f5c29,C[17, 12]:4084cccd
A[17, 14]:3f000000,B[17, 12]:3f570a3d,C[17, 12]:4098f5c3
A[17, 15]:3d888889,B[17, 12]:3ecccccc,C[17, 12]:409a3d71
A[17, 16]:3f222223,B[17, 12]:3f75c28f,C[17, 12]:40b76c8c
A[17, 17]:3e4cccce,B[17, 12]:3f051eb8,C[17, 12]:40bc6a80
A[17, 18]:3f444445,B[17, 12]:3da3d70a,C[17, 12]:40bf5c2a
A[17, 19]:3eaaaaab,B[17, 12]:3f23d70a,C[17, 12]:40c9999b
A[17, 20]:3f666667,B[17, 12]:3e4ccccc,C[17, 12]:40d23d72
A[17, 21]:3eeeeef0,B[17, 12]:3f428f5c,C[17, 12]:40e34397
A[17, 22]:3d088889,B[17, 12]:3ea3d70a,C[17, 12]:40e3c6a9
A[17, 23]:3f19999a,B[17, 12]:3f6147ae,C[17, 12]:40fd1eba
A[17, 24]:3e2aaaab,B[17, 12]:3ee147ae,C[17, 12]:410051ec
A[17, 25]:3f3bbbbc,B[17, 12]:0,C[17, 12]:410051ec
A[17, 26]:3e99999a,B[17, 12]:3f0f5c29,C[17, 12]:41045a1d
A[17, 27]:3f5ddddf,B[17, 12]:3df5c28f,C[17, 12]:4106d917
A[17, 28]:3edddddf,B[17, 12]:3f2e147b,C[17, 12]:410deb86
A[17, 29]:0,B[17, 12]:3e75c28f,C[17, 12]:410deb86
A[17, 0]:3f111112,B[17, 13]:0,C[17, 13]:3df5c290
A[17, 1]:3e088889,B[17, 13]:3f199999,C[17, 13]:3e75c290
A[17, 2]:3f333334,B[17, 13]:3e4ccccc,C[17, 13]:3ee66667
A[17, 3]:3e888889,B[17, 13]:3f4ccccc,C[17, 13]:3f451eb9
A[17, 4]:3f555556,B[17, 13]:3ecccccc,C[17, 13]:3fa28f5c
A[17, 5]:3eccccce,B[17, 13]:0,C[17, 13]:3fa28f5c
A[17, 6]:3f777778,B[17, 13]:3f199999,C[17, 13]:4008f5c2
A[17, 7]:3f088889,B[17, 13]:3e4ccccc,C[17, 13]:40133333
A[17, 8]:3dccccce,B[17, 13]:3f4ccccc,C[17, 13]:401ae147
A[17, 9]:3f2aaaab,B[17, 13]:3ecccccc,C[17, 13]:40347ae0
A[17, 10]:3e6eeef0,B[17, 13]:0,C[17, 13]:40347ae0
A[17, 11]:3f4cccce,B[17, 13]:3f199999,C[17, 13]:40628f5b
A[17, 12]:3ebbbbbc,B[17, 13]:3e4ccccc,C[17, 13]:40699998
A[17, 13]:3f6eeef0,B[17, 13]:3f4ccccc,C[17, 13]:4098a3d6
A[17, 14]:3f000000,B[17, 13]:3ecccccc,C[17, 13]:40a23d70
A[17, 15]:3d888889,B[17, 13]:0,C[17, 13]:40a23d70
A[17, 16]:3f222223,B[17, 13]:3f199999,C[17, 13]:40b47ae1
A[17, 17]:3e4cccce,B[17, 13]:3e4ccccc,C[17, 13]:40b66666
A[17, 18]:3f444445,B[17, 13]:3f4ccccc,C[17, 13]:40d3d70a
A[17, 19]:3eaaaaab,B[17, 13]:3ecccccc,C[17, 13]:40da3d70
A[17, 20]:3f666667,B[17, 13]:0,C[17, 13]:40da3d70
A[17, 21]:3eeeeef0,B[17, 13]:3f199999,C[17, 13]:40e7ae14
A[17, 22]:3d088889,B[17, 13]:3e4ccccc,C[17, 13]:40e80000
A[17, 23]:3f19999a,B[17, 13]:3f4ccccc,C[17, 13]:40ff0a3d
A[17, 24]:3e2aaaab,B[17, 13]:3ecccccc,C[17, 13]:41011eb8
A[17, 25]:3f3bbbbc,B[17, 13]:0,C[17, 13]:41011eb8
A[17, 26]:3e99999a,B[17, 13]:3f199999,C[17, 13]:410570a4
A[17, 27]:3f5ddddf,B[17, 13]:3e4ccccc,C[17, 13]:4109999a
A[17, 28]:3edddddf,B[17, 13]:3f4ccccc,C[17, 13]:4111eb86
A[17, 29]:0,B[17, 13]:3ecccccc,C[17, 13]:4111eb86
A[17, 0]:3f111112,B[17, 14]:0,C[17, 14]:3f91eb85
A[17, 1]:3e088889,B[17, 14]:3f23d70a,C[17, 14]:3fa24dd3
A[17, 2]:3f333334,B[17, 14]:3e8f5c29,C[17, 14]:3fc7ef9e
A[17, 3]:3e888889,B[17, 14]:3f6b851e,C[17, 14]:3ff70a3e
A[17, 4]:3f555556,B[17, 14]:3f0f5c29,C[17, 14]:402851ec
A[17, 5]:3eccccce,B[17, 14]:3e4ccccc,C[17, 14]:40300000
A[17, 6]:3f777778,B[17, 14]:3f570a3d,C[17, 14]:407df3b6
A[17, 7]:3f088889,B[17, 14]:3ef5c28f,C[17, 14]:408b4395
A[17, 8]:3dccccce,B[17, 14]:3df5c28f,C[17, 14]:408bd70a
A[17, 9]:3f2aaaab,B[17, 14]:3f428f5c,C[17, 14]:40a428f6
A[17, 10]:3e6eeef0,B[17, 14]:3ecccccc,C[17, 14]:40a8a3d7
A[17, 11]:3f4cccce,B[17, 14]:3d23d70a,C[17, 14]:40aa2d0e
A[17, 12]:3ebbbbbc,B[17, 14]:3f2e147b,C[17, 14]:40b624dd
A[17, 13]:3f6eeef0,B[17, 14]:3ea3d70a,C[17, 14]:40c47ae1
A[17, 14]:3f000000,B[17, 14]:3f75c28f,C[17, 14]:40db851e
A[17, 15]:3d888889,B[17, 14]:3f199999,C[17, 14]:40dd70a3
A[17, 16]:3f222223,B[17, 14]:3e75c28f,C[17, 14]:40e4bc6a
A[17, 17]:3e4cccce,B[17, 14]:3f6147ae,C[17, 14]:40ed2f1a
A[17, 18]:3f444445,B[17, 14]:3f051eb8,C[17, 14]:410028f6
A[17, 19]:3eaaaaab,B[17, 14]:3e23d70a,C[17, 14]:410170a4
A[17, 20]:3f666667,B[17, 14]:3f4ccccc,C[17, 14]:4112b852
A[17, 21]:3eeeeef0,B[17, 14]:3ee147ae,C[17, 14]:4117a5e3
A[17, 22]:3d088889,B[17, 14]:3da3d70a,C[17, 14]:4117b645
A[17, 23]:3f19999a,B[17, 14]:3f3851eb,C[17, 14]:4122147a
A[17, 24]:3e2aaaab,B[17, 14]:3eb851eb,C[17, 14]:4123851e
A[17, 25]:3f3bbbbc,B[17, 14]:0,C[17, 14]:4123851e
A[17, 26]:3e99999a,B[17, 14]:3f23d70a,C[17, 14]:412820c4
A[17, 27]:3f5ddddf,B[17, 14]:3e8f5c29,C[17, 14]:412df3b6
A[17, 28]:3edddddf,B[17, 14]:3f6b851e,C[17, 14]:4137851e
A[17, 29]:0,B[17, 14]:3f0f5c29,C[17, 14]:4137851e
A[17, 0]:3f111112,B[17, 15]:0,C[17, 15]:3f75c290
A[17, 1]:3e088889,B[17, 15]:3f2e147b,C[17, 15]:3f8c49bb
A[17, 2]:3f333334,B[17, 15]:3eb851eb,C[17, 15]:3fbcac09
A[17, 3]:3e888889,B[17, 15]:3d23d70a,C[17, 15]:3fbeb853
A[17, 4]:3f555556,B[17, 15]:3f3851eb,C[17, 15]:4018f5c3
A[17, 5]:3eccccce,B[17, 15]:3ecccccc,C[17, 15]:402851ec
A[17, 6]:3f777778,B[17, 15]:3da3d70a,C[17, 15]:402fbe77
A[17, 7]:3f088889,B[17, 15]:3f428f5c,C[17, 15]:4056a7f0
A[17, 8]:3dccccce,B[17, 15]:3ee147ae,C[17, 15]:405ae148
A[17, 9]:3f2aaaab,B[17, 15]:3df5c28f,C[17, 15]:40628f5c
A[17, 10]:3e6eeef0,B[17, 15]:3f4ccccc,C[17, 15]:40747ae1
A[17, 11]:3f4cccce,B[17, 15]:3ef5c28f,C[17, 15]:408cac08
A[17, 12]:3ebbbbbc,B[17, 15]:3e23d70a,C[17, 15]:408f7ced
A[17, 13]:3f6eeef0,B[17, 15]:3f570a3d,C[17, 15]:40b51eb8
A[17, 14]:3f000000,B[17, 15]:3f051eb8,C[17, 15]:40c19999
A[17, 15]:3d888889,B[17, 15]:3e4ccccc,C[17, 15]:40c23d70
A[17, 16]:3f222223,B[17, 15]:3f6147ae,C[17, 15]:40dcfdf3
A[17, 17]:3e4cccce,B[17, 15]:3f0f5c29,C[17, 15]:40e25e35
A[17, 18]:3f444445,B[17, 15]:3e75c28f,C[17, 15]:40eb3333
A[17, 19]:3eaaaaab,B[17, 15]:3f6b851e,C[17, 15]:40f9eb85
A[17, 20]:3f666667,B[17, 15]:3f199999,C[17, 15]:4109eb85
A[17, 21]:3eeeeef0,B[17, 15]:3e8f5c29,C[17, 15]:410d0e56
A[17, 22]:3d088889,B[17, 15]:3f75c28f,C[17, 15]:410dd2f2
A[17, 23]:3f19999a,B[17, 15]:3f23d70a,C[17, 15]:41170a3e
A[17, 24]:3e2aaaab,B[17, 15]:3ea3d70a,C[17, 15]:411851ec
A[17, 25]:3f3bbbbc,B[17, 15]:0,C[17, 15]:411851ec
A[17, 26]:3e99999a,B[17, 15]:3f2e147b,C[17, 15]:411d374c
A[17, 27]:3f5ddddf,B[17, 15]:3eb851eb,C[17, 15]:4124b43a
A[17, 28]:3edddddf,B[17, 15]:3d23d70a,C[17, 15]:41251eb9
A[17, 29]:0,B[17, 15]:3f3851eb,C[17, 15]:41251eb9
A[17, 0]:3f111112,B[17, 16]:0,C[17, 16]:3f47ae16
A[17, 1]:3e088889,B[17, 16]:3f3851eb,C[17, 16]:3f6c8b45
A[17, 2]:3f333334,B[17, 16]:3ee147ae,C[17, 16]:3fb16874
A[17, 3]:3e888889,B[17, 16]:3e23d70a,C[17, 16]:3fb9999b
A[17, 4]:3f555556,B[17, 16]:3f6147ae,C[17, 16]:40233334
A[17, 5]:3eccccce,B[17, 16]:3f199999,C[17, 16]:403a3d71
A[17, 6]:3f777778,B[17, 16]:3ea3d70a,C[17, 16]:4057ef9e
A[17, 7]:3f088889,B[17, 16]:3d23d70a,C[17, 16]:4059fbe8
A[17, 8]:3dccccce,B[17, 16]:3f428f5c,C[17, 16]:406147af
A[17, 9]:3f2aaaab,B[17, 16]:3ef5c28f,C[17, 16]:40800000
A[17, 10]:3e6eeef0,B[17, 16]:3e4ccccc,C[17, 16]:40823d71
A[17, 11]:3f4cccce,B[17, 16]:3f6b851e,C[17, 16]:40a59169
A[17, 12]:3ebbbbbc,B[17, 16]:3f23d70a,C[17, 16]:40b0d4fe
A[17, 13]:3f6eeef0,B[17, 16]:3eb851eb,C[17, 16]:40c0f5c3
A[17, 14]:3f000000,B[17, 16]:3da3d70a,C[17, 16]:40c2e148
A[17, 15]:3d888889,B[17, 16]:3f4ccccc,C[17, 16]:40c570a4
A[17, 16]:3f222223,B[17, 16]:3f051eb8,C[17, 16]:40d53f7d
A[17, 17]:3e4cccce,B[17, 16]:3e75c28f,C[17, 16]:40d78d50
A[17, 18]:3f444445,B[17, 16]:3f75c28f,C[17, 16]:40fae148
A[17, 19]:3eaaaaab,B[17, 16]:3f2e147b,C[17, 16]:4102e148
A[17, 20]:3f666667,B[17, 16]:3ecccccc,C[17, 16]:410b851f
A[17, 21]:3eeeeef0,B[17, 16]:3df5c28f,C[17, 16]:410cdd2f
A[17, 22]:3d088889,B[17, 16]:3f570a3d,C[17, 16]:410d8937
A[17, 23]:3f19999a,B[17, 16]:3f0f5c29,C[17, 16]:41159999
A[17, 24]:3e2aaaab,B[17, 16]:3e8f5c29,C[17, 16]:4116b851
A[17, 25]:3f3bbbbc,B[17, 16]:0,C[17, 16]:4116b851
A[17, 26]:3e99999a,B[17, 16]:3f3851eb,C[17, 16]:411be76c
A[17, 27]:3f5ddddf,B[17, 16]:3ee147ae,C[17, 16]:41250e56
A[17, 28]:3edddddf,B[17, 16]:3e23d70a,C[17, 16]:4126b852
A[17, 29]:0,B[17, 16]:3f6147ae,C[17, 16]:4126b852
A[17, 0]:3f111112,B[17, 17]:0,C[17, 17]:3f19999a
A[17, 1]:3e088889,B[17, 17]:3f428f5c,C[17, 17]:3f408313
A[17, 2]:3f333334,B[17, 17]:3f051eb8,C[17, 17]:3fa624de
A[17, 3]:3e888889,B[17, 17]:3e8f5c29,C[17, 17]:3fb47ae2
A[17, 4]:3f555556,B[17, 17]:3d23d70a,C[17, 17]:3fbae148
A[17, 5]:3eccccce,B[17, 17]:3f4ccccc,C[17, 17]:3ff851ec
A[17, 6]:3f777778,B[17, 17]:3f0f5c29,C[17, 17]:403020c5
A[17, 7]:3f088889,B[17, 17]:3ea3d70a,C[17, 17]:40408313
A[17, 8]:3dccccce,B[17, 17]:3da3d70a,C[17, 17]:404147af
A[17, 9]:3f2aaaab,B[17, 17]:3f570a3d,C[17, 17]:40770a3e
A[17, 10]:3e6eeef0,B[17, 17]:3f199999,C[17, 17]:40823d71
A[17, 11]:3f4cccce,B[17, 17]:3eb851eb,C[17, 17]:40901063
A[17, 12]:3ebbbbbc,B[17, 17]:3df5c28f,C[17, 17]:40922d0f
A[17, 13]:3f6eeef0,B[17, 17]:3f6147ae,C[17, 17]:40b9999a
A[17, 14]:3f000000,B[17, 17]:3f23d70a,C[17, 17]:40c8f5c3
A[17, 15]:3d888889,B[17, 17]:3ecccccc,C[17, 17]:40ca3d71
A[17, 16]:3f222223,B[17, 17]:3e23d70a,C[17, 17]:40cf1aa0
A[17, 17]:3e4cccce,B[17, 17]:3f6b851e,C[17, 17]:40d7ef9e
A[17, 18]:3f444445,B[17, 17]:3f2e147b,C[17, 17]:40f0f5c3
A[17, 19]:3eaaaaab,B[17, 17]:3ee147ae,C[17, 17]:40f80000
A[17, 20]:3f666667,B[17, 17]:3e4ccccc,C[17, 17]:410051ec
A[17, 21]:3eeeeef0,B[17, 17]:3f75c28f,C[17, 17]:410b126f
A[17, 22]:3d088889,B[17, 17]:3f3851eb,C[17, 17]:410ba5e4
A[17, 23]:3f19999a,B[17, 17]:3ef5c28f,C[17, 17]:41128f5d
A[17, 24]:3e2aaaab,B[17, 17]:3e75c28f,C[17, 17]:41138520
A[17, 25]:3f3bbbbc,B[17, 17]:0,C[17, 17]:41138520
A[17, 26]:3e99999a,B[17, 17]:3f428f5c,C[17, 17]:4118fdf5
A[17, 27]:3f5ddddf,B[17, 17]:3f051eb8,C[17, 17]:4123ceda
A[17, 28]:3edddddf,B[17, 17]:3e8f5c29,C[17, 17]:4126b853
A[17, 29]:0,B[17, 17]:3d23d70a,C[17, 17]:4126b853
A[17, 0]:3f111112,B[17, 18]:0,C[17, 18]:3ed70a3e
A[17, 1]:3e088889,B[17, 18]:3f4ccccc,C[17, 18]:3f147ae2
A[17, 2]:3f333334,B[17, 18]:3f199999,C[17, 18]:3f9ae148
A[17, 3]:3e888889,B[17, 18]:3ecccccc,C[17, 18]:3faf5c29
A[17, 4]:3f555556,B[17, 18]:3e4ccccc,C[17, 18]:3fcf5c29
A[17, 5]:3eccccce,B[17, 18]:0,C[17, 18]:3fcf5c29
A[17, 6]:3f777778,B[17, 18]:3f4ccccc,C[17, 18]:4031eb85
A[17, 7]:3f088889,B[17, 18]:3f199999,C[17, 18]:4050a3d7
A[17, 8]:3dccccce,B[17, 18]:3ecccccc,C[17, 18]:40547ae1
A[17, 9]:3f2aaaab,B[17, 18]:3e4ccccc,C[17, 18]:406147ae
A[17, 10]:3e6eeef0,B[17, 18]:0,C[17, 18]:406147ae
A[17, 11]:3f4cccce,B[17, 18]:3f4ccccc,C[17, 18]:408f5c29
A[17, 12]:3ebbbbbc,B[17, 18]:3f199999,C[17, 18]:4099eb85
A[17, 13]:3f6eeef0,B[17, 18]:3ecccccc,C[17, 18]:40abd70a
A[17, 14]:3f000000,B[17, 18]:3e4ccccc,C[17, 18]:40b0a3d7
A[17, 15]:3d888889,B[17, 18]:0,C[17, 18]:40b0a3d7
A[17, 16]:3f222223,B[17, 18]:3f4ccccc,C[17, 18]:40c8f5c2
A[17, 17]:3e4cccce,B[17, 18]:3f199999,C[17, 18]:40ceb851
A[17, 18]:3f444445,B[17, 18]:3ecccccc,C[17, 18]:40dd70a3
A[17, 19]:3eaaaaab,B[17, 18]:3e4ccccc,C[17, 18]:40e0a3d6
A[17, 20]:3f666667,B[17, 18]:0,C[17, 18]:40e0a3d6
A[17, 21]:3eeeeef0,B[17, 18]:3f4ccccc,C[17, 18]:40f28f5b
A[17, 22]:3d088889,B[17, 18]:3f199999,C[17, 18]:40f3851e
A[17, 23]:3f19999a,B[17, 18]:3ecccccc,C[17, 18]:40ff0a3d
A[17, 24]:3e2aaaab,B[17, 18]:3e4ccccc,C[17, 18]:410051eb
A[17, 25]:3f3bbbbc,B[17, 18]:0,C[17, 18]:410051eb
A[17, 26]:3e99999a,B[17, 18]:3f4ccccc,C[17, 18]:4106147a
A[17, 27]:3f5ddddf,B[17, 18]:3f199999,C[17, 18]:41128f5b
A[17, 28]:3edddddf,B[17, 18]:3ecccccc,C[17, 18]:4116b851
A[17, 29]:0,B[17, 18]:3e4ccccc,C[17, 18]:4116b851
A[17, 0]:3f111112,B[17, 19]:0,C[17, 19]:3e75c290
A[17, 1]:3e088889,B[17, 19]:3f570a3d,C[17, 19]:3ed0e561
A[17, 2]:3f333334,B[17, 19]:3f2e147b,C[17, 19]:3f8f9db3
A[17, 3]:3e888889,B[17, 19]:3f051eb8,C[17, 19]:3faa3d72
A[17, 4]:3f555556,B[17, 19]:3eb851eb,C[17, 19]:3fe3d70c
A[17, 5]:3eccccce,B[17, 19]:3e4ccccc,C[17, 19]:3ff33335
A[17, 6]:3f777778,B[17, 19]:3d23d70a,C[17, 19]:3ffa9fc0
A[17, 7]:3f088889,B[17, 19]:3f6147ae,C[17, 19]:402a5e36
A[17, 8]:3dccccce,B[17, 19]:3f3851eb,C[17, 19]:403147af
A[17, 9]:3f2aaaab,B[17, 19]:3f0f5c29,C[17, 19]:40551eb9
A[17, 10]:3e6eeef0,B[17, 19]:3ecccccc,C[17, 19]:405e147c
A[17, 11]:3f4cccce,B[17, 19]:3e75c28f,C[17, 19]:40708314
A[17, 12]:3ebbbbbc,B[17, 19]:3da3d70a,C[17, 19]:407353f9
A[17, 13]:3f6eeef0,B[17, 19]:3f6b851e,C[17, 19]:40a2e148
A[17, 14]:3f000000,B[17, 19]:3f428f5c,C[17, 19]:40b51eb9
A[17, 15]:3d888889,B[17, 19]:3f199999,C[17, 19]:40b70a3e
A[17, 16]:3f222223,B[17, 19]:3ee147ae,C[17, 19]:40c46a80
A[17, 17]:3e4cccce,B[17, 19]:3e8f5c29,C[17, 19]:40c71aa1
A[17, 18]:3f444445,B[17, 19]:3df5c28f,C[17, 19]:40cb8520
A[17, 19]:3eaaaaab,B[17, 19]:3f75c28f,C[17, 19]:40dae149
A[17, 20]:3f666667,B[17, 19]:3f4ccccc,C[17, 19]:40fd70a5
A[17, 21]:3eeeeef0,B[17, 19]:3f23d70a,C[17, 19]:4105e355
A[17, 22]:3d088889,B[17, 19]:3ef5c28f,C[17, 19]:410645a3
A[17, 23]:3f19999a,B[17, 19]:3ea3d70a,C[17, 19]:410ae149
A[17, 24]:3e2aaaab,B[17, 19]:3e23d70a,C[17, 19]:410b8520
A[17, 25]:3f3bbbbc,B[17, 19]:0,C[17, 19]:410b8520
A[17, 26]:3e99999a,B[17, 19]:3f570a3d,C[17, 19]:4111916a
A[17, 27]:3f5ddddf,B[17, 19]:3f2e147b,C[17, 19]:411fb647
A[17, 28]:3edddddf,B[17, 19]:3f051eb8,C[17, 19]:41251eba
A[17, 29]:0,B[17, 19]:3eb851eb,C[17, 19]:41251eba
A[17, 0]:3f111112,B[17, 20]:0,C[17, 20]:3d75c290
A[17, 1]:3e088889,B[17, 20]:3f6147ae,C[17, 20]:3e71a9fd
A[17, 2]:3f333334,B[17, 20]:3f428f5c,C[17, 20]:3f845a1d
A[17, 3]:3e888889,B[17, 20]:3f23d70a,C[17, 20]:3fa51eb9
A[17, 4]:3f555556,B[17, 20]:3f051eb8,C[17, 20]:3ff851ec
A[17, 5]:3eccccce,B[17, 20]:3ecccccc,C[17, 20]:400b851f
A[17, 6]:3f777778,B[17, 20]:3e8f5c29,C[17, 20]:40258106
A[17, 7]:3f088889,B[17, 20]:3e23d70a,C[17, 20]:402db22d
A[17, 8]:3dccccce,B[17, 20]:3d23d70a,C[17, 20]:402e147b
A[17, 9]:3f2aaaab,B[17, 20]:3f6b851e,C[17, 20]:4068f5c2
A[17, 10]:3e6eeef0,B[17, 20]:3f4ccccc,C[17, 20]:407ae147
A[17, 11]:3f4cccce,B[17, 20]:3f2e147b,C[17, 20]:40978d50
A[17, 12]:3ebbbbbc,B[17, 20]:3f0f5c29,C[17, 20]:40a16873
A[17, 13]:3f6eeef0,B[17, 20]:3ee147ae,C[17, 20]:40b51eb9
A[17, 14]:3f000000,B[17, 20]:3ea3d70a,C[17, 20]:40bccccd
A[17, 15]:3d888889,B[17, 20]:3e4ccccc,C[17, 20]:40bd70a4
A[17, 16]:3f222223,B[17, 20]:3da3d70a,C[17, 20]:40bfdf3c
A[17, 17]:3e4cccce,B[17, 20]:3f75c28f,C[17, 20]:40c91688
A[17, 18]:3f444445,B[17, 20]:3f570a3d,C[17, 20]:40e80001
A[17, 19]:3eaaaaab,B[17, 20]:3f3851eb,C[17, 20]:40f38520
A[17, 20]:3f666667,B[17, 20]:3f199999,C[17, 20]:4106b852
A[17, 21]:3eeeeef0,B[17, 20]:3ef5c28f,C[17, 20]:410c1894
A[17, 22]:3d088889,B[17, 20]:3eb851eb,C[17, 20]:410c624e
A[17, 23]:3f19999a,B[17, 20]:3e75c28f,C[17, 20]:410fd70a
A[17, 24]:3e2aaaab,B[17, 20]:3df5c28f,C[17, 20]:411051eb
A[17, 25]:3f3bbbbc,B[17, 20]:0,C[17, 20]:411051eb
A[17, 26]:3e99999a,B[17, 20]:3f6147ae,C[17, 20]:4116a7ef
A[17, 27]:3f5ddddf,B[17, 20]:3f428f5c,C[17, 20]:412676c8
A[17, 28]:3edddddf,B[17, 20]:3f23d70a,C[17, 20]:412d1eb8
A[17, 29]:0,B[17, 20]:3f051eb8,C[17, 20]:412d1eb8
A[17, 0]:3f111112,B[17, 21]:0,C[17, 21]:3f8a3d71
A[17, 1]:3e088889,B[17, 21]:3f6b851e,C[17, 21]:3fa1cac1
A[17, 2]:3f333334,B[17, 21]:3f570a3d,C[17, 21]:40095811
A[17, 3]:3e888889,B[17, 21]:3f428f5c,C[17, 21]:401cccce
A[17, 4]:3f555556,B[17, 21]:3f2e147b,C[17, 21]:40533334
A[17, 5]:3eccccce,B[17, 21]:3f199999,C[17, 21]:406a3d71
A[17, 6]:3f777778,B[17, 21]:3f051eb8,C[17, 21]:408d3f7d
A[17, 7]:3f088889,B[17, 21]:3ee147ae,C[17, 21]:40988313
A[17, 8]:3dccccce,B[17, 21]:3eb851eb,C[17, 21]:409a3d71
A[17, 9]:3f2aaaab,B[17, 21]:3e8f5c29,C[17, 21]:40a33334
A[17, 10]:3e6eeef0,B[17, 21]:3e4ccccc,C[17, 21]:40a570a5
A[17, 11]:3f4cccce,B[17, 21]:3df5c28f,C[17, 21]:40aa0c4b
A[17, 12]:3ebbbbbc,B[17, 21]:3d23d70a,C[17, 21]:40aac084
A[17, 13]:3f6eeef0,B[17, 21]:3f75c28f,C[17, 21]:40d5c290
A[17, 14]:3f000000,B[17, 21]:3f6147ae,C[17, 21]:40eae148
A[17, 15]:3d888889,B[17, 21]:3f4ccccc,C[17, 21]:40ed70a4
A[17, 16]:3f222223,B[17, 21]:3f3851eb,C[17, 21]:4101a9fc
A[17, 17]:3e4cccce,B[17, 21]:3f23d70a,C[17, 21]:4104bc6b
A[17, 18]:3f444445,B[17, 21]:3f0f5c29,C[17, 21]:410f0a3e
A[17, 19]:3eaaaaab,B[17, 21]:3ef5c28f,C[17, 21]:4112e148
A[17, 20]:3f666667,B[17, 21]:3ecccccc,C[17, 21]:411b851f
A[17, 21]:3eeeeef0,B[17, 21]:3ea3d70a,C[17, 21]:411f1aa0
A[17, 22]:3d088889,B[17, 21]:3e75c28f,C[17, 21]:411f4bc7
A[17, 23]:3f19999a,B[17, 21]:3e23d70a,C[17, 21]:4121999a
A[17, 24]:3e2aaaab,B[17, 21]:3da3d70a,C[17, 21]:4121eb86
A[17, 25]:3f3bbbbc,B[17, 21]:0,C[17, 21]:4121eb86
A[17, 26]:3e99999a,B[17, 21]:3f6b851e,C[17, 21]:41288b44
A[17, 27]:3f5ddddf,B[17, 21]:3f570a3d,C[17, 21]:413a0419
A[17, 28]:3edddddf,B[17, 21]:3f428f5c,C[17, 21]:4141eb86
A[17, 29]:0,B[17, 21]:3f2e147b,C[17, 21]:4141eb86
A[17, 0]:3f111112,B[17, 22]:0,C[17, 22]:3f666667
A[17, 1]:3e088889,B[17, 22]:3f75c28f,C[17, 22]:3f8bc6a8
A[17, 2]:3f333334,B[17, 22]:3f6b851e,C[17, 22]:4003b646
A[17, 3]:3e888889,B[17, 22]:3f6147ae,C[17, 22]:401a3d71
A[17, 4]:3f555556,B[17, 22]:3f570a3d,C[17, 22]:405d70a4
A[17, 5]:3eccccce,B[17, 22]:3f4ccccc,C[17, 22]:407c28f6
A[17, 6]:3f777778,B[17, 22]:3f428f5c,C[17, 22]:40a15810
A[17, 7]:3f088889,B[17, 22]:3f3851eb,C[17, 22]:40b3c6a8
A[17, 8]:3dccccce,B[17, 22]:3f2e147b,C[17, 22]:40b70a3e
A[17, 9]:3f2aaaab,B[17, 22]:3f23d70a,C[17, 22]:40cb851f
A[17, 10]:3e6eeef0,B[17, 22]:3f199999,C[17, 22]:40d23d71
A[17, 11]:3f4cccce,B[17, 22]:3f0f5c29,C[17, 22]:40e7be77
A[17, 12]:3ebbbbbc,B[17, 22]:3f051eb8,C[17, 22]:40f0e560
A[17, 13]:3f6eeef0,B[17, 22]:3ef5c28f,C[17, 22]:41033333
A[17, 14]:3f000000,B[17, 22]:3ee147ae,C[17, 22]:41087ae1
A[17, 15]:3d888889,B[17, 22]:3ecccccc,C[17, 22]:41091eb8
A[17, 16]:3f222223,B[17, 22]:3eb851eb,C[17, 22]:410e978d
A[17, 17]:3e4cccce,B[17, 22]:3ea3d70a,C[17, 22]:411020c4
A[17, 18]:3f444445,B[17, 22]:3e8f5c29,C[17, 22]:411547ae
A[17, 19]:3eaaaaab,B[17, 22]:3e75c28f,C[17, 22]:41173333
A[17, 20]:3f666667,B[17, 22]:3e4ccccc,C[17, 22]:411b851e
A[17, 21]:3eeeeef0,B[17, 22]:3e23d70a,C[17, 22]:411d4fdf
A[17, 22]:3d088889,B[17, 22]:3df5c28f,C[17, 22]:411d6872
A[17, 23]:3f19999a,B[17, 22]:3da3d70a,C[17, 22]:411e8f5b
A[17, 24]:3e2aaaab,B[17, 22]:3d23d70a,C[17, 22]:411eb851
A[17, 25]:3f3bbbbc,B[17, 22]:0,C[17, 22]:411eb851
A[17, 26]:3e99999a,B[17, 22]:3f75c28f,C[17, 22]:4125a1ca
A[17, 27]:3f5ddddf,B[17, 22]:3f6b851e,C[17, 22]:4138c49b
A[17, 28]:3edddddf,B[17, 22]:3f6147ae,C[17, 22]:4141eb84
A[17, 29]:0,B[17, 22]:3f570a3d,C[17, 22]:4141eb84
A[17, 0]:3f111112,B[17, 23]:0,C[17, 23]:3f3851ec
A[17, 1]:3e088889,B[17, 23]:0,C[17, 23]:3f3851ec
A[17, 2]:3f333334,B[17, 23]:0,C[17, 23]:3f3851ec
A[17, 3]:3e888889,B[17, 23]:0,C[17, 23]:3f3851ec
A[17, 4]:3f555556,B[17, 23]:0,C[17, 23]:3f3851ec
A[17, 5]:3eccccce,B[17, 23]:0,C[17, 23]:3f3851ec
A[17, 6]:3f777778,B[17, 23]:0,C[17, 23]:3f3851ec
A[17, 7]:3f088889,B[17, 23]:0,C[17, 23]:3f3851ec
A[17, 8]:3dccccce,B[17, 23]:0,C[17, 23]:3f3851ec
A[17, 9]:3f2aaaab,B[17, 23]:0,C[17, 23]:3f3851ec
A[17, 10]:3e6eeef0,B[17, 23]:0,C[17, 23]:3f3851ec
A[17, 11]:3f4cccce,B[17, 23]:0,C[17, 23]:3f3851ec
A[17, 12]:3ebbbbbc,B[17, 23]:0,C[17, 23]:3f3851ec
A[17, 13]:3f6eeef0,B[17, 23]:0,C[17, 23]:3f3851ec
A[17, 14]:3f000000,B[17, 23]:0,C[17, 23]:3f3851ec
A[17, 15]:3d888889,B[17, 23]:0,C[17, 23]:3f3851ec
A[17, 16]:3f222223,B[17, 23]:0,C[17, 23]:3f3851ec
A[17, 17]:3e4cccce,B[17, 23]:0,C[17, 23]:3f3851ec
A[17, 18]:3f444445,B[17, 23]:0,C[17, 23]:3f3851ec
A[17, 19]:3eaaaaab,B[17, 23]:0,C[17, 23]:3f3851ec
A[17, 20]:3f666667,B[17, 23]:0,C[17, 23]:3f3851ec
A[17, 21]:3eeeeef0,B[17, 23]:0,C[17, 23]:3f3851ec
A[17, 22]:3d088889,B[17, 23]:0,C[17, 23]:3f3851ec
A[17, 23]:3f19999a,B[17, 23]:0,C[17, 23]:3f3851ec
A[17, 24]:3e2aaaab,B[17, 23]:0,C[17, 23]:3f3851ec
A[17, 25]:3f3bbbbc,B[17, 23]:0,C[17, 23]:3f3851ec
A[17, 26]:3e99999a,B[17, 23]:0,C[17, 23]:3f3851ec
A[17, 27]:3f5ddddf,B[17, 23]:0,C[17, 23]:3f3851ec
A[17, 28]:3edddddf,B[17, 23]:0,C[17, 23]:3f3851ec
A[17, 29]:0,B[17, 23]:0,C[17, 23]:3f3851ec
A[17, 0]:3f111112,B[17, 24]:0,C[17, 24]:3f0a3d71
A[17, 1]:3e088889,B[17, 24]:3d23d70a,C[17, 24]:3f0c49bb
A[17, 2]:3f333334,B[17, 24]:3da3d70a,C[17, 24]:3f21cac1
A[17, 3]:3e888889,B[17, 24]:3df5c28f,C[17, 24]:3f2e147b
A[17, 4]:3f555556,B[17, 24]:3e23d70a,C[17, 24]:3f6147ae
A[17, 5]:3eccccce,B[17, 24]:3e4ccccc,C[17, 24]:3f800000
A[17, 6]:3f777778,B[17, 24]:3e75c28f,C[17, 24]:3fac8b44
A[17, 7]:3f088889,B[17, 24]:3e8f5c29,C[17, 24]:3fc9374c
A[17, 8]:3dccccce,B[17, 24]:3ea3d70a,C[17, 24]:3fcf5c29
A[17, 9]:3f2aaaab,B[17, 24]:3eb851eb,C[17, 24]:3ffd70a4
A[17, 10]:3e6eeef0,B[17, 24]:3ecccccc,C[17, 24]:4007ae15
A[17, 11]:3f4cccce,B[17, 24]:3ee147ae,C[17, 24]:402978d6
A[17, 12]:3ebbbbbc,B[17, 24]:3ef5c28f,C[17, 24]:403a5e36
A[17, 13]:3f6eeef0,B[17, 24]:3f051eb8,C[17, 24]:4068f5c4
A[17, 14]:3f000000,B[17, 24]:3f0f5c29,C[17, 24]:4081eb86
A[17, 15]:3d888889,B[17, 24]:3f199999,C[17, 24]:4083d70b
A[17, 16]:3f222223,B[17, 24]:3f23d70a,C[17, 24]:40974bc8
A[17, 17]:3e4cccce,B[17, 24]:3f2e147b,C[17, 24]:409dd2f3
A[17, 18]:3f444445,B[17, 24]:3f3851eb,C[17, 24]:40b851ed
A[17, 19]:3eaaaaab,B[17, 24]:3f428f5c,C[17, 24]:40c47ae3
A[17, 20]:3f666667,B[17, 24]:3f4ccccc,C[17, 24]:40e70a3f
A[17, 21]:3eeeeef0,B[17, 24]:3f570a3d,C[17, 24]:40f9db24
A[17, 22]:3d088889,B[17, 24]:3f6147ae,C[17, 24]:40fb4397
A[17, 23]:3f19999a,B[17, 24]:3f6b851e,C[17, 24]:410ae148
A[17, 24]:3e2aaaab,B[17, 24]:3f75c28f,C[17, 24]:410eb852
A[17, 25]:3f3bbbbc,B[17, 24]:0,C[17, 24]:410eb852
A[17, 26]:3e99999a,B[17, 24]:3d23d70a,C[17, 24]:410f020c
A[17, 27]:3f5ddddf,B[17, 24]:3da3d70a,C[17, 24]:4110ac08
A[17, 28]:3edddddf,B[17, 24]:3df5c28f,C[17, 24]:4111eb85
A[17, 29]:0,B[17, 24]:3e23d70a,C[17, 24]:4111eb85

done computing: 17, print C
C[17, 0]:410d1eb8,C[17, 1]:4121eb86,C[17, 2]:4129eb87,C[17, 3]:4111eb85,C[17, 4]:412851ec,C[17, 5]:412851ec,C[17, 6]:4129eb85,C[17, 7]:4117851f,C[17, 8]:4116b853,C[17, 9]:41411eb9,C[17, 10]:41391eba,C[17, 11]:4115eb85,C[17, 12]:410deb86,C[17, 13]:4111eb86,C[17, 14]:4137851e,C[17, 15]:41251eb9,C[17, 16]:4126b852,C[17, 17]:4126b853,C[17, 18]:4116b851,C[17, 19]:41251eba,C[17, 20]:412d1eb8,C[17, 21]:4141eb86,C[17, 22]:4141eb84,C[17, 23]:3f3851ec,C[17, 24]:4111eb85,

//========================

Init I: 18
C[18, 0]:3d4ccccd->3d75c290,C[18, 1]:3f733333->3f91eb85,C[18, 2]:3f59999a->3f828f5d,C[18, 3]:3f400000->3f666667,C[18, 4]:3f266667->3f47ae16,C[18, 5]:3f0ccccd->3f28f5c3,C[18, 6]:3ee66667->3f0a3d71,C[18, 7]:3eb33333->3ed70a3e,C[18, 8]:3e800000->3e99999a,C[18, 9]:3e19999a->3e3851ec,C[18, 10]:3d4ccccd->3d75c290,C[18, 11]:3f733333->3f91eb85,C[18, 12]:3f59999a->3f828f5d,C[18, 13]:3f400000->3f666667,C[18, 14]:3f266667->3f47ae16,C[18, 15]:3f0ccccd->3f28f5c3,C[18, 16]:3ee66667->3f0a3d71,C[18, 17]:3eb33333->3ed70a3e,C[18, 18]:3e800000->3e99999a,C[18, 19]:3e19999a->3e3851ec,C[18, 20]:3d4ccccd->3d75c290,C[18, 21]:3f733333->3f91eb85,C[18, 22]:3f59999a->3f828f5d,C[18, 23]:3f400000->3f666667,C[18, 24]:3f266667->3f47ae16,
Start computing: 18
A[18, 0]:3f19999a,B[18, 0]:0,C[18, 0]:3d75c290
A[18, 1]:3e4cccce,B[18, 0]:3da3d70a,C[18, 0]:3dac0832
A[18, 2]:3f4cccce,B[18, 0]:3e23d70a,C[18, 0]:3e8d4fe0
A[18, 3]:3eccccce,B[18, 0]:3e75c28f,C[18, 0]:3ed70a3e
A[18, 4]:0,B[18, 0]:3ea3d70a,C[18, 0]:3ed70a3e
A[18, 5]:3f19999a,B[18, 0]:3ecccccc,C[18, 0]:3f47ae14
A[18, 6]:3e4cccce,B[18, 0]:3ef5c28f,C[18, 0]:3f6c8b43
A[18, 7]:3f4cccce,B[18, 0]:3f0f5c29,C[18, 0]:3fcc49ba
A[18, 8]:3eccccce,B[18, 0]:3f23d70a,C[18, 0]:3ffd70a4
A[18, 9]:0,B[18, 0]:3f3851eb,C[18, 0]:3ffd70a4
A[18, 10]:3f19999a,B[18, 0]:3f4ccccc,C[18, 0]:402ccccd
A[18, 11]:3e4cccce,B[18, 0]:3f6147ae,C[18, 0]:403db22d
A[18, 12]:3f4cccce,B[18, 0]:3f75c28f,C[18, 0]:4083b646
A[18, 13]:3eccccce,B[18, 0]:3d23d70a,C[18, 0]:40847ae2
A[18, 14]:0,B[18, 0]:3df5c28f,C[18, 0]:40847ae2
A[18, 15]:3f19999a,B[18, 0]:3e4ccccc,C[18, 0]:408a3d71
A[18, 16]:3e4cccce,B[18, 0]:3e8f5c29,C[18, 0]:408ced92
A[18, 17]:3f4cccce,B[18, 0]:3eb851eb,C[18, 0]:409ac084
A[18, 18]:3eccccce,B[18, 0]:3ee147ae,C[18, 0]:40a33334
A[18, 19]:0,B[18, 0]:3f051eb8,C[18, 0]:40a33334
A[18, 20]:3f19999a,B[18, 0]:3f199999,C[18, 0]:40b47ae2
A[18, 21]:3e4cccce,B[18, 0]:3f2e147b,C[18, 0]:40bb020d
A[18, 22]:3f4cccce,B[18, 0]:3f428f5c,C[18, 0]:40d83128
A[18, 23]:3eccccce,B[18, 0]:3f570a3d,C[18, 0]:40e851ed
A[18, 24]:0,B[18, 0]:3f6b851e,C[18, 0]:40e851ed
A[18, 25]:3f19999a,B[18, 0]:0,C[18, 0]:40e851ed
A[18, 26]:3e4cccce,B[18, 0]:3da3d70a,C[18, 0]:40e91689
A[18, 27]:3f4cccce,B[18, 0]:3e23d70a,C[18, 0]:40ef3b66
A[18, 28]:3eccccce,B[18, 0]:3e75c28f,C[18, 0]:40f3d70c
A[18, 29]:0,B[18, 0]:3ea3d70a,C[18, 0]:40f3d70c
A[18, 0]:3f19999a,B[18, 1]:0,C[18, 1]:3f91eb85
A[18, 1]:3e4cccce,B[18, 1]:3df5c28f,C[18, 1]:3f96872b
A[18, 2]:3f4cccce,B[18, 1]:3e75c28f,C[18, 1]:3fbb645a
A[18, 3]:3eccccce,B[18, 1]:3eb851eb,C[18, 1]:3fd70a3d
A[18, 4]:0,B[18, 1]:3ef5c28f,C[18, 1]:3fd70a3d
A[18, 5]:3f19999a,B[18, 1]:3f199999,C[18, 1]:400e147a
A[18, 6]:3e4cccce,B[18, 1]:3f3851eb,C[18, 1]:401be76c
A[18, 7]:3f4cccce,B[18, 1]:3f570a3d,C[18, 1]:405c6a7e
A[18, 8]:3eccccce,B[18, 1]:3f75c28f,C[18, 1]:4080a3d7
A[18, 9]:0,B[18, 1]:3da3d70a,C[18, 1]:4080a3d7
A[18, 10]:3f19999a,B[18, 1]:3e4ccccc,C[18, 1]:40866666
A[18, 11]:3e4cccce,B[18, 1]:3ea3d70a,C[18, 1]:408978d5
A[18, 12]:3f4cccce,B[18, 1]:3ee147ae,C[18, 1]:409a5e35
A[18, 13]:3eccccce,B[18, 1]:3f0f5c29,C[18, 1]:40a51eb8
A[18, 14]:0,B[18, 1]:3f2e147b,C[18, 1]:40a51eb8
A[18, 15]:3f19999a,B[18, 1]:3f4ccccc,C[18, 1]:40bc28f5
A[18, 16]:3e4cccce,B[18, 1]:3f6b851e,C[18, 1]:40c4fdf3
A[18, 17]:3f4cccce,B[18, 1]:3d23d70a,C[18, 1]:40c6872a
A[18, 18]:3eccccce,B[18, 1]:3e23d70a,C[18, 1]:40c99999
A[18, 19]:0,B[18, 1]:3e8f5c29,C[18, 1]:40c99999
A[18, 20]:3f19999a,B[18, 1]:3ecccccc,C[18, 1]:40d51eb8
A[18, 21]:3e4cccce,B[18, 1]:3f051eb8,C[18, 1]:40da1cac
A[18, 22]:3f4cccce,B[18, 1]:3f23d70a,C[18, 1]:40f2b021
A[18, 23]:3eccccce,B[18, 1]:3f428f5c,C[18, 1]:4100a3d7
A[18, 24]:0,B[18, 1]:3f6147ae,C[18, 1]:4100a3d7
A[18, 25]:3f19999a,B[18, 1]:0,C[18, 1]:4100a3d7
A[18, 26]:3e4cccce,B[18, 1]:3df5c28f,C[18, 1]:4101374c
A[18, 27]:3f4cccce,B[18, 1]:3e75c28f,C[18, 1]:4105d2f2
A[18, 28]:3eccccce,B[18, 1]:3eb851eb,C[18, 1]:410947ae
A[18, 29]:0,B[18, 1]:3ef5c28f,C[18, 1]:410947ae
A[18, 0]:3f19999a,B[18, 2]:0,C[18, 2]:3f828f5d
A[18, 1]:3e4cccce,B[18, 2]:3e23d70a,C[18, 2]:3f88b43a
A[18, 2]:3f4cccce,B[18, 2]:3ea3d70a,C[18, 2]:3fb9db24
A[18, 3]:3eccccce,B[18, 2]:3ef5c28f,C[18, 2]:3fdeb853
A[18, 4]:0,B[18, 2]:3f23d70a,C[18, 2]:3fdeb853
A[18, 5]:3f19999a,B[18, 2]:3f4ccccc,C[18, 2]:401d70a4
A[18, 6]:3e4cccce,B[18, 2]:3f75c28f,C[18, 2]:402fdf3c
A[18, 7]:3f4cccce,B[18, 2]:3df5c28f,C[18, 2]:40391688
A[18, 8]:3eccccce,B[18, 2]:3e8f5c29,C[18, 2]:4043d70b
A[18, 9]:0,B[18, 2]:3ee147ae,C[18, 2]:4043d70b
A[18, 10]:3f19999a,B[18, 2]:3f199999,C[18, 2]:40666667
A[18, 11]:3e4cccce,B[18, 2]:3f428f5c,C[18, 2]:4074fdf4
A[18, 12]:3f4cccce,B[18, 2]:3f6b851e,C[18, 2]:409dd2f2
A[18, 13]:3eccccce,B[18, 2]:3da3d70a,C[18, 2]:409f5c29
A[18, 14]:0,B[18, 2]:3e75c28f,C[18, 2]:409f5c29
A[18, 15]:3f19999a,B[18, 2]:3ecccccc,C[18, 2]:40aae148
A[18, 16]:3e4cccce,B[18, 2]:3f0f5c29,C[18, 2]:40b0418a
A[18, 17]:3f4cccce,B[18, 2]:3f3851eb,C[18, 2]:40cbe76d
A[18, 18]:3eccccce,B[18, 2]:3f6147ae,C[18, 2]:40dccccd
A[18, 19]:0,B[18, 2]:3d23d70a,C[18, 2]:40dccccd
A[18, 20]:3f19999a,B[18, 2]:3e4ccccc,C[18, 2]:40e28f5c
A[18, 21]:3e4cccce,B[18, 2]:3eb851eb,C[18, 2]:40e60418
A[18, 22]:3f4cccce,B[18, 2]:3f051eb8,C[18, 2]:40f9fbe7
A[18, 23]:3eccccce,B[18, 2]:3f2e147b,C[18, 2]:4103851f
A[18, 24]:0,B[18, 2]:3f570a3d,C[18, 2]:4103851f
A[18, 25]:3f19999a,B[18, 2]:0,C[18, 2]:4103851f
A[18, 26]:3e4cccce,B[18, 2]:3e23d70a,C[18, 2]:410449bb
A[18, 27]:3f4cccce,B[18, 2]:3ea3d70a,C[18, 2]:410a6e98
A[18, 28]:3eccccce,B[18, 2]:3ef5c28f,C[18, 2]:410f0a3e
A[18, 29]:0,B[18, 2]:3f23d70a,C[18, 2]:410f0a3e
A[18, 0]:3f19999a,B[18, 3]:0,C[18, 3]:3f666667
A[18, 1]:3e4cccce,B[18, 3]:3e4ccccc,C[18, 3]:3f75c290
A[18, 2]:3f4cccce,B[18, 3]:3ecccccc,C[18, 3]:3fb851ec
A[18, 3]:3eccccce,B[18, 3]:3f199999,C[18, 3]:3fe66667
A[18, 4]:0,B[18, 3]:3f4ccccc,C[18, 3]:3fe66667
A[18, 5]:3f19999a,B[18, 3]:0,C[18, 3]:3fe66667
A[18, 6]:3e4cccce,B[18, 3]:3e4ccccc,C[18, 3]:3fee147b
A[18, 7]:3f4cccce,B[18, 3]:3ecccccc,C[18, 3]:4015c28f
A[18, 8]:3eccccce,B[18, 3]:3f199999,C[18, 3]:402ccccc
A[18, 9]:0,B[18, 3]:3f4ccccc,C[18, 3]:402ccccc
A[18, 10]:3f19999a,B[18, 3]:0,C[18, 3]:402ccccc
A[18, 11]:3e4cccce,B[18, 3]:3e4ccccc,C[18, 3]:4030a3d6
A[18, 12]:3f4cccce,B[18, 3]:3ecccccc,C[18, 3]:404f5c28
A[18, 13]:3eccccce,B[18, 3]:3f199999,C[18, 3]:40666665
A[18, 14]:0,B[18, 3]:3f4ccccc,C[18, 3]:40666665
A[18, 15]:3f19999a,B[18, 3]:0,C[18, 3]:40666665
A[18, 16]:3e4cccce,B[18, 3]:3e4ccccc,C[18, 3]:406a3d6f
A[18, 17]:3f4cccce,B[18, 3]:3ecccccc,C[18, 3]:40847ae0
A[18, 18]:3eccccce,B[18, 3]:3f199999,C[18, 3]:408fffff
A[18, 19]:0,B[18, 3]:3f4ccccc,C[18, 3]:408fffff
A[18, 20]:3f19999a,B[18, 3]:0,C[18, 3]:408fffff
A[18, 21]:3e4cccce,B[18, 3]:3e4ccccc,C[18, 3]:4091eb84
A[18, 22]:3f4cccce,B[18, 3]:3ecccccc,C[18, 3]:40a147ad
A[18, 23]:3eccccce,B[18, 3]:3f199999,C[18, 3]:40accccc
A[18, 24]:0,B[18, 3]:3f4ccccc,C[18, 3]:40accccc
A[18, 25]:3f19999a,B[18, 3]:0,C[18, 3]:40accccc
A[18, 26]:3e4cccce,B[18, 3]:3e4ccccc,C[18, 3]:40aeb851
A[18, 27]:3f4cccce,B[18, 3]:3ecccccc,C[18, 3]:40be147a
A[18, 28]:3eccccce,B[18, 3]:3f199999,C[18, 3]:40c99999
A[18, 29]:0,B[18, 3]:3f4ccccc,C[18, 3]:40c99999
A[18, 0]:3f19999a,B[18, 4]:0,C[18, 4]:3f47ae16
A[18, 1]:3e4cccce,B[18, 4]:3e75c28f,C[18, 4]:3f5a1cae
A[18, 2]:3f4cccce,B[18, 4]:3ef5c28f,C[18, 4]:3fb6c8b6
A[18, 3]:3eccccce,B[18, 4]:3f3851eb,C[18, 4]:3fee147d
A[18, 4]:0,B[18, 4]:3f75c28f,C[18, 4]:3fee147d
A[18, 5]:3f19999a,B[18, 4]:3e4ccccc,C[18, 4]:40028f5d
A[18, 6]:3e4cccce,B[18, 4]:3ee147ae,C[18, 4]:400b020d
A[18, 7]:3f4cccce,B[18, 4]:3f2e147b,C[18, 4]:403f3b65
A[18, 8]:3eccccce,B[18, 4]:3f6b851e,C[18, 4]:40628f5d
A[18, 9]:0,B[18, 4]:3e23d70a,C[18, 4]:40628f5d
A[18, 10]:3f19999a,B[18, 4]:3ecccccc,C[18, 4]:4079999a
A[18, 11]:3e4cccce,B[18, 4]:3f23d70a,C[18, 4]:4082f1aa
A[18, 12]:3f4cccce,B[18, 4]:3f6147ae,C[18, 4]:40a4bc6a
A[18, 13]:3eccccce,B[18, 4]:3df5c28f,C[18, 4]:40a70a3d
A[18, 14]:0,B[18, 4]:3eb851eb,C[18, 4]:40a70a3d
A[18, 15]:3f19999a,B[18, 4]:3f199999,C[18, 4]:40b851eb
A[18, 16]:3e4cccce,B[18, 4]:3f570a3d,C[18, 4]:40c0624d
A[18, 17]:3f4cccce,B[18, 4]:3da3d70a,C[18, 4]:40c374bc
A[18, 18]:3eccccce,B[18, 4]:3ea3d70a,C[18, 4]:40c99999
A[18, 19]:0,B[18, 4]:3f0f5c29,C[18, 4]:40c99999
A[18, 20]:3f19999a,B[18, 4]:3f4ccccc,C[18, 4]:40e0a3d6
A[18, 21]:3e4cccce,B[18, 4]:3d23d70a,C[18, 4]:40e10624
A[18, 22]:3f4cccce,B[18, 4]:3e8f5c29,C[18, 4]:40ebc6a7
A[18, 23]:3eccccce,B[18, 4]:3f051eb8,C[18, 4]:40f5c28e
A[18, 24]:0,B[18, 4]:3f428f5c,C[18, 4]:40f5c28e
A[18, 25]:3f19999a,B[18, 4]:0,C[18, 4]:40f5c28e
A[18, 26]:3e4cccce,B[18, 4]:3e75c28f,C[18, 4]:40f81061
A[18, 27]:3f4cccce,B[18, 4]:3ef5c28f,C[18, 4]:41053f7c
A[18, 28]:3eccccce,B[18, 4]:3f3851eb,C[18, 4]:410c28f5
A[18, 29]:0,B[18, 4]:3f75c28f,C[18, 4]:410c28f5
A[18, 0]:3f19999a,B[18, 5]:0,C[18, 5]:3f28f5c3
A[18, 1]:3e4cccce,B[18, 5]:3e8f5c29,C[18, 5]:3f3e76c9
A[18, 2]:3f4cccce,B[18, 5]:3f0f5c29,C[18, 5]:3fb53f7e
A[18, 3]:3eccccce,B[18, 5]:3f570a3d,C[18, 5]:3ff5c290
A[18, 4]:0,B[18, 5]:3df5c28f,C[18, 5]:3ff5c290
A[18, 5]:3f19999a,B[18, 5]:3ecccccc,C[18, 5]:4011eb85
A[18, 6]:3e4cccce,B[18, 5]:3f2e147b,C[18, 5]:401ef9db
A[18, 7]:3f4cccce,B[18, 5]:3f75c28f,C[18, 5]:4068b43a
A[18, 8]:3eccccce,B[18, 5]:3e75c28f,C[18, 5]:4071eb86
A[18, 9]:0,B[18, 5]:3f051eb8,C[18, 5]:4071eb86
A[18, 10]:3f19999a,B[18, 5]:3f4ccccc,C[18, 5]:40900000
A[18, 11]:3e4cccce,B[18, 5]:3da3d70a,C[18, 5]:4090c49c
A[18, 12]:3f4cccce,B[18, 5]:3eb851eb,C[18, 5]:409e978e
A[18, 13]:3eccccce,B[18, 5]:3f23d70a,C[18, 5]:40aae148
A[18, 14]:0,B[18, 5]:3f6b851e,C[18, 5]:40aae148
A[18, 15]:3f19999a,B[18, 5]:3e4ccccc,C[18, 5]:40b0a3d7
A[18, 16]:3e4cccce,B[18, 5]:3ef5c28f,C[18, 5]:40b53f7d
A[18, 17]:3f4cccce,B[18, 5]:3f428f5c,C[18, 5]:40d26e98
A[18, 18]:3eccccce,B[18, 5]:3d23d70a,C[18, 5]:40d33334
A[18, 19]:0,B[18, 5]:3ea3d70a,C[18, 5]:40d33334
A[18, 20]:3f19999a,B[18, 5]:3f199999,C[18, 5]:40e47ae2
A[18, 21]:3e4cccce,B[18, 5]:3f6147ae,C[18, 5]:40eced92
A[18, 22]:3f4cccce,B[18, 5]:3e23d70a,C[18, 5]:40f3126f
A[18, 23]:3eccccce,B[18, 5]:3ee147ae,C[18, 5]:40fb851f
A[18, 24]:0,B[18, 5]:3f3851eb,C[18, 5]:40fb851f
A[18, 25]:3f19999a,B[18, 5]:0,C[18, 5]:40fb851f
A[18, 26]:3e4cccce,B[18, 5]:3e8f5c29,C[18, 5]:40fe3540
A[18, 27]:3f4cccce,B[18, 5]:3f0f5c29,C[18, 5]:4109db23
A[18, 28]:3eccccce,B[18, 5]:3f570a3d,C[18, 5]:4111eb85
A[18, 29]:0,B[18, 5]:3df5c28f,C[18, 5]:4111eb85
A[18, 0]:3f19999a,B[18, 6]:0,C[18, 6]:3f0a3d71
A[18, 1]:3e4cccce,B[18, 6]:3ea3d70a,C[18, 6]:3f22d0e6
A[18, 2]:3f4cccce,B[18, 6]:3f23d70a,C[18, 6]:3fb3b646
A[18, 3]:3eccccce,B[18, 6]:3f75c28f,C[18, 6]:3ffd70a4
A[18, 4]:0,B[18, 6]:3e8f5c29,C[18, 6]:3ffd70a4
A[18, 5]:3f19999a,B[18, 6]:3f199999,C[18, 6]:402147ae
A[18, 6]:3e4cccce,B[18, 6]:3f6b851e,C[18, 6]:4032f1aa
A[18, 7]:3f4cccce,B[18, 6]:3e75c28f,C[18, 6]:40456042
A[18, 8]:3eccccce,B[18, 6]:3f0f5c29,C[18, 6]:405ae148
A[18, 9]:0,B[18, 6]:3f6147ae,C[18, 6]:405ae148
A[18, 10]:3f19999a,B[18, 6]:3e4ccccc,C[18, 6]:40666667
A[18, 11]:3e4cccce,B[18, 6]:3f051eb8,C[18, 6]:4070624e
A[18, 12]:3f4cccce,B[18, 6]:3f570a3d,C[18, 6]:409872b0
A[18, 13]:3eccccce,B[18, 6]:3e23d70a,C[18, 6]:409b851f
A[18, 14]:0,B[18, 6]:3ef5c28f,C[18, 6]:409b851f
A[18, 15]:3f19999a,B[18, 6]:3f4ccccc,C[18, 6]:40b28f5c
A[18, 16]:3e4cccce,B[18, 6]:3df5c28f,C[18, 6]:40b3b645
A[18, 17]:3f4cccce,B[18, 6]:3ee147ae,C[18, 6]:40c49ba5
A[18, 18]:3eccccce,B[18, 6]:3f428f5c,C[18, 6]:40d33332
A[18, 19]:0,B[18, 6]:3da3d70a,C[18, 6]:40d33332
A[18, 20]:3f19999a,B[18, 6]:3ecccccc,C[18, 6]:40deb851
A[18, 21]:3e4cccce,B[18, 6]:3f3851eb,C[18, 6]:40e5a1ca
A[18, 22]:3f4cccce,B[18, 6]:3d23d70a,C[18, 6]:40e72b01
A[18, 23]:3eccccce,B[18, 6]:3eb851eb,C[18, 6]:40ee147a
A[18, 24]:0,B[18, 6]:3f2e147b,C[18, 6]:40ee147a
A[18, 25]:3f19999a,B[18, 6]:0,C[18, 6]:40ee147a
A[18, 26]:3e4cccce,B[18, 6]:3ea3d70a,C[18, 6]:40f126e9
A[18, 27]:3f4cccce,B[18, 6]:3f23d70a,C[18, 6]:4104dd2f
A[18, 28]:3eccccce,B[18, 6]:3f75c28f,C[18, 6]:410e147b
A[18, 29]:0,B[18, 6]:3e8f5c29,C[18, 6]:410e147b
A[18, 0]:3f19999a,B[18, 7]:0,C[18, 7]:3ed70a3e
A[18, 1]:3e4cccce,B[18, 7]:3eb851eb,C[18, 7]:3f072b02
A[18, 2]:3f4cccce,B[18, 7]:3f3851eb,C[18, 7]:3fb22d0e
A[18, 3]:3eccccce,B[18, 7]:3da3d70a,C[18, 7]:3fb851eb
A[18, 4]:0,B[18, 7]:3ee147ae,C[18, 7]:3fb851eb
A[18, 5]:3f19999a,B[18, 7]:3f4ccccc,C[18, 7]:400a3d70
A[18, 6]:3e4cccce,B[18, 7]:3e23d70a,C[18, 7]:400d4fdf
A[18, 7]:3f4cccce,B[18, 7]:3f051eb8,C[18, 7]:40353f7d
A[18, 8]:3eccccce,B[18, 7]:3f6147ae,C[18, 7]:40570a3e
A[18, 9]:0,B[18, 7]:3e75c28f,C[18, 7]:40570a3e
A[18, 10]:3f19999a,B[18, 7]:3f199999,C[18, 7]:4079999a
A[18, 11]:3e4cccce,B[18, 7]:3f75c28f,C[18, 7]:40860419
A[18, 12]:3f4cccce,B[18, 7]:3ea3d70a,C[18, 7]:40924dd3
A[18, 13]:3eccccce,B[18, 7]:3f2e147b,C[18, 7]:409f5c29
A[18, 14]:0,B[18, 7]:3d23d70a,C[18, 7]:409f5c29
A[18, 15]:3f19999a,B[18, 7]:3ecccccc,C[18, 7]:40aae148
A[18, 16]:3e4cccce,B[18, 7]:3f428f5c,C[18, 7]:40b22d0f
A[18, 17]:3f4cccce,B[18, 7]:3df5c28f,C[18, 7]:40b6c8b5
A[18, 18]:3eccccce,B[18, 7]:3ef5c28f,C[18, 7]:40c00001
A[18, 19]:0,B[18, 7]:3f570a3d,C[18, 7]:40c00001
A[18, 20]:3f19999a,B[18, 7]:3e4ccccc,C[18, 7]:40c5c290
A[18, 21]:3e4cccce,B[18, 7]:3f0f5c29,C[18, 7]:40cb22d2
A[18, 22]:3f4cccce,B[18, 7]:3f6b851e,C[18, 7]:40ee76ca
A[18, 23]:3eccccce,B[18, 7]:3e8f5c29,C[18, 7]:40f3d70c
A[18, 24]:0,B[18, 7]:3f23d70a,C[18, 7]:40f3d70c
A[18, 25]:3f19999a,B[18, 7]:0,C[18, 7]:40f3d70c
A[18, 26]:3e4cccce,B[18, 7]:3eb851eb,C[18, 7]:40f74bc8
A[18, 27]:3f4cccce,B[18, 7]:3f3851eb,C[18, 7]:410978d6
A[18, 28]:3eccccce,B[18, 7]:3da3d70a,C[18, 7]:410a3d72
A[18, 29]:0,B[18, 7]:3ee147ae,C[18, 7]:410a3d72
A[18, 0]:3f19999a,B[18, 8]:0,C[18, 8]:3e99999a
A[18, 1]:3e4cccce,B[18, 8]:3ecccccc,C[18, 8]:3ed70a3e
A[18, 2]:3f4cccce,B[18, 8]:3f4ccccc,C[18, 8]:3fb0a3d7
A[18, 3]:3eccccce,B[18, 8]:3e4ccccc,C[18, 8]:3fc00000
A[18, 4]:0,B[18, 8]:3f199999,C[18, 8]:3fc00000
A[18, 5]:3f19999a,B[18, 8]:0,C[18, 8]:3fc00000
A[18, 6]:3e4cccce,B[18, 8]:3ecccccc,C[18, 8]:3fcf5c29
A[18, 7]:3f4cccce,B[18, 8]:3f4ccccc,C[18, 8]:40251eb8
A[18, 8]:3eccccce,B[18, 8]:3e4ccccc,C[18, 8]:402ccccc
A[18, 9]:0,B[18, 8]:3f199999,C[18, 8]:402ccccc
A[18, 10]:3f19999a,B[18, 8]:0,C[18, 8]:402ccccc
A[18, 11]:3e4cccce,B[18, 8]:3ecccccc,C[18, 8]:40347ae0
A[18, 12]:3f4cccce,B[18, 8]:3f4ccccc,C[18, 8]:4071eb84
A[18, 13]:3eccccce,B[18, 8]:3e4ccccc,C[18, 8]:40799998
A[18, 14]:0,B[18, 8]:3f199999,C[18, 8]:40799998
A[18, 15]:3f19999a,B[18, 8]:0,C[18, 8]:40799998
A[18, 16]:3e4cccce,B[18, 8]:3ecccccc,C[18, 8]:4080a3d6
A[18, 17]:3f4cccce,B[18, 8]:3f4ccccc,C[18, 8]:409f5c28
A[18, 18]:3eccccce,B[18, 8]:3e4ccccc,C[18, 8]:40a33332
A[18, 19]:0,B[18, 8]:3f199999,C[18, 8]:40a33332
A[18, 20]:3f19999a,B[18, 8]:0,C[18, 8]:40a33332
A[18, 21]:3e4cccce,B[18, 8]:3ecccccc,C[18, 8]:40a70a3c
A[18, 22]:3f4cccce,B[18, 8]:3f4ccccc,C[18, 8]:40c5c28e
A[18, 23]:3eccccce,B[18, 8]:3e4ccccc,C[18, 8]:40c99998
A[18, 24]:0,B[18, 8]:3f199999,C[18, 8]:40c99998
A[18, 25]:3f19999a,B[18, 8]:0,C[18, 8]:40c99998
A[18, 26]:3e4cccce,B[18, 8]:3ecccccc,C[18, 8]:40cd70a2
A[18, 27]:3f4cccce,B[18, 8]:3f4ccccc,C[18, 8]:40ec28f4
A[18, 28]:3eccccce,B[18, 8]:3e4ccccc,C[18, 8]:40effffe
A[18, 29]:0,B[18, 8]:3f199999,C[18, 8]:40effffe
A[18, 0]:3f19999a,B[18, 9]:0,C[18, 9]:3e3851ec
A[18, 1]:3e4cccce,B[18, 9]:3ee147ae,C[18, 9]:3e9fbe77
A[18, 2]:3f4cccce,B[18, 9]:3f6147ae,C[18, 9]:3faf1aa0
A[18, 3]:3eccccce,B[18, 9]:3ea3d70a,C[18, 9]:3fc7ae15
A[18, 4]:0,B[18, 9]:3f428f5c,C[18, 9]:3fc7ae15
A[18, 5]:3f19999a,B[18, 9]:3e4ccccc,C[18, 9]:3fdeb852
A[18, 6]:3e4cccce,B[18, 9]:3f23d70a,C[18, 9]:3ff74bc7
A[18, 7]:3f4cccce,B[18, 9]:3da3d70a,C[18, 9]:4001cac1
A[18, 8]:3eccccce,B[18, 9]:3f051eb8,C[18, 9]:4015c290
A[18, 9]:0,B[18, 9]:3f75c28f,C[18, 9]:4015c290
A[18, 10]:3f19999a,B[18, 9]:3ecccccc,C[18, 9]:402ccccd
A[18, 11]:3e4cccce,B[18, 9]:3f570a3d,C[18, 9]:403ced92
A[18, 12]:3f4cccce,B[18, 9]:3e8f5c29,C[18, 9]:40526e98
A[18, 13]:3eccccce,B[18, 9]:3f3851eb,C[18, 9]:406e147b
A[18, 14]:0,B[18, 9]:3e23d70a,C[18, 9]:406e147b
A[18, 15]:3f19999a,B[18, 9]:3f199999,C[18, 9]:408851ec
A[18, 16]:3e4cccce,B[18, 9]:3d23d70a,C[18, 9]:4088b43a
A[18, 17]:3f4cccce,B[18, 9]:3ef5c28f,C[18, 9]:409b22d2
A[18, 18]:3eccccce,B[18, 9]:3f6b851e,C[18, 9]:40acccce
A[18, 19]:0,B[18, 9]:3eb851eb,C[18, 9]:40acccce
A[18, 20]:3f19999a,B[18, 9]:3f4ccccc,C[18, 9]:40c3d70b
A[18, 21]:3e4cccce,B[18, 9]:3e75c28f,C[18, 9]:40c624de
A[18, 22]:3f4cccce,B[18, 9]:3f2e147b,C[18, 9]:40e0418a
A[18, 23]:3eccccce,B[18, 9]:3df5c28f,C[18, 9]:40e28f5d
A[18, 24]:0,B[18, 9]:3f0f5c29,C[18, 9]:40e28f5d
A[18, 25]:3f19999a,B[18, 9]:0,C[18, 9]:40e28f5d
A[18, 26]:3e4cccce,B[18, 9]:3ee147ae,C[18, 9]:40e6c8b5
A[18, 27]:3f4cccce,B[18, 9]:3f6147ae,C[18, 9]:410449bb
A[18, 28]:3eccccce,B[18, 9]:3ea3d70a,C[18, 9]:41075c2a
A[18, 29]:0,B[18, 9]:3f428f5c,C[18, 9]:41075c2a
A[18, 0]:3f19999a,B[18, 10]:0,C[18, 10]:3d75c290
A[18, 1]:3e4cccce,B[18, 10]:3ef5c28f,C[18, 10]:3e50e561
A[18, 2]:3f4cccce,B[18, 10]:3f75c28f,C[18, 10]:3fad9169
A[18, 3]:3eccccce,B[18, 10]:3ee147ae,C[18, 10]:3fcf5c2a
A[18, 4]:0,B[18, 10]:3f6b851e,C[18, 10]:3fcf5c2a
A[18, 5]:3f19999a,B[18, 10]:3ecccccc,C[18, 10]:3ffd70a5
A[18, 6]:3e4cccce,B[18, 10]:3f6147ae,C[18, 10]:400f9db3
A[18, 7]:3f4cccce,B[18, 10]:3eb851eb,C[18, 10]:402b4396
A[18, 8]:3eccccce,B[18, 10]:3f570a3d,C[18, 10]:404b851f
A[18, 9]:0,B[18, 10]:3ea3d70a,C[18, 10]:404b851f
A[18, 10]:3f19999a,B[18, 10]:3f4ccccc,C[18, 10]:4079999a
A[18, 11]:3e4cccce,B[18, 10]:3e8f5c29,C[18, 10]:407ef9dc
A[18, 12]:3f4cccce,B[18, 10]:3f428f5c,C[18, 10]:409cac09
A[18, 13]:3eccccce,B[18, 10]:3e75c28f,C[18, 10]:40a147af
A[18, 14]:0,B[18, 10]:3f3851eb,C[18, 10]:40a147af
A[18, 15]:3f19999a,B[18, 10]:3e4ccccc,C[18, 10]:40a70a3e
A[18, 16]:3e4cccce,B[18, 10]:3f2e147b,C[18, 10]:40ad9169
A[18, 17]:3f4cccce,B[18, 10]:3e23d70a,C[18, 10]:40b3b646
A[18, 18]:3eccccce,B[18, 10]:3f23d70a,C[18, 10]:40c00000
A[18, 19]:0,B[18, 10]:3df5c28f,C[18, 10]:40c00000
A[18, 20]:3f19999a,B[18, 10]:3f199999,C[18, 10]:40d147ae
A[18, 21]:3e4cccce,B[18, 10]:3da3d70a,C[18, 10]:40d20c4a
A[18, 22]:3f4cccce,B[18, 10]:3f0f5c29,C[18, 10]:40e78d50
A[18, 23]:3eccccce,B[18, 10]:3d23d70a,C[18, 10]:40e851ec
A[18, 24]:0,B[18, 10]:3f051eb8,C[18, 10]:40e851ec
A[18, 25]:3f19999a,B[18, 10]:0,C[18, 10]:40e851ec
A[18, 26]:3e4cccce,B[18, 10]:3ef5c28f,C[18, 10]:40eced92
A[18, 27]:3f4cccce,B[18, 10]:3f75c28f,C[18, 10]:4108e561
A[18, 28]:3eccccce,B[18, 10]:3ee147ae,C[18, 10]:410d1eb9
A[18, 29]:0,B[18, 10]:3f6b851e,C[18, 10]:410d1eb9
A[18, 0]:3f19999a,B[18, 11]:0,C[18, 11]:3f91eb85
A[18, 1]:3e4cccce,B[18, 11]:3f051eb8,C[18, 11]:3fa5e354
A[18, 2]:3f4cccce,B[18, 11]:3d23d70a,C[18, 11]:3fac0831
A[18, 3]:3eccccce,B[18, 11]:3f0f5c29,C[18, 11]:3fd70a3e
A[18, 4]:0,B[18, 11]:3da3d70a,C[18, 11]:3fd70a3e
A[18, 5]:3f19999a,B[18, 11]:3f199999,C[18, 11]:400e147b
A[18, 6]:3e4cccce,B[18, 11]:3df5c28f,C[18, 11]:4010624e
A[18, 7]:3f4cccce,B[18, 11]:3f23d70a,C[18, 11]:40418938
A[18, 8]:3eccccce,B[18, 11]:3e23d70a,C[18, 11]:4047ae15
A[18, 9]:0,B[18, 11]:3f2e147b,C[18, 11]:4047ae15
A[18, 10]:3f19999a,B[18, 11]:3e4ccccc,C[18, 11]:40533334
A[18, 11]:3e4cccce,B[18, 11]:3f3851eb,C[18, 11]:40610626
A[18, 12]:3f4cccce,B[18, 11]:3e75c28f,C[18, 11]:407374be
A[18, 13]:3eccccce,B[18, 11]:3f428f5c,C[18, 11]:408851ec
A[18, 14]:0,B[18, 11]:3e8f5c29,C[18, 11]:408851ec
A[18, 15]:3f19999a,B[18, 11]:3f4ccccc,C[18, 11]:409f5c29
A[18, 16]:3e4cccce,B[18, 11]:3ea3d70a,C[18, 11]:40a26e98
A[18, 17]:3f4cccce,B[18, 11]:3f570a3d,C[18, 11]:40c2b021
A[18, 18]:3eccccce,B[18, 11]:3eb851eb,C[18, 11]:40c9999a
A[18, 19]:0,B[18, 11]:3f6147ae,C[18, 11]:40c9999a
A[18, 20]:3f19999a,B[18, 11]:3ecccccc,C[18, 11]:40d51eb9
A[18, 21]:3e4cccce,B[18, 11]:3f6b851e,C[18, 11]:40ddf3b7
A[18, 22]:3f4cccce,B[18, 11]:3ee147ae,C[18, 11]:40eed917
A[18, 23]:3eccccce,B[18, 11]:3f75c28f,C[18, 11]:4100a3d7
A[18, 24]:0,B[18, 11]:3ef5c28f,C[18, 11]:4100a3d7
A[18, 25]:3f19999a,B[18, 11]:0,C[18, 11]:4100a3d7
A[18, 26]:3e4cccce,B[18, 11]:3f051eb8,C[18, 11]:410322d1
A[18, 27]:3f4cccce,B[18, 11]:3d23d70a,C[18, 11]:4103e76d
A[18, 28]:3eccccce,B[18, 11]:3f0f5c29,C[18, 11]:410947af
A[18, 29]:0,B[18, 11]:3da3d70a,C[18, 11]:410947af
A[18, 0]:3f19999a,B[18, 12]:0,C[18, 12]:3f828f5d
A[18, 1]:3e4cccce,B[18, 12]:3f0f5c29,C[18, 12]:3f981063
A[18, 2]:3f4cccce,B[18, 12]:3df5c28f,C[18, 12]:3faa7efb
A[18, 3]:3eccccce,B[18, 12]:3f2e147b,C[18, 12]:3fdeb853
A[18, 4]:0,B[18, 12]:3e75c28f,C[18, 12]:3fdeb853
A[18, 5]:3f19999a,B[18, 12]:3f4ccccc,C[18, 12]:401d70a4
A[18, 6]:3e4cccce,B[18, 12]:3eb851eb,C[18, 12]:40245a1d
A[18, 7]:3f4cccce,B[18, 12]:3f6b851e,C[18, 12]:406b020c
A[18, 8]:3eccccce,B[18, 12]:3ef5c28f,C[18, 12]:407d70a4
A[18, 9]:0,B[18, 12]:3d23d70a,C[18, 12]:407d70a4
A[18, 10]:3f19999a,B[18, 12]:3f199999,C[18, 12]:40900000
A[18, 11]:3e4cccce,B[18, 12]:3e23d70a,C[18, 12]:40918937
A[18, 12]:3f4cccce,B[18, 12]:3f3851eb,C[18, 12]:40ad2f1a
A[18, 13]:3eccccce,B[18, 12]:3e8f5c29,C[18, 12]:40b28f5c
A[18, 14]:0,B[18, 12]:3f570a3d,C[18, 12]:40b28f5c
A[18, 15]:3f19999a,B[18, 12]:3ecccccc,C[18, 12]:40be147b
A[18, 16]:3e4cccce,B[18, 12]:3f75c28f,C[18, 12]:40c74bc7
A[18, 17]:3f4cccce,B[18, 12]:3f051eb8,C[18, 12]:40db4396
A[18, 18]:3eccccce,B[18, 12]:3da3d70a,C[18, 12]:40dccccd
A[18, 19]:0,B[18, 12]:3f23d70a,C[18, 12]:40dccccd
A[18, 20]:3f19999a,B[18, 12]:3e4ccccc,C[18, 12]:40e28f5c
A[18, 21]:3e4cccce,B[18, 12]:3f428f5c,C[18, 12]:40e9db23
A[18, 22]:3f4cccce,B[18, 12]:3ea3d70a,C[18, 12]:40f624dd
A[18, 23]:3eccccce,B[18, 12]:3f6147ae,C[18, 12]:4103851f
A[18, 24]:0,B[18, 12]:3ee147ae,C[18, 12]:4103851f
A[18, 25]:3f19999a,B[18, 12]:0,C[18, 12]:4103851f
A[18, 26]:3e4cccce,B[18, 12]:3f0f5c29,C[18, 12]:41063540
A[18, 27]:3f4cccce,B[18, 12]:3df5c28f,C[18, 12]:41088313
A[18, 28]:3eccccce,B[18, 12]:3f2e147b,C[18, 12]:410f0a3e
A[18, 29]:0,B[18, 12]:3e75c28f,C[18, 12]:410f0a3e
A[18, 0]:3f19999a,B[18, 13]:0,C[18, 13]:3f666667
A[18, 1]:3e4cccce,B[18, 13]:3f199999,C[18, 13]:3f8a3d71
A[18, 2]:3f4cccce,B[18, 13]:3e4ccccc,C[18, 13]:3fa8f5c3
A[18, 3]:3eccccce,B[18, 13]:3f4ccccc,C[18, 13]:3fe66667
A[18, 4]:0,B[18, 13]:3ecccccc,C[18, 13]:3fe66667
A[18, 5]:3f19999a,B[18, 13]:0,C[18, 13]:3fe66667
A[18, 6]:3e4cccce,B[18, 13]:3f199999,C[18, 13]:3ffd70a4
A[18, 7]:3f4cccce,B[18, 13]:3e4ccccc,C[18, 13]:400e147b
A[18, 8]:3eccccce,B[18, 13]:3f4ccccc,C[18, 13]:402ccccd
A[18, 9]:0,B[18, 13]:3ecccccc,C[18, 13]:402ccccd
A[18, 10]:3f19999a,B[18, 13]:0,C[18, 13]:402ccccd
A[18, 11]:3e4cccce,B[18, 13]:3f199999,C[18, 13]:403851ec
A[18, 12]:3f4cccce,B[18, 13]:3e4ccccc,C[18, 13]:4047ae15
A[18, 13]:3eccccce,B[18, 13]:3f4ccccc,C[18, 13]:40666667
A[18, 14]:0,B[18, 13]:3ecccccc,C[18, 13]:40666667
A[18, 15]:3f19999a,B[18, 13]:0,C[18, 13]:40666667
A[18, 16]:3e4cccce,B[18, 13]:3f199999,C[18, 13]:4071eb86
A[18, 17]:3f4cccce,B[18, 13]:3e4ccccc,C[18, 13]:4080a3d7
A[18, 18]:3eccccce,B[18, 13]:3f4ccccc,C[18, 13]:40900000
A[18, 19]:0,B[18, 13]:3ecccccc,C[18, 13]:40900000
A[18, 20]:3f19999a,B[18, 13]:0,C[18, 13]:40900000
A[18, 21]:3e4cccce,B[18, 13]:3f199999,C[18, 13]:4095c28f
A[18, 22]:3f4cccce,B[18, 13]:3e4ccccc,C[18, 13]:409d70a3
A[18, 23]:3eccccce,B[18, 13]:3f4ccccc,C[18, 13]:40accccc
A[18, 24]:0,B[18, 13]:3ecccccc,C[18, 13]:40accccc
A[18, 25]:3f19999a,B[18, 13]:0,C[18, 13]:40accccc
A[18, 26]:3e4cccce,B[18, 13]:3f199999,C[18, 13]:40b28f5b
A[18, 27]:3f4cccce,B[18, 13]:3e4ccccc,C[18, 13]:40ba3d6f
A[18, 28]:3eccccce,B[18, 13]:3f4ccccc,C[18, 13]:40c99998
A[18, 29]:0,B[18, 13]:3ecccccc,C[18, 13]:40c99998
A[18, 0]:3f19999a,B[18, 14]:0,C[18, 14]:3f47ae16
A[18, 1]:3e4cccce,B[18, 14]:3f23d70a,C[18, 14]:3f78d500
A[18, 2]:3f4cccce,B[18, 14]:3e8f5c29,C[18, 14]:3fa76c8c
A[18, 3]:3eccccce,B[18, 14]:3f6b851e,C[18, 14]:3fee147c
A[18, 4]:0,B[18, 14]:3f0f5c29,C[18, 14]:3fee147c
A[18, 5]:3f19999a,B[18, 14]:3e4ccccc,C[18, 14]:40028f5d
A[18, 6]:3e4cccce,B[18, 14]:3f570a3d,C[18, 14]:4012b022
A[18, 7]:3f4cccce,B[18, 14]:3ef5c28f,C[18, 14]:40378d51
A[18, 8]:3eccccce,B[18, 14]:3df5c28f,C[18, 14]:403c28f7
A[18, 9]:0,B[18, 14]:3f428f5c,C[18, 14]:403c28f7
A[18, 10]:3f19999a,B[18, 14]:3ecccccc,C[18, 14]:40533334
A[18, 11]:3e4cccce,B[18, 14]:3d23d70a,C[18, 14]:4053f7d0
A[18, 12]:3f4cccce,B[18, 14]:3f2e147b,C[18, 14]:40841894
A[18, 13]:3eccccce,B[18, 14]:3ea3d70a,C[18, 14]:408a3d71
A[18, 14]:0,B[18, 14]:3f75c28f,C[18, 14]:408a3d71
A[18, 15]:3f19999a,B[18, 14]:3f199999,C[18, 14]:409b851f
A[18, 16]:3e4cccce,B[18, 14]:3e75c28f,C[18, 14]:409dd2f2
A[18, 17]:3f4cccce,B[18, 14]:3f6147ae,C[18, 14]:40bf9db2
A[18, 18]:3eccccce,B[18, 14]:3f051eb8,C[18, 14]:40c99999
A[18, 19]:0,B[18, 14]:3e23d70a,C[18, 14]:40c99999
A[18, 20]:3f19999a,B[18, 14]:3f4ccccc,C[18, 14]:40e0a3d6
A[18, 21]:3e4cccce,B[18, 14]:3ee147ae,C[18, 14]:40e4dd2e
A[18, 22]:3f4cccce,B[18, 14]:3da3d70a,C[18, 14]:40e7ef9d
A[18, 23]:3eccccce,B[18, 14]:3f3851eb,C[18, 14]:40f5c28f
A[18, 24]:0,B[18, 14]:3eb851eb,C[18, 14]:40f5c28f
A[18, 25]:3f19999a,B[18, 14]:0,C[18, 14]:40f5c28f
A[18, 26]:3e4cccce,B[18, 14]:3f23d70a,C[18, 14]:40fbe76c
A[18, 27]:3f4cccce,B[18, 14]:3e8f5c29,C[18, 14]:410353f8
A[18, 28]:3eccccce,B[18, 14]:3f6b851e,C[18, 14]:410c28f6
A[18, 29]:0,B[18, 14]:3f0f5c29,C[18, 14]:410c28f6
A[18, 0]:3f19999a,B[18, 15]:0,C[18, 15]:3f28f5c3
A[18, 1]:3e4cccce,B[18, 15]:3f2e147b,C[18, 15]:3f5d2f1b
A[18, 2]:3f4cccce,B[18, 15]:3eb851eb,C[18, 15]:3fa5e354
A[18, 3]:3eccccce,B[18, 15]:3d23d70a,C[18, 15]:3fa8f5c3
A[18, 4]:0,B[18, 15]:3f3851eb,C[18, 15]:3fa8f5c3
A[18, 5]:3f19999a,B[18, 15]:3ecccccc,C[18, 15]:3fd70a3e
A[18, 6]:3e4cccce,B[18, 15]:3da3d70a,C[18, 15]:3fda1cad
A[18, 7]:3f4cccce,B[18, 15]:3f428f5c,C[18, 15]:40276c8c
A[18, 8]:3eccccce,B[18, 15]:3ee147ae,C[18, 15]:403851ec
A[18, 9]:0,B[18, 15]:3df5c28f,C[18, 15]:403851ec
A[18, 10]:3f19999a,B[18, 15]:3f4ccccc,C[18, 15]:40666667
A[18, 11]:3e4cccce,B[18, 15]:3ef5c28f,C[18, 15]:406f9db3
A[18, 12]:3f4cccce,B[18, 15]:3e23d70a,C[18, 15]:407be76d
A[18, 13]:3eccccce,B[18, 15]:3f570a3d,C[18, 15]:408e147b
A[18, 14]:0,B[18, 15]:3f051eb8,C[18, 15]:408e147b
A[18, 15]:3f19999a,B[18, 15]:3e4ccccc,C[18, 15]:4093d70a
A[18, 16]:3e4cccce,B[18, 15]:3f6147ae,C[18, 15]:409c49ba
A[18, 17]:3f4cccce,B[18, 15]:3f0f5c29,C[18, 15]:40b1cac0
A[18, 18]:3eccccce,B[18, 15]:3e75c28f,C[18, 15]:40b66666
A[18, 19]:0,B[18, 15]:3f6b851e,C[18, 15]:40b66666
A[18, 20]:3f19999a,B[18, 15]:3f199999,C[18, 15]:40c7ae14
A[18, 21]:3e4cccce,B[18, 15]:3e8f5c29,C[18, 15]:40ca5e35
A[18, 22]:3f4cccce,B[18, 15]:3f75c28f,C[18, 15]:40ef3b64
A[18, 23]:3eccccce,B[18, 15]:3f23d70a,C[18, 15]:40fb851e
A[18, 24]:0,B[18, 15]:3ea3d70a,C[18, 15]:40fb851e
A[18, 25]:3f19999a,B[18, 15]:0,C[18, 15]:40fb851e
A[18, 26]:3e4cccce,B[18, 15]:3f2e147b,C[18, 15]:41010625
A[18, 27]:3f4cccce,B[18, 15]:3eb851eb,C[18, 15]:4107ef9e
A[18, 28]:3eccccce,B[18, 15]:3d23d70a,C[18, 15]:410851ec
A[18, 29]:0,B[18, 15]:3f3851eb,C[18, 15]:410851ec
A[18, 0]:3f19999a,B[18, 16]:0,C[18, 16]:3f0a3d71
A[18, 1]:3e4cccce,B[18, 16]:3f3851eb,C[18, 16]:3f418938
A[18, 2]:3f4cccce,B[18, 16]:3ee147ae,C[18, 16]:3fa45a1d
A[18, 3]:3eccccce,B[18, 16]:3e23d70a,C[18, 16]:3fb0a3d7
A[18, 4]:0,B[18, 16]:3f6147ae,C[18, 16]:3fb0a3d7
A[18, 5]:3f19999a,B[18, 16]:3f199999,C[18, 16]:3ff5c28f
A[18, 6]:3e4cccce,B[18, 16]:3ea3d70a,C[18, 16]:40010625
A[18, 7]:3f4cccce,B[18, 16]:3d23d70a,C[18, 16]:40041894
A[18, 8]:3eccccce,B[18, 16]:3f428f5c,C[18, 16]:402147af
A[18, 9]:0,B[18, 16]:3ef5c28f,C[18, 16]:402147af
A[18, 10]:3f19999a,B[18, 16]:3e4ccccc,C[18, 16]:402cccce
A[18, 11]:3e4cccce,B[18, 16]:3f6b851e,C[18, 16]:403e76ca
A[18, 12]:3f4cccce,B[18, 16]:3f23d70a,C[18, 16]:406f9db4
A[18, 13]:3eccccce,B[18, 16]:3eb851eb,C[18, 16]:407d70a6
A[18, 14]:0,B[18, 16]:3da3d70a,C[18, 16]:407d70a6
A[18, 15]:3f19999a,B[18, 16]:3f4ccccc,C[18, 16]:4095c290
A[18, 16]:3e4cccce,B[18, 16]:3f051eb8,C[18, 16]:409ac084
A[18, 17]:3f4cccce,B[18, 16]:3e75c28f,C[18, 16]:40a3f7d0
A[18, 18]:3eccccce,B[18, 16]:3f75c28f,C[18, 16]:40b66668
A[18, 19]:0,B[18, 16]:3f2e147b,C[18, 16]:40b66668
A[18, 20]:3f19999a,B[18, 16]:3ecccccc,C[18, 16]:40c1eb87
A[18, 21]:3e4cccce,B[18, 16]:3df5c28f,C[18, 16]:40c31270
A[18, 22]:3f4cccce,B[18, 16]:3f570a3d,C[18, 16]:40e353f9
A[18, 23]:3eccccce,B[18, 16]:3f0f5c29,C[18, 16]:40ee147c
A[18, 24]:0,B[18, 16]:3e8f5c29,C[18, 16]:40ee147c
A[18, 25]:3f19999a,B[18, 16]:0,C[18, 16]:40ee147c
A[18, 26]:3e4cccce,B[18, 16]:3f3851eb,C[18, 16]:40f4fdf5
A[18, 27]:3f4cccce,B[18, 16]:3ee147ae,C[18, 16]:4102f1ab
A[18, 28]:3eccccce,B[18, 16]:3e23d70a,C[18, 16]:41047ae2
A[18, 29]:0,B[18, 16]:3f6147ae,C[18, 16]:41047ae2
A[18, 0]:3f19999a,B[18, 17]:0,C[18, 17]:3ed70a3e
A[18, 1]:3e4cccce,B[18, 17]:3f428f5c,C[18, 17]:3f25e354
A[18, 2]:3f4cccce,B[18, 17]:3f051eb8,C[18, 17]:3fa2d0e6
A[18, 3]:3eccccce,B[18, 17]:3e8f5c29,C[18, 17]:3fb851ec
A[18, 4]:0,B[18, 17]:3d23d70a,C[18, 17]:3fb851ec
A[18, 5]:3f19999a,B[18, 17]:3f4ccccc,C[18, 17]:400a3d71
A[18, 6]:3e4cccce,B[18, 17]:3f0f5c29,C[18, 17]:4014fdf4
A[18, 7]:3f4cccce,B[18, 17]:3ea3d70a,C[18, 17]:402d9169
A[18, 8]:3eccccce,B[18, 17]:3da3d70a,C[18, 17]:4030a3d8
A[18, 9]:0,B[18, 17]:3f570a3d,C[18, 17]:4030a3d8
A[18, 10]:3f19999a,B[18, 17]:3f199999,C[18, 17]:40533334
A[18, 11]:3e4cccce,B[18, 17]:3eb851eb,C[18, 17]:405a1cad
A[18, 12]:3f4cccce,B[18, 17]:3df5c28f,C[18, 17]:406353f9
A[18, 13]:3eccccce,B[18, 17]:3f6147ae,C[18, 17]:40828f5d
A[18, 14]:0,B[18, 17]:3f23d70a,C[18, 17]:40828f5d
A[18, 15]:3f19999a,B[18, 17]:3ecccccc,C[18, 17]:408e147c
A[18, 16]:3e4cccce,B[18, 17]:3e23d70a,C[18, 17]:408f9db3
A[18, 17]:3f4cccce,B[18, 17]:3f6b851e,C[18, 17]:40b2f1ab
A[18, 18]:3eccccce,B[18, 17]:3f2e147b,C[18, 17]:40c00001
A[18, 19]:0,B[18, 17]:3ee147ae,C[18, 17]:40c00001
A[18, 20]:3f19999a,B[18, 17]:3e4ccccc,C[18, 17]:40c5c290
A[18, 21]:3e4cccce,B[18, 17]:3f75c28f,C[18, 17]:40cef9dc
A[18, 22]:3f4cccce,B[18, 17]:3f3851eb,C[18, 17]:40ea9fbf
A[18, 23]:3eccccce,B[18, 17]:3ef5c28f,C[18, 17]:40f3d70b
A[18, 24]:0,B[18, 17]:3e75c28f,C[18, 17]:40f3d70b
A[18, 25]:3f19999a,B[18, 17]:0,C[18, 17]:40f3d70b
A[18, 26]:3e4cccce,B[18, 17]:3f428f5c,C[18, 17]:40fb22d2
A[18, 27]:3f4cccce,B[18, 17]:3f051eb8,C[18, 17]:41078d50
A[18, 28]:3eccccce,B[18, 17]:3e8f5c29,C[18, 17]:410a3d71
A[18, 29]:0,B[18, 17]:3d23d70a,C[18, 17]:410a3d71
A[18, 0]:3f19999a,B[18, 18]:0,C[18, 18]:3e99999a
A[18, 1]:3e4cccce,B[18, 18]:3f4ccccc,C[18, 18]:3f0a3d71
A[18, 2]:3f4cccce,B[18, 18]:3f199999,C[18, 18]:3fa147ae
A[18, 3]:3eccccce,B[18, 18]:3ecccccc,C[18, 18]:3fc00000
A[18, 4]:0,B[18, 18]:3e4ccccc,C[18, 18]:3fc00000
A[18, 5]:3f19999a,B[18, 18]:0,C[18, 18]:3fc00000
A[18, 6]:3e4cccce,B[18, 18]:3f4ccccc,C[18, 18]:3fdeb852
A[18, 7]:3f4cccce,B[18, 18]:3f199999,C[18, 18]:401d70a4
A[18, 8]:3eccccce,B[18, 18]:3ecccccc,C[18, 18]:402ccccd
A[18, 9]:0,B[18, 18]:3e4ccccc,C[18, 18]:402ccccd
A[18, 10]:3f19999a,B[18, 18]:0,C[18, 18]:402ccccd
A[18, 11]:3e4cccce,B[18, 18]:3f4ccccc,C[18, 18]:403c28f6
A[18, 12]:3f4cccce,B[18, 18]:3f199999,C[18, 18]:406a3d71
A[18, 13]:3eccccce,B[18, 18]:3ecccccc,C[18, 18]:4079999a
A[18, 14]:0,B[18, 18]:3e4ccccc,C[18, 18]:4079999a
A[18, 15]:3f19999a,B[18, 18]:0,C[18, 18]:4079999a
A[18, 16]:3e4cccce,B[18, 18]:3f4ccccc,C[18, 18]:40847ae1
A[18, 17]:3f4cccce,B[18, 18]:3f199999,C[18, 18]:409b851e
A[18, 18]:3eccccce,B[18, 18]:3ecccccc,C[18, 18]:40a33332
A[18, 19]:0,B[18, 18]:3e4ccccc,C[18, 18]:40a33332
A[18, 20]:3f19999a,B[18, 18]:0,C[18, 18]:40a33332
A[18, 21]:3e4cccce,B[18, 18]:3f4ccccc,C[18, 18]:40aae146
A[18, 22]:3f4cccce,B[18, 18]:3f199999,C[18, 18]:40c1eb83
A[18, 23]:3eccccce,B[18, 18]:3ecccccc,C[18, 18]:40c99997
A[18, 24]:0,B[18, 18]:3e4ccccc,C[18, 18]:40c99997
A[18, 25]:3f19999a,B[18, 18]:0,C[18, 18]:40c99997
A[18, 26]:3e4cccce,B[18, 18]:3f4ccccc,C[18, 18]:40d147ab
A[18, 27]:3f4cccce,B[18, 18]:3f199999,C[18, 18]:40e851e8
A[18, 28]:3eccccce,B[18, 18]:3ecccccc,C[18, 18]:40effffc
A[18, 29]:0,B[18, 18]:3e4ccccc,C[18, 18]:40effffc
A[18, 0]:3f19999a,B[18, 19]:0,C[18, 19]:3e3851ec
A[18, 1]:3e4cccce,B[18, 19]:3f570a3d,C[18, 19]:3edd2f1b
A[18, 2]:3f4cccce,B[18, 19]:3f2e147b,C[18, 19]:3f9fbe77
A[18, 3]:3eccccce,B[18, 19]:3f051eb8,C[18, 19]:3fc7ae15
A[18, 4]:0,B[18, 19]:3eb851eb,C[18, 19]:3fc7ae15
A[18, 5]:3f19999a,B[18, 19]:3e4ccccc,C[18, 19]:3fdeb852
A[18, 6]:3e4cccce,B[18, 19]:3d23d70a,C[18, 19]:3fe04189
A[18, 7]:3f4cccce,B[18, 19]:3f6147ae,C[18, 19]:4033b646
A[18, 8]:3eccccce,B[18, 19]:3f3851eb,C[18, 19]:404f5c29
A[18, 9]:0,B[18, 19]:3f0f5c29,C[18, 19]:404f5c29
A[18, 10]:3f19999a,B[18, 19]:3ecccccc,C[18, 19]:40666666
A[18, 11]:3e4cccce,B[18, 19]:3e75c28f,C[18, 19]:406b020c
A[18, 12]:3f4cccce,B[18, 19]:3da3d70a,C[18, 19]:407126e9
A[18, 13]:3eccccce,B[18, 19]:3f6b851e,C[18, 19]:408a3d70
A[18, 14]:0,B[18, 19]:3f428f5c,C[18, 19]:408a3d70
A[18, 15]:3f19999a,B[18, 19]:3f199999,C[18, 19]:409b851e
A[18, 16]:3e4cccce,B[18, 19]:3ee147ae,C[18, 19]:409fbe76
A[18, 17]:3f4cccce,B[18, 19]:3e8f5c29,C[18, 19]:40aa7ef9
A[18, 18]:3eccccce,B[18, 19]:3df5c28f,C[18, 19]:40accccc
A[18, 19]:0,B[18, 19]:3f75c28f,C[18, 19]:40accccc
A[18, 20]:3f19999a,B[18, 19]:3f4ccccc,C[18, 19]:40c3d709
A[18, 21]:3e4cccce,B[18, 19]:3f23d70a,C[18, 19]:40c9fbe6
A[18, 22]:3f4cccce,B[18, 19]:3ef5c28f,C[18, 19]:40dc6a7e
A[18, 23]:3eccccce,B[18, 19]:3ea3d70a,C[18, 19]:40e28f5b
A[18, 24]:0,B[18, 19]:3e23d70a,C[18, 19]:40e28f5b
A[18, 25]:3f19999a,B[18, 19]:0,C[18, 19]:40e28f5b
A[18, 26]:3e4cccce,B[18, 19]:3f570a3d,C[18, 19]:40ea9fbd
A[18, 27]:3f4cccce,B[18, 19]:3f2e147b,C[18, 19]:41025e35
A[18, 28]:3eccccce,B[18, 19]:3f051eb8,C[18, 19]:41075c29
A[18, 29]:0,B[18, 19]:3eb851eb,C[18, 19]:41075c29
A[18, 0]:3f19999a,B[18, 20]:0,C[18, 20]:3d75c290
A[18, 1]:3e4cccce,B[18, 20]:3f6147ae,C[18, 20]:3ea5e354
A[18, 2]:3f4cccce,B[18, 20]:3f428f5c,C[18, 20]:3f9e3540
A[18, 3]:3eccccce,B[18, 20]:3f23d70a,C[18, 20]:3fcf5c2a
A[18, 4]:0,B[18, 20]:3f051eb8,C[18, 20]:3fcf5c2a
A[18, 5]:3f19999a,B[18, 20]:3ecccccc,C[18, 20]:3ffd70a5
A[18, 6]:3e4cccce,B[18, 20]:3e8f5c29,C[18, 20]:40041894
A[18, 7]:3f4cccce,B[18, 20]:3e23d70a,C[18, 20]:4010624e
A[18, 8]:3eccccce,B[18, 20]:3d23d70a,C[18, 20]:4011eb85
A[18, 9]:0,B[18, 20]:3f6b851e,C[18, 20]:4011eb85
A[18, 10]:3f19999a,B[18, 20]:3f4ccccc,C[18, 20]:40400000
A[18, 11]:3e4cccce,B[18, 20]:3f2e147b,C[18, 20]:404d0e56
A[18, 12]:3f4cccce,B[18, 20]:3f0f5c29,C[18, 20]:40781062
A[18, 13]:3eccccce,B[18, 20]:3ee147ae,C[18, 20]:40847ae1
A[18, 14]:0,B[18, 20]:3ea3d70a,C[18, 20]:40847ae1
A[18, 15]:3f19999a,B[18, 20]:3e4ccccc,C[18, 20]:408a3d70
A[18, 16]:3e4cccce,B[18, 20]:3da3d70a,C[18, 20]:408b020c
A[18, 17]:3f4cccce,B[18, 20]:3f75c28f,C[18, 20]:40afdf3b
A[18, 18]:3eccccce,B[18, 20]:3f570a3d,C[18, 20]:40c00000
A[18, 19]:0,B[18, 20]:3f3851eb,C[18, 20]:40c00000
A[18, 20]:3f19999a,B[18, 20]:3f199999,C[18, 20]:40d147ae
A[18, 21]:3e4cccce,B[18, 20]:3ef5c28f,C[18, 20]:40d5e354
A[18, 22]:3f4cccce,B[18, 20]:3eb851eb,C[18, 20]:40e3b646
A[18, 23]:3eccccce,B[18, 20]:3e75c28f,C[18, 20]:40e851ec
A[18, 24]:0,B[18, 20]:3df5c28f,C[18, 20]:40e851ec
A[18, 25]:3f19999a,B[18, 20]:0,C[18, 20]:40e851ec
A[18, 26]:3e4cccce,B[18, 20]:3f6147ae,C[18, 20]:40f0c49c
A[18, 27]:3f4cccce,B[18, 20]:3f428f5c,C[18, 20]:4106f9db
A[18, 28]:3eccccce,B[18, 20]:3f23d70a,C[18, 20]:410d1eb8
A[18, 29]:0,B[18, 20]:3f051eb8,C[18, 20]:410d1eb8
A[18, 0]:3f19999a,B[18, 21]:0,C[18, 21]:3f91eb85
A[18, 1]:3e4cccce,B[18, 21]:3f6b851e,C[18, 21]:3fb53f7d
A[18, 2]:3f4cccce,B[18, 21]:3f570a3d,C[18, 21]:401b22d1
A[18, 3]:3eccccce,B[18, 21]:3f428f5c,C[18, 21]:403851ec
A[18, 4]:0,B[18, 21]:3f2e147b,C[18, 21]:403851ec
A[18, 5]:3f19999a,B[18, 21]:3f199999,C[18, 21]:405ae148
A[18, 6]:3e4cccce,B[18, 21]:3f051eb8,C[18, 21]:4064dd2f
A[18, 7]:3f4cccce,B[18, 21]:3ee147ae,C[18, 21]:408353f8
A[18, 8]:3eccccce,B[18, 21]:3eb851eb,C[18, 21]:408a3d71
A[18, 9]:0,B[18, 21]:3e8f5c29,C[18, 21]:408a3d71
A[18, 10]:3f19999a,B[18, 21]:3e4ccccc,C[18, 21]:40900000
A[18, 11]:3e4cccce,B[18, 21]:3df5c28f,C[18, 21]:409126e9
A[18, 12]:3f4cccce,B[18, 21]:3d23d70a,C[18, 21]:4092b020
A[18, 13]:3eccccce,B[18, 21]:3f75c28f,C[18, 21]:40a51eb8
A[18, 14]:0,B[18, 21]:3f6147ae,C[18, 21]:40a51eb8
A[18, 15]:3f19999a,B[18, 21]:3f4ccccc,C[18, 21]:40bc28f5
A[18, 16]:3e4cccce,B[18, 21]:3f3851eb,C[18, 21]:40c3126e
A[18, 17]:3f4cccce,B[18, 21]:3f23d70a,C[18, 21]:40dba5e3
A[18, 18]:3eccccce,B[18, 21]:3f0f5c29,C[18, 21]:40e66666
A[18, 19]:0,B[18, 21]:3ef5c28f,C[18, 21]:40e66666
A[18, 20]:3f19999a,B[18, 21]:3ecccccc,C[18, 21]:40f1eb85
A[18, 21]:3e4cccce,B[18, 21]:3ea3d70a,C[18, 21]:40f4fdf4
A[18, 22]:3f4cccce,B[18, 21]:3e75c28f,C[18, 21]:40fe3540
A[18, 23]:3eccccce,B[18, 21]:3e23d70a,C[18, 21]:4100a3d7
A[18, 24]:0,B[18, 21]:3da3d70a,C[18, 21]:4100a3d7
A[18, 25]:3f19999a,B[18, 21]:0,C[18, 21]:4100a3d7
A[18, 26]:3e4cccce,B[18, 21]:3f6b851e,C[18, 21]:41050e56
A[18, 27]:3f4cccce,B[18, 21]:3f570a3d,C[18, 21]:41152f1b
A[18, 28]:3eccccce,B[18, 21]:3f428f5c,C[18, 21]:411c7ae2
A[18, 29]:0,B[18, 21]:3f2e147b,C[18, 21]:411c7ae2
A[18, 0]:3f19999a,B[18, 22]:0,C[18, 22]:3f828f5d
A[18, 1]:3e4cccce,B[18, 22]:3f75c28f,C[18, 22]:3fa76c8c
A[18, 2]:3f4cccce,B[18, 22]:3f6b851e,C[18, 22]:401a5e36
A[18, 3]:3eccccce,B[18, 22]:3f6147ae,C[18, 22]:403c28f6
A[18, 4]:0,B[18, 22]:3f570a3d,C[18, 22]:403c28f6
A[18, 5]:3f19999a,B[18, 22]:3f4ccccc,C[18, 22]:406a3d71
A[18, 6]:3e4cccce,B[18, 22]:3f428f5c,C[18, 22]:4078d4fe
A[18, 7]:3f4cccce,B[18, 22]:3f3851eb,C[18, 22]:40981062
A[18, 8]:3eccccce,B[18, 22]:3f2e147b,C[18, 22]:40a51eb8
A[18, 9]:0,B[18, 22]:3f23d70a,C[18, 22]:40a51eb8
A[18, 10]:3f19999a,B[18, 22]:3f199999,C[18, 22]:40b66666
A[18, 11]:3e4cccce,B[18, 22]:3f0f5c29,C[18, 22]:40bbc6a8
A[18, 12]:3f4cccce,B[18, 22]:3f051eb8,C[18, 22]:40cfbe77
A[18, 13]:3eccccce,B[18, 22]:3ef5c28f,C[18, 22]:40d8f5c3
A[18, 14]:0,B[18, 22]:3ee147ae,C[18, 22]:40d8f5c3
A[18, 15]:3f19999a,B[18, 22]:3ecccccc,C[18, 22]:40e47ae2
A[18, 16]:3e4cccce,B[18, 22]:3eb851eb,C[18, 22]:40e7ef9e
A[18, 17]:3f4cccce,B[18, 22]:3ea3d70a,C[18, 22]:40f43958
A[18, 18]:3eccccce,B[18, 22]:3e8f5c29,C[18, 22]:40f9999a
A[18, 19]:0,B[18, 22]:3e75c28f,C[18, 22]:40f9999a
A[18, 20]:3f19999a,B[18, 22]:3e4ccccc,C[18, 22]:40ff5c29
A[18, 21]:3e4cccce,B[18, 22]:3e23d70a,C[18, 22]:410072b0
A[18, 22]:3f4cccce,B[18, 22]:3df5c28f,C[18, 22]:4102c083
A[18, 23]:3eccccce,B[18, 22]:3da3d70a,C[18, 22]:4103851f
A[18, 24]:0,B[18, 22]:3d23d70a,C[18, 22]:4103851f
A[18, 25]:3f19999a,B[18, 22]:0,C[18, 22]:4103851f
A[18, 26]:3e4cccce,B[18, 22]:3f75c28f,C[18, 22]:410820c5
A[18, 27]:3f4cccce,B[18, 22]:3f6b851e,C[18, 22]:4119cac1
A[18, 28]:3eccccce,B[18, 22]:3f6147ae,C[18, 22]:41223d71
A[18, 29]:0,B[18, 22]:3f570a3d,C[18, 22]:41223d71
A[18, 0]:3f19999a,B[18, 23]:0,C[18, 23]:3f666667
A[18, 1]:3e4cccce,B[18, 23]:0,C[18, 23]:3f666667
A[18, 2]:3f4cccce,B[18, 23]:0,C[18, 23]:3f666667
A[18, 3]:3eccccce,B[18, 23]:0,C[18, 23]:3f666667
A[18, 4]:0,B[18, 23]:0,C[18, 23]:3f666667
A[18, 5]:3f19999a,B[18, 23]:0,C[18, 23]:3f666667
A[18, 6]:3e4cccce,B[18, 23]:0,C[18, 23]:3f666667
A[18, 7]:3f4cccce,B[18, 23]:0,C[18, 23]:3f666667
A[18, 8]:3eccccce,B[18, 23]:0,C[18, 23]:3f666667
A[18, 9]:0,B[18, 23]:0,C[18, 23]:3f666667
A[18, 10]:3f19999a,B[18, 23]:0,C[18, 23]:3f666667
A[18, 11]:3e4cccce,B[18, 23]:0,C[18, 23]:3f666667
A[18, 12]:3f4cccce,B[18, 23]:0,C[18, 23]:3f666667
A[18, 13]:3eccccce,B[18, 23]:0,C[18, 23]:3f666667
A[18, 14]:0,B[18, 23]:0,C[18, 23]:3f666667
A[18, 15]:3f19999a,B[18, 23]:0,C[18, 23]:3f666667
A[18, 16]:3e4cccce,B[18, 23]:0,C[18, 23]:3f666667
A[18, 17]:3f4cccce,B[18, 23]:0,C[18, 23]:3f666667
A[18, 18]:3eccccce,B[18, 23]:0,C[18, 23]:3f666667
A[18, 19]:0,B[18, 23]:0,C[18, 23]:3f666667
A[18, 20]:3f19999a,B[18, 23]:0,C[18, 23]:3f666667
A[18, 21]:3e4cccce,B[18, 23]:0,C[18, 23]:3f666667
A[18, 22]:3f4cccce,B[18, 23]:0,C[18, 23]:3f666667
A[18, 23]:3eccccce,B[18, 23]:0,C[18, 23]:3f666667
A[18, 24]:0,B[18, 23]:0,C[18, 23]:3f666667
A[18, 25]:3f19999a,B[18, 23]:0,C[18, 23]:3f666667
A[18, 26]:3e4cccce,B[18, 23]:0,C[18, 23]:3f666667
A[18, 27]:3f4cccce,B[18, 23]:0,C[18, 23]:3f666667
A[18, 28]:3eccccce,B[18, 23]:0,C[18, 23]:3f666667
A[18, 29]:0,B[18, 23]:0,C[18, 23]:3f666667
A[18, 0]:3f19999a,B[18, 24]:0,C[18, 24]:3f47ae16
A[18, 1]:3e4cccce,B[18, 24]:3d23d70a,C[18, 24]:3f4ac085
A[18, 2]:3f4cccce,B[18, 24]:3da3d70a,C[18, 24]:3f6353fa
A[18, 3]:3eccccce,B[18, 24]:3df5c28f,C[18, 24]:3f75c292
A[18, 4]:0,B[18, 24]:3e23d70a,C[18, 24]:3f75c292
A[18, 5]:3f19999a,B[18, 24]:3e4ccccc,C[18, 24]:3f91eb86
A[18, 6]:3e4cccce,B[18, 24]:3e75c28f,C[18, 24]:3f9b22d2
A[18, 7]:3f4cccce,B[18, 24]:3e8f5c29,C[18, 24]:3fc624de
A[18, 8]:3eccccce,B[18, 24]:3ea3d70a,C[18, 24]:3fdeb853
A[18, 9]:0,B[18, 24]:3eb851eb,C[18, 24]:3fdeb853
A[18, 10]:3f19999a,B[18, 24]:3ecccccc,C[18, 24]:40066667
A[18, 11]:3e4cccce,B[18, 24]:3ee147ae,C[18, 24]:400ed917
A[18, 12]:3f4cccce,B[18, 24]:3ef5c28f,C[18, 24]:4033b646
A[18, 13]:3eccccce,B[18, 24]:3f051eb8,C[18, 24]:4047ae15
A[18, 14]:0,B[18, 24]:3f0f5c29,C[18, 24]:4047ae15
A[18, 15]:3f19999a,B[18, 24]:3f199999,C[18, 24]:406a3d71
A[18, 16]:3e4cccce,B[18, 24]:3f23d70a,C[18, 24]:4076872b
A[18, 17]:3f4cccce,B[18, 24]:3f2e147b,C[18, 24]:40956042
A[18, 18]:3eccccce,B[18, 24]:3f3851eb,C[18, 24]:40a33334
A[18, 19]:0,B[18, 24]:3f428f5c,C[18, 24]:40a33334
A[18, 20]:3f19999a,B[18, 24]:3f4ccccc,C[18, 24]:40ba3d71
A[18, 21]:3e4cccce,B[18, 24]:3f570a3d,C[18, 24]:40c24dd3
A[18, 22]:3f4cccce,B[18, 24]:3f6147ae,C[18, 24]:40e41894
A[18, 23]:3eccccce,B[18, 24]:3f6b851e,C[18, 24]:40f5c290
A[18, 24]:0,B[18, 24]:3f75c28f,C[18, 24]:40f5c290
A[18, 25]:3f19999a,B[18, 24]:0,C[18, 24]:40f5c290
A[18, 26]:3e4cccce,B[18, 24]:3d23d70a,C[18, 24]:40f624de
A[18, 27]:3f4cccce,B[18, 24]:3da3d70a,C[18, 24]:40f9374d
A[18, 28]:3eccccce,B[18, 24]:3df5c28f,C[18, 24]:40fb8520
A[18, 29]:0,B[18, 24]:3e23d70a,C[18, 24]:40fb8520

done computing: 18, print C
C[18, 0]:40f3d70c,C[18, 1]:410947ae,C[18, 2]:410f0a3e,C[18, 3]:40c99999,C[18, 4]:410c28f5,C[18, 5]:4111eb85,C[18, 6]:410e147b,C[18, 7]:410a3d72,C[18, 8]:40effffe,C[18, 9]:41075c2a,C[18, 10]:410d1eb9,C[18, 11]:410947af,C[18, 12]:410f0a3e,C[18, 13]:40c99998,C[18, 14]:410c28f6,C[18, 15]:410851ec,C[18, 16]:41047ae2,C[18, 17]:410a3d71,C[18, 18]:40effffc,C[18, 19]:41075c29,C[18, 20]:410d1eb8,C[18, 21]:411c7ae2,C[18, 22]:41223d71,C[18, 23]:3f666667,C[18, 24]:40fb8520,

//========================

Init I: 19
C[19, 0]:3d4ccccd->3d75c290,C[19, 1]:0->0,C[19, 2]:3f733333->3f91eb85,C[19, 3]:3f666667->3f8a3d71,C[19, 4]:3f59999a->3f828f5d,C[19, 5]:3f4ccccd->3f75c290,C[19, 6]:3f400000->3f666667,C[19, 7]:3f333333->3f570a3e,C[19, 8]:3f266667->3f47ae16,C[19, 9]:3f19999a->3f3851ec,C[19, 10]:3f0ccccd->3f28f5c3,C[19, 11]:3f000000->3f19999a,C[19, 12]:3ee66667->3f0a3d71,C[19, 13]:3ecccccd->3ef5c290,C[19, 14]:3eb33333->3ed70a3e,C[19, 15]:3e99999a->3eb851ec,C[19, 16]:3e800000->3e99999a,C[19, 17]:3e4ccccd->3e75c290,C[19, 18]:3e19999a->3e3851ec,C[19, 19]:3dcccccd->3df5c290,C[19, 20]:3d4ccccd->3d75c290,C[19, 21]:0->0,C[19, 22]:3f733333->3f91eb85,C[19, 23]:3f666667->3f8a3d71,C[19, 24]:3f59999a->3f828f5d,
Start computing: 19
A[19, 0]:3f222223,B[19, 0]:0,C[19, 0]:3d75c290
A[19, 1]:3e888889,B[19, 0]:3da3d70a,C[19, 0]:3dbc6a80
A[19, 2]:3f666667,B[19, 0]:3e23d70a,C[19, 0]:3e9db22e
A[19, 3]:3f088889,B[19, 0]:3e75c28f,C[19, 0]:3f000001
A[19, 4]:3e2aaaab,B[19, 0]:3ea3d70a,C[19, 0]:3f147ae2
A[19, 5]:3f4cccce,B[19, 0]:3ecccccc,C[19, 0]:3f87ae15
A[19, 6]:3edddddf,B[19, 0]:3ef5c28f,C[19, 0]:3faf9db3
A[19, 7]:3d888889,B[19, 0]:3f0f5c29,C[19, 0]:3fb6c8b5
A[19, 8]:3f333334,B[19, 0]:3f23d70a,C[19, 0]:40066667
A[19, 9]:3eaaaaab,B[19, 0]:3f3851eb,C[19, 0]:401d70a4
A[19, 10]:3f777778,B[19, 0]:3f4ccccc,C[19, 0]:4067ae14
A[19, 11]:3f19999a,B[19, 0]:3f6147ae,C[19, 0]:408d2f1a
A[19, 12]:3e6eeef0,B[19, 0]:3f75c28f,C[19, 0]:4097ef9d
A[19, 13]:3f5ddddf,B[19, 0]:3d23d70a,C[19, 0]:40999999
A[19, 14]:3f000000,B[19, 0]:3df5c28f,C[19, 0]:409c7ae1
A[19, 15]:3e088889,B[19, 0]:3e4ccccc,C[19, 0]:409dc28f
A[19, 16]:3f444445,B[19, 0]:3e8f5c29,C[19, 0]:40a81062
A[19, 17]:3eccccce,B[19, 0]:3eb851eb,C[19, 0]:40aef9db
A[19, 18]:3d088889,B[19, 0]:3ee147ae,C[19, 0]:40afae14
A[19, 19]:3f2aaaab,B[19, 0]:3f051eb8,C[19, 0]:40c051eb
A[19, 20]:3e99999a,B[19, 0]:3f199999,C[19, 0]:40c8f5c2
A[19, 21]:3f6eeef0,B[19, 0]:3f2e147b,C[19, 0]:40e76c8b
A[19, 22]:3f111112,B[19, 0]:3f428f5c,C[19, 0]:40fc1893
A[19, 23]:3e4cccce,B[19, 0]:3f570a3d,C[19, 0]:4102147b
A[19, 24]:3f555556,B[19, 0]:3f6b851e,C[19, 0]:41147ae1
A[19, 25]:3eeeeef0,B[19, 0]:0,C[19, 0]:41147ae1
A[19, 26]:3dccccce,B[19, 0]:3da3d70a,C[19, 0]:4114ac08
A[19, 27]:3f3bbbbc,B[19, 0]:3e23d70a,C[19, 0]:41177ced
A[19, 28]:3ebbbbbc,B[19, 0]:3e75c28f,C[19, 0]:41199999
A[19, 29]:0,B[19, 0]:3ea3d70a,C[19, 0]:41199999
A[19, 0]:3f222223,B[19, 1]:0,C[19, 1]:0
A[19, 1]:3e888889,B[19, 1]:3df5c28f,C[19, 1]:3d449ba7
A[19, 2]:3f666667,B[19, 1]:3e75c28f,C[19, 1]:3ebe76c9
A[19, 3]:3f088889,B[19, 1]:3eb851eb,C[19, 1]:3f28f5c3
A[19, 4]:3e2aaaab,B[19, 1]:3ef5c28f,C[19, 1]:3f47ae15
A[19, 5]:3f4cccce,B[19, 1]:3f199999,C[19, 1]:3fc00000
A[19, 6]:3edddddf,B[19, 1]:3f3851eb,C[19, 1]:3ffbe76c
A[19, 7]:3d888889,B[19, 1]:3f570a3d,C[19, 1]:400353f8
A[19, 8]:3f333334,B[19, 1]:3f75c28f,C[19, 1]:4043d70a
A[19, 9]:3eaaaaab,B[19, 1]:3da3d70a,C[19, 1]:40466666
A[19, 10]:3f777778,B[19, 1]:3e4ccccc,C[19, 1]:4058f5c2
A[19, 11]:3f19999a,B[19, 1]:3ea3d70a,C[19, 1]:406b645a
A[19, 12]:3e6eeef0,B[19, 1]:3ee147ae,C[19, 1]:40753f7d
A[19, 13]:3f5ddddf,B[19, 1]:3f0f5c29,C[19, 1]:4091eb85
A[19, 14]:3f000000,B[19, 1]:3f2e147b,C[19, 1]:40a23d70
A[19, 15]:3e088889,B[19, 1]:3f4ccccc,C[19, 1]:40a75c28
A[19, 16]:3f444445,B[19, 1]:3f6b851e,C[19, 1]:40c9374b
A[19, 17]:3eccccce,B[19, 1]:3d23d70a,C[19, 1]:40c9fbe7
A[19, 18]:3d088889,B[19, 1]:3e23d70a,C[19, 1]:40ca3d70
A[19, 19]:3f2aaaab,B[19, 1]:3e8f5c29,C[19, 1]:40d33333
A[19, 20]:3e99999a,B[19, 1]:3ecccccc,C[19, 1]:40d8f5c2
A[19, 21]:3f6eeef0,B[19, 1]:3f051eb8,C[19, 1]:40f04189
A[19, 22]:3f111112,B[19, 1]:3f23d70a,C[19, 1]:4100d4fe
A[19, 23]:3e4cccce,B[19, 1]:3f428f5c,C[19, 1]:41047ae1
A[19, 24]:3f555556,B[19, 1]:3f6147ae,C[19, 1]:4116147b
A[19, 25]:3eeeeef0,B[19, 1]:0,C[19, 1]:4116147b
A[19, 26]:3dccccce,B[19, 1]:3df5c28f,C[19, 1]:41165e35
A[19, 27]:3f3bbbbc,B[19, 1]:3e75c28f,C[19, 1]:411a978d
A[19, 28]:3ebbbbbc,B[19, 1]:3eb851eb,C[19, 1]:411dc28f
A[19, 29]:0,B[19, 1]:3ef5c28f,C[19, 1]:411dc28f
A[19, 0]:3f222223,B[19, 2]:0,C[19, 2]:3f91eb85
A[19, 1]:3e888889,B[19, 2]:3e23d70a,C[19, 2]:3f9a1cac
A[19, 2]:3f666667,B[19, 2]:3ea3d70a,C[19, 2]:3fd16873
A[19, 3]:3f088889,B[19, 2]:3ef5c28f,C[19, 2]:400147ae
A[19, 4]:3e2aaaab,B[19, 2]:3f23d70a,C[19, 2]:400b851f
A[19, 5]:3f4cccce,B[19, 2]:3f4ccccc,C[19, 2]:4048f5c3
A[19, 6]:3edddddf,B[19, 2]:3f75c28f,C[19, 2]:4070e561
A[19, 7]:3d888889,B[19, 2]:3df5c28f,C[19, 2]:4071a9fd
A[19, 8]:3f333334,B[19, 2]:3e8f5c29,C[19, 2]:40823d71
A[19, 9]:3eaaaaab,B[19, 2]:3ee147ae,C[19, 2]:408947ae
A[19, 10]:3f777778,B[19, 2]:3f199999,C[19, 2]:40a51eb8
A[19, 11]:3f19999a,B[19, 2]:3f428f5c,C[19, 2]:40bb020c
A[19, 12]:3e6eeef0,B[19, 2]:3f6b851e,C[19, 2]:40c54fdf
A[19, 13]:3f5ddddf,B[19, 2]:3da3d70a,C[19, 2]:40c8a3d7
A[19, 14]:3f000000,B[19, 2]:3e75c28f,C[19, 2]:40ce6666
A[19, 15]:3e088889,B[19, 2]:3ecccccc,C[19, 2]:40d0f5c2
A[19, 16]:3f444445,B[19, 2]:3f0f5c29,C[19, 2]:40e59168
A[19, 17]:3eccccce,B[19, 2]:3f3851eb,C[19, 2]:40f3645a
A[19, 18]:3d088889,B[19, 2]:3f6147ae,C[19, 2]:40f4cccd
A[19, 19]:3f2aaaab,B[19, 2]:3d23d70a,C[19, 2]:40f6147b
A[19, 20]:3e99999a,B[19, 2]:3e4ccccc,C[19, 2]:40f8f5c3
A[19, 21]:3f6eeef0,B[19, 2]:3eb851eb,C[19, 2]:41048b44
A[19, 22]:3f111112,B[19, 2]:3f051eb8,C[19, 2]:410b9db3
A[19, 23]:3e4cccce,B[19, 2]:3f2e147b,C[19, 2]:410ee149
A[19, 24]:3f555556,B[19, 2]:3f570a3d,C[19, 2]:411fae16
A[19, 25]:3eeeeef0,B[19, 2]:0,C[19, 2]:411fae16
A[19, 26]:3dccccce,B[19, 2]:3e23d70a,C[19, 2]:41201064
A[19, 27]:3f3bbbbc,B[19, 2]:3ea3d70a,C[19, 2]:4125b22f
A[19, 28]:3ebbbbbc,B[19, 2]:3ef5c28f,C[19, 2]:4129eb87
A[19, 29]:0,B[19, 2]:3f23d70a,C[19, 2]:4129eb87
A[19, 0]:3f222223,B[19, 3]:0,C[19, 3]:3f8a3d71
A[19, 1]:3e888889,B[19, 3]:3e4ccccc,C[19, 3]:3f947ae2
A[19, 2]:3f666667,B[19, 3]:3ecccccc,C[19, 3]:3fd9999a
A[19, 3]:3f088889,B[19, 3]:3f199999,C[19, 3]:400b851f
A[19, 4]:3e2aaaab,B[19, 3]:3f4ccccc,C[19, 3]:401851ec
A[19, 5]:3f4cccce,B[19, 3]:0,C[19, 3]:401851ec
A[19, 6]:3edddddf,B[19, 3]:3e4ccccc,C[19, 3]:4020a3d8
A[19, 7]:3d888889,B[19, 3]:3ecccccc,C[19, 3]:40233334
A[19, 8]:3f333334,B[19, 3]:3f199999,C[19, 3]:404b8520
A[19, 9]:3eaaaaab,B[19, 3]:3f4ccccc,C[19, 3]:40651eba
A[19, 10]:3f777778,B[19, 3]:0,C[19, 3]:40651eba
A[19, 11]:3f19999a,B[19, 3]:3e4ccccc,C[19, 3]:4070a3d9
A[19, 12]:3e6eeef0,B[19, 3]:3ecccccc,C[19, 3]:4079999c
A[19, 13]:3f5ddddf,B[19, 3]:3f199999,C[19, 3]:4095c290
A[19, 14]:3f000000,B[19, 3]:3f4ccccc,C[19, 3]:40a8f5c3
A[19, 15]:3e088889,B[19, 3]:0,C[19, 3]:40a8f5c3
A[19, 16]:3f444445,B[19, 3]:3e4ccccc,C[19, 3]:40b051ec
A[19, 17]:3eccccce,B[19, 3]:3ecccccc,C[19, 3]:40b80000
A[19, 18]:3d088889,B[19, 3]:3f199999,C[19, 3]:40b8f5c3
A[19, 19]:3f2aaaab,B[19, 3]:3f4ccccc,C[19, 3]:40d28f5c
A[19, 20]:3e99999a,B[19, 3]:0,C[19, 3]:40d28f5c
A[19, 21]:3f6eeef0,B[19, 3]:3e4ccccc,C[19, 3]:40db851f
A[19, 22]:3f111112,B[19, 3]:3ecccccc,C[19, 3]:40e66667
A[19, 23]:3e4cccce,B[19, 3]:3f199999,C[19, 3]:40ec28f6
A[19, 24]:3f555556,B[19, 3]:3f4ccccc,C[19, 3]:4106147b
A[19, 25]:3eeeeef0,B[19, 3]:0,C[19, 3]:4106147b
A[19, 26]:3dccccce,B[19, 3]:3e4ccccc,C[19, 3]:41068f5c
A[19, 27]:3f3bbbbc,B[19, 3]:3ecccccc,C[19, 3]:410d9999
A[19, 28]:3ebbbbbc,B[19, 3]:3f199999,C[19, 3]:4112e147
A[19, 29]:0,B[19, 3]:3f4ccccc,C[19, 3]:4112e147
A[19, 0]:3f222223,B[19, 4]:0,C[19, 4]:3f828f5d
A[19, 1]:3e888889,B[19, 4]:3e75c28f,C[19, 4]:3f8ed917
A[19, 2]:3f666667,B[19, 4]:3ef5c28f,C[19, 4]:3fe1cac1
A[19, 3]:3f088889,B[19, 4]:3f3851eb,C[19, 4]:4015c290
A[19, 4]:3e2aaaab,B[19, 4]:3f75c28f,C[19, 4]:40251eb9
A[19, 5]:3f4cccce,B[19, 4]:3e4ccccc,C[19, 4]:40347ae2
A[19, 6]:3edddddf,B[19, 4]:3ee147ae,C[19, 4]:4046c8b5
A[19, 7]:3d888889,B[19, 4]:3f2e147b,C[19, 4]:404b22d2
A[19, 8]:3f333334,B[19, 4]:3f6b851e,C[19, 4]:40847ae2
A[19, 9]:3eaaaaab,B[19, 4]:3e23d70a,C[19, 4]:40870a3e
A[19, 10]:3f777778,B[19, 4]:3ecccccc,C[19, 4]:4099999a
A[19, 11]:3f19999a,B[19, 4]:3f23d70a,C[19, 4]:40ac0832
A[19, 12]:3e6eeef0,B[19, 4]:3f6147ae,C[19, 4]:40b5e355
A[19, 13]:3f5ddddf,B[19, 4]:3df5c28f,C[19, 4]:40bae149
A[19, 14]:3f000000,B[19, 4]:3eb851eb,C[19, 4]:40c38520
A[19, 15]:3e088889,B[19, 4]:3f199999,C[19, 4]:40c75c2a
A[19, 16]:3f444445,B[19, 4]:3f570a3d,C[19, 4]:40e645a3
A[19, 17]:3eccccce,B[19, 4]:3da3d70a,C[19, 4]:40e7ceda
A[19, 18]:3d088889,B[19, 4]:3ea3d70a,C[19, 4]:40e851ec
A[19, 19]:3f2aaaab,B[19, 4]:3f0f5c29,C[19, 4]:40fa3d71
A[19, 20]:3e99999a,B[19, 4]:3f4ccccc,C[19, 4]:4102e148
A[19, 21]:3f6eeef0,B[19, 4]:3d23d70a,C[19, 4]:4103c6a8
A[19, 22]:3f111112,B[19, 4]:3e8f5c29,C[19, 4]:41079581
A[19, 23]:3e4cccce,B[19, 4]:3f051eb8,C[19, 4]:410a147b
A[19, 24]:3f555556,B[19, 4]:3f428f5c,C[19, 4]:411947ae
A[19, 25]:3eeeeef0,B[19, 4]:0,C[19, 4]:411947ae
A[19, 26]:3dccccce,B[19, 4]:3e75c28f,C[19, 4]:4119db23
A[19, 27]:3f3bbbbc,B[19, 4]:3ef5c28f,C[19, 4]:41224dd3
A[19, 28]:3ebbbbbc,B[19, 4]:3f3851eb,C[19, 4]:4128a3d7
A[19, 29]:0,B[19, 4]:3f75c28f,C[19, 4]:4128a3d7
A[19, 0]:3f222223,B[19, 5]:0,C[19, 5]:3f75c290
A[19, 1]:3e888889,B[19, 5]:3e8f5c29,C[19, 5]:3f89374c
A[19, 2]:3f666667,B[19, 5]:3f0f5c29,C[19, 5]:3fe9fbe8
A[19, 3]:3f088889,B[19, 5]:3f570a3d,C[19, 5]:40200000
A[19, 4]:3e2aaaab,B[19, 5]:3df5c28f,C[19, 5]:4021eb85
A[19, 5]:3f4cccce,B[19, 5]:3ecccccc,C[19, 5]:4040a3d7
A[19, 6]:3edddddf,B[19, 5]:3f2e147b,C[19, 5]:405ced92
A[19, 7]:3d888889,B[19, 5]:3f75c28f,C[19, 5]:4063126f
A[19, 8]:3f333334,B[19, 5]:3e75c28f,C[19, 5]:40733334
A[19, 9]:3eaaaaab,B[19, 5]:3f051eb8,C[19, 5]:4081eb86
A[19, 10]:3f777778,B[19, 5]:3f4ccccc,C[19, 5]:40a70a3e
A[19, 11]:3f19999a,B[19, 5]:3da3d70a,C[19, 5]:40a95811
A[19, 12]:3e6eeef0,B[19, 5]:3eb851eb,C[19, 5]:40ad6042
A[19, 13]:3f5ddddf,B[19, 5]:3f23d70a,C[19, 5]:40c80000
A[19, 14]:3f000000,B[19, 5]:3f6b851e,C[19, 5]:40de147b
A[19, 15]:3e088889,B[19, 5]:3e4ccccc,C[19, 5]:40df5c29
A[19, 16]:3f444445,B[19, 5]:3ef5c28f,C[19, 5]:40f10625
A[19, 17]:3eccccce,B[19, 5]:3f428f5c,C[19, 5]:40ff9db2
A[19, 18]:3d088889,B[19, 5]:3d23d70a,C[19, 5]:40ffae14
A[19, 19]:3f2aaaab,B[19, 5]:3ea3d70a,C[19, 5]:4104f5c2
A[19, 20]:3e99999a,B[19, 5]:3f199999,C[19, 5]:410947ae
A[19, 21]:3f6eeef0,B[19, 5]:3f6147ae,C[19, 5]:411cfdf4
A[19, 22]:3f111112,B[19, 5]:3e23d70a,C[19, 5]:411f2b02
A[19, 23]:3e4cccce,B[19, 5]:3ee147ae,C[19, 5]:412147ae
A[19, 24]:3f555556,B[19, 5]:3f3851eb,C[19, 5]:412fae14
A[19, 25]:3eeeeef0,B[19, 5]:0,C[19, 5]:412fae14
A[19, 26]:3dccccce,B[19, 5]:3e8f5c29,C[19, 5]:41305a1c
A[19, 27]:3f3bbbbc,B[19, 5]:3f0f5c29,C[19, 5]:413a353f
A[19, 28]:3ebbbbbc,B[19, 5]:3f570a3d,C[19, 5]:41419999
A[19, 29]:0,B[19, 5]:3df5c28f,C[19, 5]:41419999
A[19, 0]:3f222223,B[19, 6]:0,C[19, 6]:3f666667
A[19, 1]:3e888889,B[19, 6]:3ea3d70a,C[19, 6]:3f839581
A[19, 2]:3f666667,B[19, 6]:3f23d70a,C[19, 6]:3ff22d0e
A[19, 3]:3f088889,B[19, 6]:3f75c28f,C[19, 6]:402a3d71
A[19, 4]:3e2aaaab,B[19, 6]:3e8f5c29,C[19, 6]:402eb852
A[19, 5]:3f4cccce,B[19, 6]:3f199999,C[19, 6]:405ccccd
A[19, 6]:3edddddf,B[19, 6]:3f6b851e,C[19, 6]:40818937
A[19, 7]:3d888889,B[19, 6]:3e75c28f,C[19, 6]:40824dd3
A[19, 8]:3f333334,B[19, 6]:3f0f5c29,C[19, 6]:40951eb8
A[19, 9]:3eaaaaab,B[19, 6]:3f6147ae,C[19, 6]:40a33333
A[19, 10]:3f777778,B[19, 6]:3e4ccccc,C[19, 6]:40ac7ae1
A[19, 11]:3f19999a,B[19, 6]:3f051eb8,C[19, 6]:40bb74bc
A[19, 12]:3e6eeef0,B[19, 6]:3f570a3d,C[19, 6]:40c4dd2f
A[19, 13]:3f5ddddf,B[19, 6]:3e23d70a,C[19, 6]:40cb851f
A[19, 14]:3f000000,B[19, 6]:3ef5c28f,C[19, 6]:40d70a3e
A[19, 15]:3e088889,B[19, 6]:3f4ccccc,C[19, 6]:40dc28f6
A[19, 16]:3f444445,B[19, 6]:3df5c28f,C[19, 6]:40e09375
A[19, 17]:3eccccce,B[19, 6]:3ee147ae,C[19, 6]:40e90625
A[19, 18]:3d088889,B[19, 6]:3f428f5c,C[19, 6]:40ea3d71
A[19, 19]:3f2aaaab,B[19, 6]:3da3d70a,C[19, 6]:40eccccd
A[19, 20]:3e99999a,B[19, 6]:3ecccccc,C[19, 6]:40f28f5c
A[19, 21]:3f6eeef0,B[19, 6]:3f3851eb,C[19, 6]:41096873
A[19, 22]:3f111112,B[19, 6]:3d23d70a,C[19, 6]:4109f3b7
A[19, 23]:3e4cccce,B[19, 6]:3eb851eb,C[19, 6]:410bae15
A[19, 24]:3f555556,B[19, 6]:3f2e147b,C[19, 6]:411947af
A[19, 25]:3eeeeef0,B[19, 6]:0,C[19, 6]:411947af
A[19, 26]:3dccccce,B[19, 6]:3ea3d70a,C[19, 6]:411a0c4b
A[19, 27]:3f3bbbbc,B[19, 6]:3f23d70a,C[19, 6]:41254fe0
A[19, 28]:3ebbbbbc,B[19, 6]:3f75c28f,C[19, 6]:412dc290
A[19, 29]:0,B[19, 6]:3e8f5c29,C[19, 6]:412dc290
A[19, 0]:3f222223,B[19, 7]:0,C[19, 7]:3f570a3e
A[19, 1]:3e888889,B[19, 7]:3eb851eb,C[19, 7]:3f7be76d
A[19, 2]:3f666667,B[19, 7]:3f3851eb,C[19, 7]:3ffa5e36
A[19, 3]:3f088889,B[19, 7]:3da3d70a,C[19, 7]:400147ae
A[19, 4]:3e2aaaab,B[19, 7]:3ee147ae,C[19, 7]:400851eb
A[19, 5]:3f4cccce,B[19, 7]:3f4ccccc,C[19, 7]:4045c28f
A[19, 6]:3edddddf,B[19, 7]:3e23d70a,C[19, 7]:404c6a7f
A[19, 7]:3d888889,B[19, 7]:3f051eb8,C[19, 7]:404fbe77
A[19, 8]:3f333334,B[19, 7]:3f6147ae,C[19, 7]:408570a4
A[19, 9]:3eaaaaab,B[19, 7]:3e75c28f,C[19, 7]:408947ae
A[19, 10]:3f777778,B[19, 7]:3f199999,C[19, 7]:40a51eb8
A[19, 11]:3f19999a,B[19, 7]:3f75c28f,C[19, 7]:40c0c49b
A[19, 12]:3e6eeef0,B[19, 7]:3ea3d70a,C[19, 7]:40c45a1c
A[19, 13]:3f5ddddf,B[19, 7]:3f2e147b,C[19, 7]:40e0a3d6
A[19, 14]:3f000000,B[19, 7]:3d23d70a,C[19, 7]:40e19999
A[19, 15]:3e088889,B[19, 7]:3ecccccc,C[19, 7]:40e428f5
A[19, 16]:3f444445,B[19, 7]:3f428f5c,C[19, 7]:41001062
A[19, 17]:3eccccce,B[19, 7]:3df5c28f,C[19, 7]:4101374b
A[19, 18]:3d088889,B[19, 7]:3ef5c28f,C[19, 7]:41019999
A[19, 19]:3f2aaaab,B[19, 7]:3f570a3d,C[19, 7]:410f0a3d
A[19, 20]:3e99999a,B[19, 7]:3e4ccccc,C[19, 7]:41107ae1
A[19, 21]:3f6eeef0,B[19, 7]:3f0f5c29,C[19, 7]:411d0625
A[19, 22]:3f111112,B[19, 7]:3f6b851e,C[19, 7]:41298938
A[19, 23]:3e4cccce,B[19, 7]:3e8f5c29,C[19, 7]:412ae148
A[19, 24]:3f555556,B[19, 7]:3f23d70a,C[19, 7]:4137ae15
A[19, 25]:3eeeeef0,B[19, 7]:0,C[19, 7]:4137ae15
A[19, 26]:3dccccce,B[19, 7]:3eb851eb,C[19, 7]:41388b44
A[19, 27]:3f3bbbbc,B[19, 7]:3f3851eb,C[19, 7]:4145374c
A[19, 28]:3ebbbbbc,B[19, 7]:3da3d70a,C[19, 7]:4145eb85
A[19, 29]:0,B[19, 7]:3ee147ae,C[19, 7]:4145eb85
A[19, 0]:3f222223,B[19, 8]:0,C[19, 8]:3f47ae16
A[19, 1]:3e888889,B[19, 8]:3ecccccc,C[19, 8]:3f70a3d9
A[19, 2]:3f666667,B[19, 8]:3f4ccccc,C[19, 8]:400147ae
A[19, 3]:3f088889,B[19, 8]:3e4ccccc,C[19, 8]:400b851f
A[19, 4]:3e2aaaab,B[19, 8]:3f199999,C[19, 8]:40151eb9
A[19, 5]:3f4cccce,B[19, 8]:0,C[19, 8]:40151eb9
A[19, 6]:3edddddf,B[19, 8]:3ecccccc,C[19, 8]:4025c290
A[19, 7]:3d888889,B[19, 8]:3f4ccccc,C[19, 8]:402ae148
A[19, 8]:3f333334,B[19, 8]:3e4ccccc,C[19, 8]:403851ec
A[19, 9]:3eaaaaab,B[19, 8]:3f199999,C[19, 8]:404b851f
A[19, 10]:3f777778,B[19, 8]:0,C[19, 8]:404b851f
A[19, 11]:3f19999a,B[19, 8]:3ecccccc,C[19, 8]:40628f5c
A[19, 12]:3e6eeef0,B[19, 8]:3f4ccccc,C[19, 8]:40747ae1
A[19, 13]:3f5ddddf,B[19, 8]:3e4ccccc,C[19, 8]:40828f5c
A[19, 14]:3f000000,B[19, 8]:3f199999,C[19, 8]:4090f5c2
A[19, 15]:3e088889,B[19, 8]:0,C[19, 8]:4090f5c2
A[19, 16]:3f444445,B[19, 8]:3ecccccc,C[19, 8]:409fae14
A[19, 17]:3eccccce,B[19, 8]:3f4ccccc,C[19, 8]:40af0a3d
A[19, 18]:3d088889,B[19, 8]:3e4ccccc,C[19, 8]:40af5c29
A[19, 19]:3f2aaaab,B[19, 8]:3f199999,C[19, 8]:40c28f5c
A[19, 20]:3e99999a,B[19, 8]:0,C[19, 8]:40c28f5c
A[19, 21]:3f6eeef0,B[19, 8]:3ecccccc,C[19, 8]:40d47ae1
A[19, 22]:3f111112,B[19, 8]:3f4ccccc,C[19, 8]:40ea3d70
A[19, 23]:3e4cccce,B[19, 8]:3e4ccccc,C[19, 8]:40ec28f5
A[19, 24]:3f555556,B[19, 8]:3f199999,C[19, 8]:4102147a
A[19, 25]:3eeeeef0,B[19, 8]:0,C[19, 8]:4102147a
A[19, 26]:3dccccce,B[19, 8]:3ecccccc,C[19, 8]:41030a3d
A[19, 27]:3f3bbbbc,B[19, 8]:3f4ccccc,C[19, 8]:41111eb8
A[19, 28]:3ebbbbbc,B[19, 8]:3e4ccccc,C[19, 8]:4112e147
A[19, 29]:0,B[19, 8]:3f199999,C[19, 8]:4112e147
A[19, 0]:3f222223,B[19, 9]:0,C[19, 9]:3f3851ec
A[19, 1]:3e888889,B[19, 9]:3ee147ae,C[19, 9]:3f656042
A[19, 2]:3f666667,B[19, 9]:3f6147ae,C[19, 9]:40056042
A[19, 3]:3f088889,B[19, 9]:3ea3d70a,C[19, 9]:4015c290
A[19, 4]:3e2aaaab,B[19, 9]:3f428f5c,C[19, 9]:4021eb86
A[19, 5]:3f4cccce,B[19, 9]:3e4ccccc,C[19, 9]:403147af
A[19, 6]:3edddddf,B[19, 9]:3f23d70a,C[19, 9]:404be76e
A[19, 7]:3d888889,B[19, 9]:3da3d70a,C[19, 9]:404c6a80
A[19, 8]:3f333334,B[19, 9]:3f051eb8,C[19, 9]:406f5c2a
A[19, 9]:3eaaaaab,B[19, 9]:3f75c28f,C[19, 9]:40870a3e
A[19, 10]:3f777778,B[19, 9]:3ecccccc,C[19, 9]:4099999a
A[19, 11]:3f19999a,B[19, 9]:3f570a3d,C[19, 9]:40b1cac1
A[19, 12]:3e6eeef0,B[19, 9]:3e8f5c29,C[19, 9]:40b4ed92
A[19, 13]:3f5ddddf,B[19, 9]:3f3851eb,C[19, 9]:40d2e148
A[19, 14]:3f000000,B[19, 9]:3e23d70a,C[19, 9]:40d6b852
A[19, 15]:3e088889,B[19, 9]:3f199999,C[19, 9]:40da8f5c
A[19, 16]:3f444445,B[19, 9]:3d23d70a,C[19, 9]:40dc0831
A[19, 17]:3eccccce,B[19, 9]:3ef5c28f,C[19, 9]:40e53f7d
A[19, 18]:3d088889,B[19, 9]:3f6b851e,C[19, 9]:40e6b852
A[19, 19]:3f2aaaab,B[19, 9]:3eb851eb,C[19, 9]:40f23d71
A[19, 20]:3e99999a,B[19, 9]:3f4ccccc,C[19, 9]:40fdc290
A[19, 21]:3f6eeef0,B[19, 9]:3e75c28f,C[19, 9]:4104418a
A[19, 22]:3f111112,B[19, 9]:3f2e147b,C[19, 9]:410d8107
A[19, 23]:3e4cccce,B[19, 9]:3df5c28f,C[19, 9]:410e147c
A[19, 24]:3f555556,B[19, 9]:3f0f5c29,C[19, 9]:411947af
A[19, 25]:3eeeeef0,B[19, 9]:0,C[19, 9]:411947af
A[19, 26]:3dccccce,B[19, 9]:3ee147ae,C[19, 9]:411a5605
A[19, 27]:3f3bbbbc,B[19, 9]:3f6147ae,C[19, 9]:4129d2f3
A[19, 28]:3ebbbbbc,B[19, 9]:3ea3d70a,C[19, 9]:412ca3d8
A[19, 29]:0,B[19, 9]:3f428f5c,C[19, 9]:412ca3d8
A[19, 0]:3f222223,B[19, 10]:0,C[19, 10]:3f28f5c3
A[19, 1]:3e888889,B[19, 10]:3ef5c28f,C[19, 10]:3f5a1cad
A[19, 2]:3f666667,B[19, 10]:3f75c28f,C[19, 10]:400978d5
A[19, 3]:3f088889,B[19, 10]:3ee147ae,C[19, 10]:40200000
A[19, 4]:3e2aaaab,B[19, 10]:3f6b851e,C[19, 10]:402eb852
A[19, 5]:3f4cccce,B[19, 10]:3ecccccc,C[19, 10]:404d70a4
A[19, 6]:3edddddf,B[19, 10]:3f6147ae,C[19, 10]:40720c4a
A[19, 7]:3d888889,B[19, 10]:3eb851eb,C[19, 10]:40745a1d
A[19, 8]:3f333334,B[19, 10]:3f570a3d,C[19, 10]:40966667
A[19, 9]:3eaaaaab,B[19, 10]:3ea3d70a,C[19, 10]:409b851f
A[19, 10]:3f777778,B[19, 10]:3f4ccccc,C[19, 10]:40c0a3d7
A[19, 11]:3f19999a,B[19, 10]:3e8f5c29,C[19, 10]:40c8b439
A[19, 12]:3e6eeef0,B[19, 10]:3f428f5c,C[19, 10]:40d1374b
A[19, 13]:3f5ddddf,B[19, 10]:3e75c28f,C[19, 10]:40db3332
A[19, 14]:3f000000,B[19, 10]:3f3851eb,C[19, 10]:40ec7ae0
A[19, 15]:3e088889,B[19, 10]:3e4ccccc,C[19, 10]:40edc28e
A[19, 16]:3f444445,B[19, 10]:3f2e147b,C[19, 10]:4103645a
A[19, 17]:3eccccce,B[19, 10]:3e23d70a,C[19, 10]:4104ed91
A[19, 18]:3d088889,B[19, 10]:3f23d70a,C[19, 10]:410570a3
A[19, 19]:3f2aaaab,B[19, 10]:3df5c28f,C[19, 10]:41075c28
A[19, 20]:3e99999a,B[19, 10]:3f199999,C[19, 10]:410bae14
A[19, 21]:3f6eeef0,B[19, 10]:3da3d70a,C[19, 10]:410d78d5
A[19, 22]:3f111112,B[19, 10]:3f0f5c29,C[19, 10]:41151687
A[19, 23]:3e4cccce,B[19, 10]:3d23d70a,C[19, 10]:411547ae
A[19, 24]:3f555556,B[19, 10]:3f051eb8,C[19, 10]:411fae14
A[19, 25]:3eeeeef0,B[19, 10]:0,C[19, 10]:411fae14
A[19, 26]:3dccccce,B[19, 10]:3ef5c28f,C[19, 10]:4120d4fd
A[19, 27]:3f3bbbbc,B[19, 10]:3f75c28f,C[19, 10]:4131ba5d
A[19, 28]:3ebbbbbc,B[19, 10]:3ee147ae,C[19, 10]:41359998
A[19, 29]:0,B[19, 10]:3f6b851e,C[19, 10]:41359998
A[19, 0]:3f222223,B[19, 11]:0,C[19, 11]:3f19999a
A[19, 1]:3e888889,B[19, 11]:3f051eb8,C[19, 11]:3f4ed917
A[19, 2]:3f666667,B[19, 11]:3d23d70a,C[19, 11]:3f5cac09
A[19, 3]:3f088889,B[19, 11]:3f0f5c29,C[19, 11]:3fa7ae15
A[19, 4]:3e2aaaab,B[19, 11]:3da3d70a,C[19, 11]:3faa3d71
A[19, 5]:3f4cccce,B[19, 11]:3f199999,C[19, 11]:40033333
A[19, 6]:3edddddf,B[19, 11]:3df5c28f,C[19, 11]:40083127
A[19, 7]:3d888889,B[19, 11]:3f23d70a,C[19, 11]:400c49ba
A[19, 8]:3f333334,B[19, 11]:3e23d70a,C[19, 11]:40170a3d
A[19, 9]:3eaaaaab,B[19, 11]:3f2e147b,C[19, 11]:402ccccc
A[19, 10]:3f777778,B[19, 11]:3e4ccccc,C[19, 11]:403f5c28
A[19, 11]:3f19999a,B[19, 11]:3f3851eb,C[19, 11]:4068d4fd
A[19, 12]:3e6eeef0,B[19, 11]:3e75c28f,C[19, 11]:406e353f
A[19, 13]:3f5ddddf,B[19, 11]:3f428f5c,C[19, 11]:4096b852
A[19, 14]:3f000000,B[19, 11]:3e8f5c29,C[19, 11]:409d70a4
A[19, 15]:3e088889,B[19, 11]:3f4ccccc,C[19, 11]:40a28f5c
A[19, 16]:3f444445,B[19, 11]:3ea3d70a,C[19, 11]:40ae5604
A[19, 17]:3eccccce,B[19, 11]:3f570a3d,C[19, 11]:40be76c9
A[19, 18]:3d088889,B[19, 11]:3eb851eb,C[19, 11]:40bf0a3e
A[19, 19]:3f2aaaab,B[19, 11]:3f6147ae,C[19, 11]:40db3334
A[19, 20]:3e99999a,B[19, 11]:3ecccccc,C[19, 11]:40e0f5c3
A[19, 21]:3f6eeef0,B[19, 11]:3f6b851e,C[19, 11]:41051687
A[19, 22]:3f111112,B[19, 11]:3ee147ae,C[19, 11]:410b126e
A[19, 23]:3e4cccce,B[19, 11]:3f75c28f,C[19, 11]:410fae14
A[19, 24]:3f555556,B[19, 11]:3ef5c28f,C[19, 11]:411947ae
A[19, 25]:3eeeeef0,B[19, 11]:0,C[19, 11]:411947ae
A[19, 26]:3dccccce,B[19, 11]:3f051eb8,C[19, 11]:411a872b
A[19, 27]:3f3bbbbc,B[19, 11]:3d23d70a,C[19, 11]:411b3b64
A[19, 28]:3ebbbbbc,B[19, 11]:3f0f5c29,C[19, 11]:412028f5
A[19, 29]:0,B[19, 11]:3da3d70a,C[19, 11]:412028f5
A[19, 0]:3f222223,B[19, 12]:0,C[19, 12]:3f0a3d71
A[19, 1]:3e888889,B[19, 12]:3f0f5c29,C[19, 12]:3f439582
A[19, 2]:3f666667,B[19, 12]:3df5c28f,C[19, 12]:3f6d0e57
A[19, 3]:3f088889,B[19, 12]:3f2e147b,C[19, 12]:3fbc28f6
A[19, 4]:3e2aaaab,B[19, 12]:3e75c28f,C[19, 12]:3fc3d70a
A[19, 5]:3f4cccce,B[19, 12]:3f4ccccc,C[19, 12]:401f5c29
A[19, 6]:3edddddf,B[19, 12]:3eb851eb,C[19, 12]:402e5604
A[19, 7]:3d888889,B[19, 12]:3f6b851e,C[19, 12]:40343958
A[19, 8]:3f333334,B[19, 12]:3ef5c28f,C[19, 12]:40547ae1
A[19, 9]:3eaaaaab,B[19, 12]:3d23d70a,C[19, 12]:4055c28f
A[19, 10]:3f777778,B[19, 12]:3f199999,C[19, 12]:4086b852
A[19, 11]:3f19999a,B[19, 12]:3e23d70a,C[19, 12]:408b53f8
A[19, 12]:3e6eeef0,B[19, 12]:3f3851eb,C[19, 12]:4093645a
A[19, 13]:3f5ddddf,B[19, 12]:3e8f5c29,C[19, 12]:409f0a3d
A[19, 14]:3f000000,B[19, 12]:3f570a3d,C[19, 12]:40b33333
A[19, 15]:3e088889,B[19, 12]:3ecccccc,C[19, 12]:40b5c28f
A[19, 16]:3f444445,B[19, 12]:3f75c28f,C[19, 12]:40d91687
A[19, 17]:3eccccce,B[19, 12]:3f051eb8,C[19, 12]:40e3126e
A[19, 18]:3d088889,B[19, 12]:3da3d70a,C[19, 12]:40e33333
A[19, 19]:3f2aaaab,B[19, 12]:3f23d70a,C[19, 12]:40f7ae14
A[19, 20]:3e99999a,B[19, 12]:3e4ccccc,C[19, 12]:40fa8f5c
A[19, 21]:3f6eeef0,B[19, 12]:3f428f5c,C[19, 12]:410e4dd3
A[19, 22]:3f111112,B[19, 12]:3ea3d70a,C[19, 12]:4112a7f0
A[19, 23]:3e4cccce,B[19, 12]:3f6147ae,C[19, 12]:4116e148
A[19, 24]:3f555556,B[19, 12]:3ee147ae,C[19, 12]:411fae15
A[19, 25]:3eeeeef0,B[19, 12]:0,C[19, 12]:411fae15
A[19, 26]:3dccccce,B[19, 12]:3f0f5c29,C[19, 12]:41210625
A[19, 27]:3f3bbbbc,B[19, 12]:3df5c28f,C[19, 12]:412322d1
A[19, 28]:3ebbbbbc,B[19, 12]:3f2e147b,C[19, 12]:41291eb8
A[19, 29]:0,B[19, 12]:3e75c28f,C[19, 12]:41291eb8
A[19, 0]:3f222223,B[19, 13]:0,C[19, 13]:3ef5c290
A[19, 1]:3e888889,B[19, 13]:3f199999,C[19, 13]:3f3851ec
A[19, 2]:3f666667,B[19, 13]:3e4ccccc,C[19, 13]:3f7d70a4
A[19, 3]:3f088889,B[19, 13]:3f4ccccc,C[19, 13]:3fd0a3d8
A[19, 4]:3e2aaaab,B[19, 13]:3ecccccc,C[19, 13]:3fdd70a5
A[19, 5]:3f4cccce,B[19, 13]:0,C[19, 13]:3fdd70a5
A[19, 6]:3edddddf,B[19, 13]:3f199999,C[19, 13]:4007ae15
A[19, 7]:3d888889,B[19, 13]:3e4ccccc,C[19, 13]:4008f5c3
A[19, 8]:3f333334,B[19, 13]:3f4ccccc,C[19, 13]:403eb852
A[19, 9]:3eaaaaab,B[19, 13]:3ecccccc,C[19, 13]:404b851f
A[19, 10]:3f777778,B[19, 13]:0,C[19, 13]:404b851f
A[19, 11]:3f19999a,B[19, 13]:3f199999,C[19, 13]:406e147b
A[19, 12]:3e6eeef0,B[19, 13]:3e4ccccc,C[19, 13]:40728f5c
A[19, 13]:3f5ddddf,B[19, 13]:3f4ccccc,C[19, 13]:409a8f5c
A[19, 14]:3f000000,B[19, 13]:3ecccccc,C[19, 13]:40a428f6
A[19, 15]:3e088889,B[19, 13]:0,C[19, 13]:40a428f6
A[19, 16]:3f444445,B[19, 13]:3f199999,C[19, 13]:40ba3d71
A[19, 17]:3eccccce,B[19, 13]:3e4ccccc,C[19, 13]:40be147b
A[19, 18]:3d088889,B[19, 13]:3f4ccccc,C[19, 13]:40bf5c29
A[19, 19]:3f2aaaab,B[19, 13]:3ecccccc,C[19, 13]:40cc28f6
A[19, 20]:3e99999a,B[19, 13]:0,C[19, 13]:40cc28f6
A[19, 21]:3f6eeef0,B[19, 13]:3f199999,C[19, 13]:40e70a3e
A[19, 22]:3f111112,B[19, 13]:3e4ccccc,C[19, 13]:40ec7ae2
A[19, 23]:3e4cccce,B[19, 13]:3f4ccccc,C[19, 13]:40f428f6
A[19, 24]:3f555556,B[19, 13]:3ecccccc,C[19, 13]:4102147b
A[19, 25]:3eeeeef0,B[19, 13]:0,C[19, 13]:4102147b
A[19, 26]:3dccccce,B[19, 13]:3f199999,C[19, 13]:4103851f
A[19, 27]:3f3bbbbc,B[19, 13]:3e4ccccc,C[19, 13]:41070a3e
A[19, 28]:3ebbbbbc,B[19, 13]:3f4ccccc,C[19, 13]:410e147b
A[19, 29]:0,B[19, 13]:3ecccccc,C[19, 13]:410e147b
A[19, 0]:3f222223,B[19, 14]:0,C[19, 14]:3ed70a3e
A[19, 1]:3e888889,B[19, 14]:3f23d70a,C[19, 14]:3f2d0e56
A[19, 2]:3f666667,B[19, 14]:3e8f5c29,C[19, 14]:3f86e979
A[19, 3]:3f088889,B[19, 14]:3f6b851e,C[19, 14]:3fe51eb9
A[19, 4]:3e2aaaab,B[19, 14]:3f0f5c29,C[19, 14]:3ff70a3e
A[19, 5]:3f4cccce,B[19, 14]:3e4ccccc,C[19, 14]:400ae148
A[19, 6]:3edddddf,B[19, 14]:3f570a3d,C[19, 14]:402dd2f2
A[19, 7]:3d888889,B[19, 14]:3ef5c28f,C[19, 14]:4030e561
A[19, 8]:3f333334,B[19, 14]:3df5c28f,C[19, 14]:4038f5c3
A[19, 9]:3eaaaaab,B[19, 14]:3f428f5c,C[19, 14]:405147ae
A[19, 10]:3f777778,B[19, 14]:3ecccccc,C[19, 14]:40766666
A[19, 11]:3f19999a,B[19, 14]:3d23d70a,C[19, 14]:4078b439
A[19, 12]:3e6eeef0,B[19, 14]:3f2e147b,C[19, 14]:4083f7cf
A[19, 13]:3f5ddddf,B[19, 14]:3ea3d70a,C[19, 14]:409147ae
A[19, 14]:3f000000,B[19, 14]:3f75c28f,C[19, 14]:40a851eb
A[19, 15]:3e088889,B[19, 14]:3f199999,C[19, 14]:40ac28f5
A[19, 16]:3f444445,B[19, 14]:3e75c28f,C[19, 14]:40b4fdf3
A[19, 17]:3eccccce,B[19, 14]:3f6147ae,C[19, 14]:40c5e353
A[19, 18]:3d088889,B[19, 14]:3f051eb8,C[19, 14]:40c6b851
A[19, 19]:3f2aaaab,B[19, 14]:3e23d70a,C[19, 14]:40cbd709
A[19, 20]:3e99999a,B[19, 14]:3f4ccccc,C[19, 14]:40d75c28
A[19, 21]:3f6eeef0,B[19, 14]:3ee147ae,C[19, 14]:40eb126e
A[19, 22]:3f111112,B[19, 14]:3da3d70a,C[19, 14]:40ed3f7c
A[19, 23]:3e4cccce,B[19, 14]:3f3851eb,C[19, 14]:40f428f5
A[19, 24]:3f555556,B[19, 14]:3eb851eb,C[19, 14]:410147ae
A[19, 25]:3eeeeef0,B[19, 14]:0,C[19, 14]:410147ae
A[19, 26]:3dccccce,B[19, 14]:3f23d70a,C[19, 14]:4102d0e5
A[19, 27]:3f3bbbbc,B[19, 14]:3e8f5c29,C[19, 14]:4107be76
A[19, 28]:3ebbbbbc,B[19, 14]:3f6b851e,C[19, 14]:410fd709
A[19, 29]:0,B[19, 14]:3f0f5c29,C[19, 14]:410fd709
A[19, 0]:3f222223,B[19, 15]:0,C[19, 15]:3eb851ec
A[19, 1]:3e888889,B[19, 15]:3f2e147b,C[19, 15]:3f21cac1
A[19, 2]:3f666667,B[19, 15]:3eb851eb,C[19, 15]:3f8f1aa0
A[19, 3]:3f088889,B[19, 15]:3d23d70a,C[19, 15]:3f933333
A[19, 4]:3e2aaaab,B[19, 15]:3f3851eb,C[19, 15]:3faa3d70
A[19, 5]:3f4cccce,B[19, 15]:3ecccccc,C[19, 15]:3fe7ae14
A[19, 6]:3edddddf,B[19, 15]:3da3d70a,C[19, 15]:3fee5604
A[19, 7]:3d888889,B[19, 15]:3f428f5c,C[19, 15]:3ff81062
A[19, 8]:3f333334,B[19, 15]:3ee147ae,C[19, 15]:4019999a
A[19, 9]:3eaaaaab,B[19, 15]:3df5c28f,C[19, 15]:401d70a4
A[19, 10]:3f777778,B[19, 15]:3f4ccccc,C[19, 15]:4067ae14
A[19, 11]:3f19999a,B[19, 15]:3ef5c28f,C[19, 15]:4081a9fc
A[19, 12]:3e6eeef0,B[19, 15]:3e23d70a,C[19, 15]:408374bd
A[19, 13]:3f5ddddf,B[19, 15]:3f570a3d,C[19, 15]:40a66667
A[19, 14]:3f000000,B[19, 15]:3f051eb8,C[19, 15]:40b2e148
A[19, 15]:3e088889,B[19, 15]:3e4ccccc,C[19, 15]:40b428f6
A[19, 16]:3f444445,B[19, 15]:3f6147ae,C[19, 15]:40d48b44
A[19, 17]:3eccccce,B[19, 15]:3f0f5c29,C[19, 15]:40df4bc7
A[19, 18]:3d088889,B[19, 15]:3e75c28f,C[19, 15]:40dfae15
A[19, 19]:3f2aaaab,B[19, 15]:3f6b851e,C[19, 15]:40fd1eb9
A[19, 20]:3e99999a,B[19, 15]:3f199999,C[19, 15]:4102e148
A[19, 21]:3f6eeef0,B[19, 15]:3e8f5c29,C[19, 15]:410926ea
A[19, 22]:3f111112,B[19, 15]:3f75c28f,C[19, 15]:41163540
A[19, 23]:3e4cccce,B[19, 15]:3f23d70a,C[19, 15]:411947af
A[19, 24]:3f555556,B[19, 15]:3ea3d70a,C[19, 15]:411fae15
A[19, 25]:3eeeeef0,B[19, 15]:0,C[19, 15]:411fae15
A[19, 26]:3dccccce,B[19, 15]:3f2e147b,C[19, 15]:41214fe0
A[19, 27]:3f3bbbbc,B[19, 15]:3eb851eb,C[19, 15]:4127a5e4
A[19, 28]:3ebbbbbc,B[19, 15]:3d23d70a,C[19, 15]:41280001
A[19, 29]:0,B[19, 15]:3f3851eb,C[19, 15]:41280001
A[19, 0]:3f222223,B[19, 16]:0,C[19, 16]:3e99999a
A[19, 1]:3e888889,B[19, 16]:3f3851eb,C[19, 16]:3f16872c
A[19, 2]:3f666667,B[19, 16]:3ee147ae,C[19, 16]:3f974bc7
A[19, 3]:3f088889,B[19, 16]:3e23d70a,C[19, 16]:3fa7ae15
A[19, 4]:3e2aaaab,B[19, 16]:3f6147ae,C[19, 16]:3fc3d70b
A[19, 5]:3f4cccce,B[19, 16]:3f199999,C[19, 16]:40100000
A[19, 6]:3edddddf,B[19, 16]:3ea3d70a,C[19, 16]:401d4fdf
A[19, 7]:3d888889,B[19, 16]:3d23d70a,C[19, 16]:401d9168
A[19, 8]:3f333334,B[19, 16]:3f428f5c,C[19, 16]:4050a3d7
A[19, 9]:3eaaaaab,B[19, 16]:3ef5c28f,C[19, 16]:40600000
A[19, 10]:3f777778,B[19, 16]:3e4ccccc,C[19, 16]:40728f5c
A[19, 11]:3f19999a,B[19, 16]:3f6b851e,C[19, 16]:4093c6a8
A[19, 12]:3e6eeef0,B[19, 16]:3f23d70a,C[19, 16]:409af1aa
A[19, 13]:3f5ddddf,B[19, 16]:3eb851eb,C[19, 16]:40a9eb85
A[19, 14]:3f000000,B[19, 16]:3da3d70a,C[19, 16]:40abd70a
A[19, 15]:3e088889,B[19, 16]:3f4ccccc,C[19, 16]:40b0f5c2
A[19, 16]:3f444445,B[19, 16]:3f051eb8,C[19, 16]:40c41893
A[19, 17]:3eccccce,B[19, 16]:3e75c28f,C[19, 16]:40c8b439
A[19, 18]:3d088889,B[19, 16]:3f75c28f,C[19, 16]:40ca3d70
A[19, 19]:3f2aaaab,B[19, 16]:3f2e147b,C[19, 16]:40dfffff
A[19, 20]:3e99999a,B[19, 16]:3ecccccc,C[19, 16]:40e5c28e
A[19, 21]:3f6eeef0,B[19, 16]:3df5c28f,C[19, 16]:40eb22d0
A[19, 22]:3f111112,B[19, 16]:3f570a3d,C[19, 16]:4100fdf3
A[19, 23]:3e4cccce,B[19, 16]:3f0f5c29,C[19, 16]:4103ae14
A[19, 24]:3f555556,B[19, 16]:3e8f5c29,C[19, 16]:410947ae
A[19, 25]:3eeeeef0,B[19, 16]:0,C[19, 16]:410947ae
A[19, 26]:3dccccce,B[19, 16]:3f3851eb,C[19, 16]:410b020c
A[19, 27]:3f3bbbbc,B[19, 16]:3ee147ae,C[19, 16]:4112c083
A[19, 28]:3ebbbbbc,B[19, 16]:3e23d70a,C[19, 16]:411428f6
A[19, 29]:0,B[19, 16]:3f6147ae,C[19, 16]:411428f6
A[19, 0]:3f222223,B[19, 17]:0,C[19, 17]:3e75c290
A[19, 1]:3e888889,B[19, 17]:3f428f5c,C[19, 17]:3f0b4396
A[19, 2]:3f666667,B[19, 17]:3f051eb8,C[19, 17]:3f9f7cee
A[19, 3]:3f088889,B[19, 17]:3e8f5c29,C[19, 17]:3fbc28f6
A[19, 4]:3e2aaaab,B[19, 17]:3d23d70a,C[19, 17]:3fbd70a4
A[19, 5]:3f4cccce,B[19, 17]:3f4ccccc,C[19, 17]:401c28f6
A[19, 6]:3edddddf,B[19, 17]:3f0f5c29,C[19, 17]:403374bd
A[19, 7]:3d888889,B[19, 17]:3ea3d70a,C[19, 17]:40358107
A[19, 8]:3f333334,B[19, 17]:3da3d70a,C[19, 17]:403ae149
A[19, 9]:3eaaaaab,B[19, 17]:3f570a3d,C[19, 17]:4055c291
A[19, 10]:3f777778,B[19, 17]:3f199999,C[19, 17]:4086b853
A[19, 11]:3f19999a,B[19, 17]:3eb851eb,C[19, 17]:40911688
A[19, 12]:3e6eeef0,B[19, 17]:3df5c28f,C[19, 17]:40926e98
A[19, 13]:3f5ddddf,B[19, 17]:3f6147ae,C[19, 17]:40b70a3e
A[19, 14]:3f000000,B[19, 17]:3f23d70a,C[19, 17]:40c66667
A[19, 15]:3e088889,B[19, 17]:3ecccccc,C[19, 17]:40c8f5c3
A[19, 16]:3f444445,B[19, 17]:3e23d70a,C[19, 17]:40ced917
A[19, 17]:3eccccce,B[19, 17]:3f6b851e,C[19, 17]:40e08313
A[19, 18]:3d088889,B[19, 17]:3f2e147b,C[19, 17]:40e1999a
A[19, 19]:3f2aaaab,B[19, 17]:3ee147ae,C[19, 17]:40efae15
A[19, 20]:3e99999a,B[19, 17]:3e4ccccc,C[19, 17]:40f28f5d
A[19, 21]:3f6eeef0,B[19, 17]:3f75c28f,C[19, 17]:410ec8b5
A[19, 22]:3f111112,B[19, 17]:3f3851eb,C[19, 17]:41189376
A[19, 23]:3e4cccce,B[19, 17]:3ef5c28f,C[19, 17]:411ae149
A[19, 24]:3f555556,B[19, 17]:3e75c28f,C[19, 17]:411fae16
A[19, 25]:3eeeeef0,B[19, 17]:0,C[19, 17]:411fae16
A[19, 26]:3dccccce,B[19, 17]:3f428f5c,C[19, 17]:41218108
A[19, 27]:3f3bbbbc,B[19, 17]:3f051eb8,C[19, 17]:412aa7f1
A[19, 28]:3ebbbbbc,B[19, 17]:3e8f5c29,C[19, 17]:412d1eba
A[19, 29]:0,B[19, 17]:3d23d70a,C[19, 17]:412d1eba
A[19, 0]:3f222223,B[19, 18]:0,C[19, 18]:3e3851ec
A[19, 1]:3e888889,B[19, 18]:3f4ccccc,C[19, 18]:3f000000
A[19, 2]:3f666667,B[19, 18]:3f199999,C[19, 18]:3fa7ae14
A[19, 3]:3f088889,B[19, 18]:3ecccccc,C[19, 18]:3fd0a3d7
A[19, 4]:3e2aaaab,B[19, 18]:3e4ccccc,C[19, 18]:3fd70a3d
A[19, 5]:3f4cccce,B[19, 18]:0,C[19, 18]:3fd70a3d
A[19, 6]:3edddddf,B[19, 18]:3f4ccccc,C[19, 18]:400ccccc
A[19, 7]:3d888889,B[19, 18]:3f199999,C[19, 18]:4010a3d6
A[19, 8]:3f333334,B[19, 18]:3ecccccc,C[19, 18]:402b851e
A[19, 9]:3eaaaaab,B[19, 18]:3e4ccccc,C[19, 18]:4031eb84
A[19, 10]:3f777778,B[19, 18]:0,C[19, 18]:4031eb84
A[19, 11]:3f19999a,B[19, 18]:3f4ccccc,C[19, 18]:405fffff
A[19, 12]:3e6eeef0,B[19, 18]:3f199999,C[19, 18]:406d70a3
A[19, 13]:3f5ddddf,B[19, 18]:3ecccccc,C[19, 18]:40875c28
A[19, 14]:3f000000,B[19, 18]:3e4ccccc,C[19, 18]:408c28f5
A[19, 15]:3e088889,B[19, 18]:0,C[19, 18]:408c28f5
A[19, 16]:3f444445,B[19, 18]:3f4ccccc,C[19, 18]:40a99999
A[19, 17]:3eccccce,B[19, 18]:3f199999,C[19, 18]:40b51eb8
A[19, 18]:3d088889,B[19, 18]:3ecccccc,C[19, 18]:40b5c28f
A[19, 19]:3f2aaaab,B[19, 18]:3e4ccccc,C[19, 18]:40bc28f5
A[19, 20]:3e99999a,B[19, 18]:0,C[19, 18]:40bc28f5
A[19, 21]:3f6eeef0,B[19, 18]:3f4ccccc,C[19, 18]:40dfffff
A[19, 22]:3f111112,B[19, 18]:3f199999,C[19, 18]:40f051ea
A[19, 23]:3e4cccce,B[19, 18]:3ecccccc,C[19, 18]:40f428f4
A[19, 24]:3f555556,B[19, 18]:3e4ccccc,C[19, 18]:40fc28f4
A[19, 25]:3eeeeef0,B[19, 18]:0,C[19, 18]:40fc28f4
A[19, 26]:3dccccce,B[19, 18]:3f4ccccc,C[19, 18]:40fffffe
A[19, 27]:3f3bbbbc,B[19, 18]:3f199999,C[19, 18]:410a8f5b
A[19, 28]:3ebbbbbc,B[19, 18]:3ecccccc,C[19, 18]:410e147a
A[19, 29]:0,B[19, 18]:3e4ccccc,C[19, 18]:410e147a
A[19, 0]:3f222223,B[19, 19]:0,C[19, 19]:3df5c290
A[19, 1]:3e888889,B[19, 19]:3f570a3d,C[19, 19]:3ee978d6
A[19, 2]:3f666667,B[19, 19]:3f2e147b,C[19, 19]:3fafdf3c
A[19, 3]:3f088889,B[19, 19]:3f051eb8,C[19, 19]:3fe51eb9
A[19, 4]:3e2aaaab,B[19, 19]:3eb851eb,C[19, 19]:3ff0a3d8
A[19, 5]:3f4cccce,B[19, 19]:3e4ccccc,C[19, 19]:4007ae15
A[19, 6]:3edddddf,B[19, 19]:3d23d70a,C[19, 19]:40095811
A[19, 7]:3d888889,B[19, 19]:3f6147ae,C[19, 19]:400ef9dc
A[19, 8]:3f333334,B[19, 19]:3f3851eb,C[19, 19]:403f5c2a
A[19, 9]:3eaaaaab,B[19, 19]:3f0f5c29,C[19, 19]:405147af
A[19, 10]:3f777778,B[19, 19]:3ecccccc,C[19, 19]:40766667
A[19, 11]:3f19999a,B[19, 19]:3e75c28f,C[19, 19]:40821cac
A[19, 12]:3e6eeef0,B[19, 19]:3da3d70a,C[19, 19]:4083020c
A[19, 13]:3f5ddddf,B[19, 19]:3f6b851e,C[19, 19]:40a947ae
A[19, 14]:3f000000,B[19, 19]:3f428f5c,C[19, 19]:40bb851f
A[19, 15]:3e088889,B[19, 19]:3f199999,C[19, 19]:40bf5c29
A[19, 16]:3f444445,B[19, 19]:3ee147ae,C[19, 19]:40cf8d50
A[19, 17]:3eccccce,B[19, 19]:3e8f5c29,C[19, 19]:40d4ed92
A[19, 18]:3d088889,B[19, 19]:3df5c28f,C[19, 19]:40d51eb9
A[19, 19]:3f2aaaab,B[19, 19]:3f75c28f,C[19, 19]:40f3d70b
A[19, 20]:3e99999a,B[19, 19]:3f4ccccc,C[19, 19]:40ff5c2a
A[19, 21]:3f6eeef0,B[19, 19]:3f23d70a,C[19, 19]:410e0419
A[19, 22]:3f111112,B[19, 19]:3ef5c28f,C[19, 19]:41148b44
A[19, 23]:3e4cccce,B[19, 19]:3ea3d70a,C[19, 19]:4116147b
A[19, 24]:3f555556,B[19, 19]:3e23d70a,C[19, 19]:411947ae
A[19, 25]:3eeeeef0,B[19, 19]:0,C[19, 19]:411947ae
A[19, 26]:3dccccce,B[19, 19]:3f570a3d,C[19, 19]:411b4bc7
A[19, 27]:3f3bbbbc,B[19, 19]:3f2e147b,C[19, 19]:41274396
A[19, 28]:3ebbbbbc,B[19, 19]:3f051eb8,C[19, 19]:412bd70b
A[19, 29]:0,B[19, 19]:3eb851eb,C[19, 19]:412bd70b
A[19, 0]:3f222223,B[19, 20]:0,C[19, 20]:3d75c290
A[19, 1]:3e888889,B[19, 20]:3f6147ae,C[19, 20]:3ed2f1ab
A[19, 2]:3f666667,B[19, 20]:3f428f5c,C[19, 20]:3fb81063
A[19, 3]:3f088889,B[19, 20]:3f23d70a,C[19, 20]:3ff9999a
A[19, 4]:3e2aaaab,B[19, 20]:3f051eb8,C[19, 20]:40051eb8
A[19, 5]:3f4cccce,B[19, 20]:3ecccccc,C[19, 20]:4023d70a
A[19, 6]:3edddddf,B[19, 20]:3e8f5c29,C[19, 20]:402f7ced
A[19, 7]:3d888889,B[19, 20]:3e23d70a,C[19, 20]:40308312
A[19, 8]:3f333334,B[19, 20]:3d23d70a,C[19, 20]:40333333
A[19, 9]:3eaaaaab,B[19, 20]:3f6b851e,C[19, 20]:4050a3d7
A[19, 10]:3f777778,B[19, 20]:3f4ccccc,C[19, 20]:408d70a4
A[19, 11]:3f19999a,B[19, 20]:3f2e147b,C[19, 20]:40a10625
A[19, 12]:3e6eeef0,B[19, 20]:3f0f5c29,C[19, 20]:40a74bc7
A[19, 13]:3f5ddddf,B[19, 20]:3ee147ae,C[19, 20]:40b9999a
A[19, 14]:3f000000,B[19, 20]:3ea3d70a,C[19, 20]:40c147ae
A[19, 15]:3e088889,B[19, 20]:3e4ccccc,C[19, 20]:40c28f5c
A[19, 16]:3f444445,B[19, 20]:3da3d70a,C[19, 20]:40c58106
A[19, 17]:3eccccce,B[19, 20]:3f75c28f,C[19, 20]:40d7ef9e
A[19, 18]:3d088889,B[19, 20]:3f570a3d,C[19, 20]:40d947ae
A[19, 19]:3f2aaaab,B[19, 20]:3f3851eb,C[19, 20]:40f051eb
A[19, 20]:3e99999a,B[19, 20]:3f199999,C[19, 20]:40f8f5c2
A[19, 21]:3f6eeef0,B[19, 20]:3ef5c28f,C[19, 20]:41073b64
A[19, 22]:3f111112,B[19, 20]:3eb851eb,C[19, 20]:410c20c4
A[19, 23]:3e4cccce,B[19, 20]:3e75c28f,C[19, 20]:410d47ad
A[19, 24]:3f555556,B[19, 20]:3df5c28f,C[19, 20]:410fae13
A[19, 25]:3eeeeef0,B[19, 20]:0,C[19, 20]:410fae13
A[19, 26]:3dccccce,B[19, 20]:3f6147ae,C[19, 20]:4111cabf
A[19, 27]:3f3bbbbc,B[19, 20]:3f428f5c,C[19, 20]:411f2b01
A[19, 28]:3ebbbbbc,B[19, 20]:3f23d70a,C[19, 20]:4124cccc
A[19, 29]:0,B[19, 20]:3f051eb8,C[19, 20]:4124cccc
A[19, 0]:3f222223,B[19, 21]:0,C[19, 21]:0
A[19, 1]:3e888889,B[19, 21]:3f6b851e,C[19, 21]:3ebc6a80
A[19, 2]:3f666667,B[19, 21]:3f570a3d,C[19, 21]:3fc04189
A[19, 3]:3f088889,B[19, 21]:3f428f5c,C[19, 21]:40070a3e
A[19, 4]:3e2aaaab,B[19, 21]:3f2e147b,C[19, 21]:4011eb86
A[19, 5]:3f4cccce,B[19, 21]:3f199999,C[19, 21]:40400001
A[19, 6]:3edddddf,B[19, 21]:3f051eb8,C[19, 21]:4055a1cc
A[19, 7]:3d888889,B[19, 21]:3ee147ae,C[19, 21]:405872b1
A[19, 8]:3f333334,B[19, 21]:3eb851eb,C[19, 21]:4070a3d8
A[19, 9]:3eaaaaab,B[19, 21]:3e8f5c29,C[19, 21]:4079999b
A[19, 10]:3f777778,B[19, 21]:3e4ccccc,C[19, 21]:4086147c
A[19, 11]:3f19999a,B[19, 21]:3df5c28f,C[19, 21]:40898938
A[19, 12]:3e6eeef0,B[19, 21]:3d23d70a,C[19, 21]:4089fbe8
A[19, 13]:3f5ddddf,B[19, 21]:3f75c28f,C[19, 21]:40b1eb86
A[19, 14]:3f000000,B[19, 21]:3f6147ae,C[19, 21]:40c70a3e
A[19, 15]:3e088889,B[19, 21]:3f4ccccc,C[19, 21]:40cc28f6
A[19, 16]:3f444445,B[19, 21]:3f3851eb,C[19, 21]:40e6a7f0
A[19, 17]:3eccccce,B[19, 21]:3f23d70a,C[19, 21]:40f2f1aa
A[19, 18]:3d088889,B[19, 21]:3f0f5c29,C[19, 21]:40f3d70a
A[19, 19]:3f2aaaab,B[19, 21]:3ef5c28f,C[19, 21]:41019999
A[19, 20]:3e99999a,B[19, 21]:3ecccccc,C[19, 21]:41047ae1
A[19, 21]:3f6eeef0,B[19, 21]:3ea3d70a,C[19, 21]:410ba5e3
A[19, 22]:3f111112,B[19, 21]:3e75c28f,C[19, 21]:410ee979
A[19, 23]:3e4cccce,B[19, 21]:3e23d70a,C[19, 21]:410fae15
A[19, 24]:3f555556,B[19, 21]:3da3d70a,C[19, 21]:411147af
A[19, 25]:3eeeeef0,B[19, 21]:0,C[19, 21]:411147af
A[19, 26]:3dccccce,B[19, 21]:3f6b851e,C[19, 21]:41137cee
A[19, 27]:3f3bbbbc,B[19, 21]:3f570a3d,C[19, 21]:412245a2
A[19, 28]:3ebbbbbc,B[19, 21]:3f428f5c,C[19, 21]:4128f5c3
A[19, 29]:0,B[19, 21]:3f2e147b,C[19, 21]:4128f5c3
A[19, 0]:3f222223,B[19, 22]:0,C[19, 22]:3f91eb85
A[19, 1]:3e888889,B[19, 22]:3f75c28f,C[19, 22]:3fc3126f
A[19, 2]:3f666667,B[19, 22]:3f6b851e,C[19, 22]:40310625
A[19, 3]:3f088889,B[19, 22]:3f6147ae,C[19, 22]:405e147b
A[19, 4]:3e2aaaab,B[19, 22]:3f570a3d,C[19, 22]:406b851f
A[19, 5]:3f4cccce,B[19, 22]:3f4ccccc,C[19, 22]:40947ae1
A[19, 6]:3edddddf,B[19, 22]:3f428f5c,C[19, 22]:40a449ba
A[19, 7]:3d888889,B[19, 22]:3f3851eb,C[19, 22]:40a6978d
A[19, 8]:3f333334,B[19, 22]:3f2e147b,C[19, 22]:40bd70a4
A[19, 9]:3eaaaaab,B[19, 22]:3f23d70a,C[19, 22]:40c7ae15
A[19, 10]:3f777778,B[19, 22]:3f199999,C[19, 22]:40e3851f
A[19, 11]:3f19999a,B[19, 22]:3f0f5c29,C[19, 22]:40f3a5e4
A[19, 12]:3e6eeef0,B[19, 22]:3f051eb8,C[19, 22]:40f978d6
A[19, 13]:3f5ddddf,B[19, 22]:3ef5c28f,C[19, 22]:4106b852
A[19, 14]:3f000000,B[19, 22]:3ee147ae,C[19, 22]:410c0000
A[19, 15]:3e088889,B[19, 22]:3ecccccc,C[19, 22]:410d47ae
A[19, 16]:3f444445,B[19, 22]:3eb851eb,C[19, 22]:4113e76c
A[19, 17]:3eccccce,B[19, 22]:3ea3d70a,C[19, 22]:4116f9db
A[19, 18]:3d088889,B[19, 22]:3e8f5c29,C[19, 22]:41173333
A[19, 19]:3f2aaaab,B[19, 22]:3e75c28f,C[19, 22]:411b0a3d
A[19, 20]:3e99999a,B[19, 22]:3e4ccccc,C[19, 22]:411c7ae1
A[19, 21]:3f6eeef0,B[19, 22]:3e23d70a,C[19, 22]:41201062
A[19, 22]:3f111112,B[19, 22]:3df5c28f,C[19, 22]:4121b22d
A[19, 23]:3e4cccce,B[19, 22]:3da3d70a,C[19, 22]:4122147b
A[19, 24]:3f555556,B[19, 22]:3d23d70a,C[19, 22]:4122e148
A[19, 25]:3eeeeef0,B[19, 22]:0,C[19, 22]:4122e148
A[19, 26]:3dccccce,B[19, 22]:3f75c28f,C[19, 22]:41252f1b
A[19, 27]:3f3bbbbc,B[19, 22]:3f6b851e,C[19, 22]:41356042
A[19, 28]:3ebbbbbc,B[19, 22]:3f6147ae,C[19, 22]:413d1eb9
A[19, 29]:0,B[19, 22]:3f570a3d,C[19, 22]:413d1eb9
A[19, 0]:3f222223,B[19, 23]:0,C[19, 23]:3f8a3d71
A[19, 1]:3e888889,B[19, 23]:0,C[19, 23]:3f8a3d71
A[19, 2]:3f666667,B[19, 23]:0,C[19, 23]:3f8a3d71
A[19, 3]:3f088889,B[19, 23]:0,C[19, 23]:3f8a3d71
A[19, 4]:3e2aaaab,B[19, 23]:0,C[19, 23]:3f8a3d71
A[19, 5]:3f4cccce,B[19, 23]:0,C[19, 23]:3f8a3d71
A[19, 6]:3edddddf,B[19, 23]:0,C[19, 23]:3f8a3d71
A[19, 7]:3d888889,B[19, 23]:0,C[19, 23]:3f8a3d71
A[19, 8]:3f333334,B[19, 23]:0,C[19, 23]:3f8a3d71
A[19, 9]:3eaaaaab,B[19, 23]:0,C[19, 23]:3f8a3d71
A[19, 10]:3f777778,B[19, 23]:0,C[19, 23]:3f8a3d71
A[19, 11]:3f19999a,B[19, 23]:0,C[19, 23]:3f8a3d71
A[19, 12]:3e6eeef0,B[19, 23]:0,C[19, 23]:3f8a3d71
A[19, 13]:3f5ddddf,B[19, 23]:0,C[19, 23]:3f8a3d71
A[19, 14]:3f000000,B[19, 23]:0,C[19, 23]:3f8a3d71
A[19, 15]:3e088889,B[19, 23]:0,C[19, 23]:3f8a3d71
A[19, 16]:3f444445,B[19, 23]:0,C[19, 23]:3f8a3d71
A[19, 17]:3eccccce,B[19, 23]:0,C[19, 23]:3f8a3d71
A[19, 18]:3d088889,B[19, 23]:0,C[19, 23]:3f8a3d71
A[19, 19]:3f2aaaab,B[19, 23]:0,C[19, 23]:3f8a3d71
A[19, 20]:3e99999a,B[19, 23]:0,C[19, 23]:3f8a3d71
A[19, 21]:3f6eeef0,B[19, 23]:0,C[19, 23]:3f8a3d71
A[19, 22]:3f111112,B[19, 23]:0,C[19, 23]:3f8a3d71
A[19, 23]:3e4cccce,B[19, 23]:0,C[19, 23]:3f8a3d71
A[19, 24]:3f555556,B[19, 23]:0,C[19, 23]:3f8a3d71
A[19, 25]:3eeeeef0,B[19, 23]:0,C[19, 23]:3f8a3d71
A[19, 26]:3dccccce,B[19, 23]:0,C[19, 23]:3f8a3d71
A[19, 27]:3f3bbbbc,B[19, 23]:0,C[19, 23]:3f8a3d71
A[19, 28]:3ebbbbbc,B[19, 23]:0,C[19, 23]:3f8a3d71
A[19, 29]:0,B[19, 23]:0,C[19, 23]:3f8a3d71
A[19, 0]:3f222223,B[19, 24]:0,C[19, 24]:3f828f5d
A[19, 1]:3e888889,B[19, 24]:3d23d70a,C[19, 24]:3f849ba7
A[19, 2]:3f666667,B[19, 24]:3da3d70a,C[19, 24]:3f926e99
A[19, 3]:3f088889,B[19, 24]:3df5c28f,C[19, 24]:3f9eb853
A[19, 4]:3e2aaaab,B[19, 24]:3e23d70a,C[19, 24]:3fa3d70b
A[19, 5]:3f4cccce,B[19, 24]:3e4ccccc,C[19, 24]:3fc28f5d
A[19, 6]:3edddddf,B[19, 24]:3e75c28f,C[19, 24]:3fd6872c
A[19, 7]:3d888889,B[19, 24]:3e8f5c29,C[19, 24]:3fda1cad
A[19, 8]:3f333334,B[19, 24]:3ea3d70a,C[19, 24]:40028f5d
A[19, 9]:3eaaaaab,B[19, 24]:3eb851eb,C[19, 24]:400e147c
A[19, 10]:3f777778,B[19, 24]:3ecccccc,C[19, 24]:40333334
A[19, 11]:3f19999a,B[19, 24]:3ee147ae,C[19, 24]:404c8b44
A[19, 12]:3e6eeef0,B[19, 24]:3ef5c28f,C[19, 24]:40574bc7
A[19, 13]:3f5ddddf,B[19, 24]:3f051eb8,C[19, 24]:408147ae
A[19, 14]:3f000000,B[19, 24]:3f0f5c29,C[19, 24]:408eb852
A[19, 15]:3e088889,B[19, 24]:3f199999,C[19, 24]:40928f5c
A[19, 16]:3f444445,B[19, 24]:3f23d70a,C[19, 24]:40aa1cac
A[19, 17]:3eccccce,B[19, 24]:3f2e147b,C[19, 24]:40b72b02
A[19, 18]:3d088889,B[19, 24]:3f3851eb,C[19, 24]:40b851eb
A[19, 19]:3f2aaaab,B[19, 24]:3f428f5c,C[19, 24]:40d0a3d6
A[19, 20]:3e99999a,B[19, 24]:3f4ccccc,C[19, 24]:40dc28f5
A[19, 21]:3f6eeef0,B[19, 24]:3f570a3d,C[19, 24]:4100e560
A[19, 22]:3f111112,B[19, 24]:3f6147ae,C[19, 24]:410cdd2f
A[19, 23]:3e4cccce,B[19, 24]:3f6b851e,C[19, 24]:411147ae
A[19, 24]:3f555556,B[19, 24]:3f75c28f,C[19, 24]:41247ae1
A[19, 25]:3eeeeef0,B[19, 24]:0,C[19, 24]:41247ae1
A[19, 26]:3dccccce,B[19, 24]:3d23d70a,C[19, 24]:41249374
A[19, 27]:3f3bbbbc,B[19, 24]:3da3d70a,C[19, 24]:4125fbe7
A[19, 28]:3ebbbbbc,B[19, 24]:3df5c28f,C[19, 24]:41270a3d
A[19, 29]:0,B[19, 24]:3e23d70a,C[19, 24]:41270a3d

done computing: 19, print C
C[19, 0]:41199999,C[19, 1]:411dc28f,C[19, 2]:4129eb87,C[19, 3]:4112e147,C[19, 4]:4128a3d7,C[19, 5]:41419999,C[19, 6]:412dc290,C[19, 7]:4145eb85,C[19, 8]:4112e147,C[19, 9]:412ca3d8,C[19, 10]:41359998,C[19, 11]:412028f5,C[19, 12]:41291eb8,C[19, 13]:410e147b,C[19, 14]:410fd709,C[19, 15]:41280001,C[19, 16]:411428f6,C[19, 17]:412d1eba,C[19, 18]:410e147a,C[19, 19]:412bd70b,C[19, 20]:4124cccc,C[19, 21]:4128f5c3,C[19, 22]:413d1eb9,C[19, 23]:3f8a3d71,C[19, 24]:41270a3d,[0, 0]3d75c290
[0, 1]3d75c290
[0, 2]3d75c290
[0, 3]3d75c290
[0, 4]3d75c290
[0, 5]3d75c290
[0, 6]3d75c290
[0, 7]3d75c290
[0, 8]3d75c290
[0, 9]3d75c290
[0, 10]3d75c290
[0, 11]3d75c290
[0, 12]3d75c290
[0, 13]3d75c290
[0, 14]3d75c290
[0, 15]3d75c290
[0, 16]3d75c290
[0, 17]3d75c290
[0, 18]3d75c290
[0, 19]3d75c290
[0, 20]3d75c290
[0, 21]3d75c290
[0, 22]3d75c290
[0, 23]3d75c290
[0, 24]3d75c290
[1, 0]411d70a4
[1, 1]411bd70b
[1, 2]411d70a4
[1, 3]410f0a3d
[1, 4]4123d70b
[1, 5]412d70a5
[1, 6]412bd70b
[1, 7]41263d71
[1, 8]4113d70a
[1, 9]412ca3d7
[1, 10]41263d70
[1, 11]41363d72
[1, 12]412fd70b
[1, 13]411d70a3
[1, 14]41363d71
[1, 15]4130a3d7
[1, 16]412f0a3e
[1, 17]4138a3d8
[1, 18]41223d71
[1, 19]412bd70a
[1, 20]412d70a5
[1, 21]412bd70a
[1, 22]411d70a4
[1, 23]3e75c290
[1, 24]4130a3d7
[2, 0]41251eb9
[2, 1]4113851e
[2, 2]412051ec
[2, 3]410d1eb7
[2, 4]412851ec
[2, 5]412d1eb8
[2, 6]4133851e
[2, 7]4131eb85
[2, 8]4116b852
[2, 9]4139eb84
[2, 10]4123851f
[2, 11]411d1eb8
[2, 12]4119eb86
[2, 13]4116b852
[2, 14]4121eb86
[2, 15]412051ed
[2, 16]4126b853
[2, 17]412b851e
[2, 18]412051eb
[2, 19]4133851f
[2, 20]412d1eb9
[2, 21]411b851f
[2, 22]413851ec
[2, 23]3ed70a3e
[2, 24]4111eb86
[3, 0]40f9999a
[3, 1]41233334
[3, 2]41233334
[3, 3]410b3333
[3, 4]412ccccd
[3, 5]412ccccd
[3, 6]413b3334
[3, 7]41126667
[3, 8]41066666
[3, 9]411c0000
[3, 10]41340001
[3, 11]41173334
[3, 12]412f3334
[3, 13]41100000
[3, 14]4125999a
[3, 15]41100000
[3, 16]411e6666
[3, 17]411e6668
[3, 18]411e6666
[3, 19]41280000
[3, 20]4114ccce
[3, 21]413b3334
[3, 22]413b3335
[3, 23]3f19999a
[3, 24]410b3332
[4, 0]4112e148
[4, 1]410c7ae3
[4, 2]412ae148
[4, 3]410947ae
[4, 4]412c7ae0
[4, 5]4127ae14
[4, 6]413947ad
[4, 7]4122e147
[4, 8]410947ad
[4, 9]413c7ae3
[4, 10]4127ae14
[4, 11]411fae14
[4, 12]411e147a
[4, 13]411c7ae2
[4, 14]4137ae14
[4, 15]410e147b
[4, 16]411fae15
[4, 17]412e147a
[4, 18]411c7ae0
[4, 19]412fae15
[4, 20]413ae148
[4, 21]41347ae1
[4, 22]4142e149
[4, 23]3f47ae16
[4, 24]4117ae15
[5, 0]40f1eb83
[5, 1]410dc28f
[5, 2]41028f5c
[5, 3]41075c29
[5, 4]4118f5c1
[5, 5]411dc290
[5, 6]411a8f5c
[5, 7]411b5c29
[5, 8]40f1eb86
[5, 9]4119c28f
[5, 10]412e8f5c
[5, 11]410b5c2a
[5, 12]410cf5c3
[5, 13]40fb851c
[5, 14]411e8f5b
[5, 15]411f5c28
[5, 16]4108f5c2
[5, 17]410dc290
[5, 18]41028f5c
[5, 19]41375c2a
[5, 20]4118f5c1
[5, 21]412dc28f
[5, 22]41328f5c
[5, 23]3f75c290
[5, 24]40f1eb85
[6, 0]40f7ae15
[6, 1]410a3d70
[6, 2]4113d70b
[6, 3]410570a3
[6, 4]410f0a3d
[6, 5]4118a3d6
[6, 6]41270a3f
[6, 7]410a3d70
[6, 8]40f7ae10
[6, 9]4118a3d6
[6, 10]410f0a3d
[6, 11]410f0a3d
[6, 12]4118a3d8
[6, 13]41223d70
[6, 14]4113d70a
[6, 15]410a3d72
[6, 16]4118a3d8
[6, 17]410f0a40
[6, 18]4118a3d6
[6, 19]411d70a3
[6, 20]4113d709
[6, 21]41223d6f
[6, 22]412bd70a
[6, 23]3f91eb85
[6, 24]40f7ae15
[7, 0]411b851f
[7, 1]4131eb86
[7, 2]412eb852
[7, 3]410851eb
[7, 4]41438520
[7, 5]414851eb
[7, 6]41338520
[7, 7]412deb84
[7, 8]4116b852
[7, 9]412ab852
[7, 10]4137851c
[7, 11]41391eb8
[7, 12]4132b852
[7, 13]411b851e
[7, 14]4142b852
[7, 15]4129eb84
[7, 16]412851ed
[7, 17]4119eb86
[7, 18]4116b851
[7, 19]4141eb86
[7, 20]412b851d
[7, 21]4141eb86
[7, 22]4146b852
[7, 23]3df5c290
[7, 24]41251eb8
[8, 0]4113d70b
[8, 1]41128f5c
[8, 2]412ae148
[8, 3]40effffe
[8, 4]4119eb86
[8, 5]412f0a3d
[8, 6]412dc290
[8, 7]41247ae1
[8, 8]41019999
[8, 9]412b8520
[8, 10]4120a3d9
[8, 11]411c28f6
[8, 12]41247ae1
[8, 13]41019999
[8, 14]412b851e
[8, 15]410f0a3d
[8, 16]410dc28f
[8, 17]4136147b
[8, 18]410b3331
[8, 19]41251eb9
[8, 20]412a3d70
[8, 21]4128f5c4
[8, 22]413947b0
[8, 23]3e99999a
[8, 24]4116b852
[9, 0]410f0a3d
[9, 1]411b851e
[9, 2]412ccccf
[9, 3]40f5c28f
[9, 4]4128f5c2
[9, 5]410f0a3d
[9, 6]41338520
[9, 7]4120cccc
[9, 8]410e147b
[9, 9]411cf5c4
[9, 10]412e3d71
[9, 11]4105eb85
[9, 12]41173333
[9, 13]41047ae1
[9, 14]41135c28
[9, 15]4113d70a
[9, 16]41251eb8
[9, 17]411e6668
[9, 18]41047ae1
[9, 19]411a8f5c
[9, 20]4118a3d7
[9, 21]41251eb9
[9, 22]41366666
[9, 23]3ef5c290
[9, 24]4115c290
[10, 0]40c1eb84
[10, 1]40e51eb9
[10, 2]40c1eb84
[10, 3]40d51eb8
[10, 4]40e1eb84
[10, 5]40f51eb9
[10, 6]40c1eb86
[10, 7]40f51eb9
[10, 8]40c1eb83
[10, 9]40e51eb9
[10, 10]40e1eb84
[10, 11]40e51eb8
[10, 12]40e1eb84
[10, 13]40d51eb8
[10, 14]40d1eb83
[10, 15]41028f5c
[10, 16]40d1eb83
[10, 17]40e51eb7
[10, 18]40c1eb85
[10, 19]41028f5c
[10, 20]40e1eb84
[10, 21]41028f5c
[10, 22]40f1eb84
[10, 23]3f28f5c3
[10, 24]40c1eb85
[11, 0]4113d709
[11, 1]411f0a3d
[11, 2]41223d71
[11, 3]4118a3d6
[11, 4]412f0a3e
[11, 5]412570a4
[11, 6]413570a3
[11, 7]4114a3d8
[11, 8]4113d708
[11, 9]41263d72
[11, 10]412ca3d9
[11, 11]41263d70
[11, 12]412ca3d8
[11, 13]4113d70a
[11, 14]415170a5
[11, 15]411d70a4
[11, 16]4140a3d8
[11, 17]4123d70c
[11, 18]41223d70
[11, 19]4130a3d8
[11, 20]4133d708
[11, 21]413f0a3f
[11, 22]413a3d72
[11, 23]3f570a3e
[11, 24]4113d70b
[12, 0]40ea3d71
[12, 1]410d1eb9
[12, 2]410851eb
[12, 3]40cd70a2
[12, 4]410851ec
[12, 5]4103851f
[12, 6]411b851f
[12, 7]410851ea
[12, 8]40cd70a2
[12, 9]410851eb
[12, 10]41038520
[12, 11]4116b851
[12, 12]4111eb86
[12, 13]412051eb
[12, 14]4111eb85
[12, 15]40fd70a4
[12, 16]4116b852
[12, 17]4111eb84
[12, 18]412051eb
[12, 19]4111eb86
[12, 20]410d1eb9
[12, 21]41251eb8
[12, 22]412051ec
[12, 23]3f828f5d
[12, 24]40f3d709
[13, 0]412051eb
[13, 1]412e147d
[13, 2]41223d71
[13, 3]41066666
[13, 4]412f5c29
[13, 5]412b851f
[13, 6]413947af
[13, 7]412fd70b
[13, 8]410fffff
[13, 9]4124f5c2
[13, 10]41291eb8
[13, 11]41307ae1
[13, 12]4147d70a
[13, 13]41100000
[13, 14]4129c290
[13, 15]4133851e
[13, 16]412e147b
[13, 17]412a3d71
[13, 18]41199999
[13, 19]41375c2a
[13, 20]412b851f
[13, 21]413947ad
[13, 22]413570a5
[13, 23]0
[13, 24]4128f5c2
[14, 0]410e147a
[14, 1]4122e148
[14, 2]412147af
[14, 3]40ff5c28
[14, 4]412e147b
[14, 5]41247ae0
[14, 6]4126147b
[14, 7]4132e148
[14, 8]410947ad
[14, 9]412c7ae2
[14, 10]411ae147
[14, 11]4136147b
[14, 12]41247ae1
[14, 13]4112e148
[14, 14]413147ad
[14, 15]412ae148
[14, 16]412c7ae1
[14, 17]4136147b
[14, 18]411c7ae1
[14, 19]412fae14
[14, 20]412e147b
[14, 21]4142e147
[14, 22]413947af
[14, 23]3e3851ec
[14, 24]412147af
[15, 0]40a51eb8
[15, 1]40cb851f
[15, 2]40cb851e
[15, 3]409b851e
[15, 4]40cb851e
[15, 5]40c1eb85
[15, 6]40c1eb85
[15, 7]40a9eb85
[15, 8]4091eb85
[15, 9]40d051ea
[15, 10]410028f6
[15, 11]4060a3d6
[15, 12]40a051ec
[15, 13]40aeb851
[15, 14]40c6b852
[15, 15]40aeb851
[15, 16]40aeb852
[15, 17]40a51eb8
[15, 18]40a51eb8
[15, 19]40a51eb7
[15, 20]40a51eb8
[15, 21]40cb851f
[15, 22]40cb851f
[15, 23]3eb851ec
[15, 24]409b851f
[16, 0]411c7ae1
[16, 1]411ccccd
[16, 2]41251eb9
[16, 3]410570a3
[16, 4]4120f5c3
[16, 5]411947af
[16, 6]4131999a
[16, 7]4126b852
[16, 8]410f0a3d
[16, 9]41228f5d
[16, 10]4122e146
[16, 11]411ccccd
[16, 12]411d1eb9
[16, 13]410570a4
[16, 14]4118f5c3
[16, 15]410e147a
[16, 16]41266667
[16, 17]411eb853
[16, 18]410f0a3d
[16, 19]411a8f5c
[16, 20]4122e147
[16, 21]41233333
[16, 22]4133851f
[16, 23]3f0a3d71
[16, 24]410c28f5
[17, 0]410d1eb8
[17, 1]4121eb86
[17, 2]4129eb87
[17, 3]4111eb85
[17, 4]412851ec
[17, 5]412851ec
[17, 6]4129eb85
[17, 7]4117851f
[17, 8]4116b853
[17, 9]41411eb9
[17, 10]41391eba
[17, 11]4115eb85
[17, 12]410deb86
[17, 13]4111eb86
[17, 14]4137851e
[17, 15]41251eb9
[17, 16]4126b852
[17, 17]4126b853
[17, 18]4116b851
[17, 19]41251eba
[17, 20]412d1eb8
[17, 21]4141eb86
[17, 22]4141eb84
[17, 23]3f3851ec
[17, 24]4111eb85
[18, 0]40f3d70c
[18, 1]410947ae
[18, 2]410f0a3e
[18, 3]40c99999
[18, 4]410c28f5
[18, 5]4111eb85
[18, 6]410e147b
[18, 7]410a3d72
[18, 8]40effffe
[18, 9]41075c2a
[18, 10]410d1eb9
[18, 11]410947af
[18, 12]410f0a3e
[18, 13]40c99998
[18, 14]410c28f6
[18, 15]410851ec
[18, 16]41047ae2
[18, 17]410a3d71
[18, 18]40effffc
[18, 19]41075c29
[18, 20]410d1eb8
[18, 21]411c7ae2
[18, 22]41223d71
[18, 23]3f666667
[18, 24]40fb8520
[19, 0]41199999
[19, 1]411dc28f
[19, 2]4129eb87
[19, 3]4112e147
[19, 4]4128a3d7
[19, 5]41419999
[19, 6]412dc290
[19, 7]4145eb85
[19, 8]4112e147
[19, 9]412ca3d8
[19, 10]41359998
[19, 11]412028f5
[19, 12]41291eb8
[19, 13]410e147b
[19, 14]410fd709
[19, 15]41280001
[19, 16]411428f6
[19, 17]412d1eba
[19, 18]410e147a
[19, 19]412bd70b
[19, 20]4124cccc
[19, 21]4128f5c3
[19, 22]413d1eb9
[19, 23]3f8a3d71
[19, 24]41270a3d
